UF;COD. UF;COD. MUNIC;NOME DO MUNICÍPIO;pop_2010;pop_2022;crescimento;crescimento_pct
AM;13;02603;Manaus;1802014.0;2063689.0;261675.0;14.52
DF;53;00108;Brasília;2572159.0;2817381.0;245222.0;9.53
SP;35;50308;São Paulo;11253503.0;11451999.0;198496.0;1.76
SP;35;52205;Sorocaba;586816.0;723682.0;136866.0;23.32
GO;52;08707;Goiânia;1301912.0;1437366.0;135454.0;10.4
RR;14;00100;Boa Vista;284313.0;413486.0;129173.0;45.43
SC;42;05407;Florianópolis;421240.0;537211.0;115971.0;27.53
PA;15;05536;Parauapebas;153908.0;267836.0;113928.0;74.02
MS;50;02704;Campo Grande;786774.0;898100.0;111326.0;14.15
PB;25;07507;João Pessoa;723515.0;833932.0;110417.0;15.26
MG;31;70206;Uberlândia;604013.0;713224.0;109211.0;18.08
ES;32;05002;Serra;417330.0;520653.0;103323.0;24.76
SC;42;09102;Joinville;515288.0;616317.0;101029.0;19.61
MT;51;03403;Cuiabá;553202.0;650877.0;97675.0;17.66
SP;35;43402;Ribeirão Preto;604682.0;698642.0;93960.0;15.54
PE;26;11101;Petrolina;293962.0;386791.0;92829.0;31.58
SP;35;41000;Praia Grande;262051.0;349935.0;87884.0;33.54
SC;42;11900;Palhoça;137334.0;222598.0;85264.0;62.09
MT;51;07909;Sinop;113099.0;196312.0;83213.0;73.58
MA;21;11201;São José de Ribamar;161937.0;244579.0;82642.0;51.03
SC;42;08203;Itajaí;183373.0;264054.0;80681.0;44.0
SP;35;05708;Barueri;240749.0;316473.0;75724.0;31.45
TO;17;21000;Palmas;228332.0;302692.0;74360.0;32.57
SP;35;13009;Cotia;201150.0;274413.0;73263.0;36.42
SP;35;25904;Jundiaí;370126.0;443221.0;73095.0;19.75
SP;35;47809;Santo André;676407.0;748919.0;72512.0;10.72
SP;35;49805;São José do Rio Preto;408258.0;480393.0;72135.0;17.67
GO;52;01405;Aparecida de Goiânia;455735.0;527796.0;72061.0;15.81
SC;42;04202;Chapecó;183548.0;254785.0;71237.0;38.81
GO;52;20454;Senador Canedo;84433.0;155635.0;71202.0;84.33
RJ;33;02700;Maricá;127397.0;197277.0;69880.0;54.85
SP;35;18800;Guarulhos;1221979.0;1291771.0;69792.0;5.71
GO;52;21858;Valparaíso de Goiás;131105.0;198861.0;67756.0;51.68
PR;41;07652;Fazenda Rio Grande;81675.0;148873.0;67198.0;82.27
SP;35;49904;São José dos Campos;629921.0;697054.0;67133.0;10.66
GO;52;00258;Águas Lindas de Goiás;159386.0;225693.0;66307.0;41.6
PR;41;25506;São José dos Pinhais;264210.0;329628.0;65418.0;24.76
BA;29;33307;Vitória da Conquista;306014.0;370879.0;64865.0;21.2
GO;52;01108;Anápolis;334623.0;398869.0;64246.0;19.2
SP;35;30607;Mogi das Cruzes;387779.0;451505.0;63726.0;16.43
PE;26;04106;Caruaru;314912.0;378048.0;63136.0;20.05
SP;35;34401;Osasco;666740.0;728615.0;61875.0;9.28
PR;41;04808;Cascavel;286177.0;348051.0;61874.0;21.62
SC;42;16602;São José;209804.0;270299.0;60495.0;28.83
BA;29;10800;Feira de Santana;556588.0;616272.0;59684.0;10.72
SP;35;38709;Piracicaba;364571.0;423323.0;58752.0;16.12
BA;29;05701;Camaçari;242970.0;300372.0;57402.0;23.63
SP;35;09502;Campinas;1081862.0;1139047.0;57185.0;5.29
PR;41;15200;Maringá;355432.0;409657.0;54225.0;15.26
SP;35;20509;Indaiatuba;201619.0;255748.0;54129.0;26.85
ES;32;05200;Vila Velha;414586.0;467722.0;53136.0;12.82
SC;42;02404;Blumenau;308943.0;361261.0;52318.0;16.93
PA;15;06807;Santarém;279805.0;331942.0;52137.0;18.63
MG;31;43302;Montes Claros;362148.0;414240.0;52092.0;14.38
PI;22;11001;Teresina;814230.0;866300.0;52070.0;6.39
RJ;33;04524;Rio das Ostras;105680.0;156491.0;50811.0;48.08
PA;15;02152;Canaã dos Carajás;26716.0;77079.0;50363.0;188.51
RN;24;03251;Parnamirim;202456.0;252716.0;50260.0;24.83
PR;41;13700;Londrina;506447.0;555965.0;49518.0;9.78
MT;51;07602;Rondonópolis;195586.0;244911.0;49325.0;25.22
GO;52;18805;Rio Verde;176424.0;225696.0;49272.0;27.93
MS;50;03702;Dourados;195495.0;243367.0;47872.0;24.49
BA;29;19553;Luís Eduardo Magalhães;60105.0;107909.0;47804.0;79.53
MT;51;08402;Várzea Grande;252361.0;300078.0;47717.0;18.91
SP;35;23107;Itaquaquecetuba;321770.0;369275.0;47505.0;14.76
PR;41;19905;Ponta Grossa;311601.0;358371.0;46770.0;15.01
SP;35;47304;Santana de Parnaíba;108813.0;154105.0;45292.0;41.62
SP;35;48708;São Bernardo do Campo;765463.0;810729.0;45266.0;5.91
SP;35;52502;Suzano;262480.0;307429.0;44949.0;17.12
AP;16;00303;Macapá;398204.0;442933.0;44729.0;11.23
MT;51;07925;Sorriso;66354.0;110635.0;44281.0;66.73
SP;35;19071;Hortolândia;192692.0;236641.0;43949.0;22.81
MG;31;70107;Uberaba;295988.0;337836.0;41848.0;14.14
BA;29;25303;Porto Seguro;126581.0;168326.0;41745.0;32.98
PE;26;10707;Paulista;300466.0;342167.0;41701.0;13.88
SC;42;03204;Camboriú;62361.0;103074.0;40713.0;65.29
SP;35;52403;Sumaré;239562.0;279545.0;39983.0;16.69
MA;21;07506;Paço do Lumiar;105695.0;145643.0;39948.0;37.8
BA;29;19207;Lauro de Freitas;163449.0;203331.0;39882.0;24.4
RJ;33;02403;Macaé;206753.0;246391.0;39638.0;19.17
BA;29;18407;Juazeiro;198241.0;237821.0;39580.0;19.97
SC;42;08906;Jaraguá do Sul;143132.0;182660.0;39528.0;27.62
MT;51;05259;Lucas do Rio Verde;45571.0;83798.0;38227.0;83.88
GO;52;21403;Trindade;104496.0;142431.0;37935.0;36.3
GO;52;08806;Goianira;34058.0;71916.0;37858.0;111.16
RN;24;03608;Extremoz;24569.0;61635.0;37066.0;150.86
CE;23;03709;Caucaia;319637.0;355679.0;36042.0;11.28
CE;23;07304;Juazeiro do Norte;250095.0;286120.0;36025.0;14.4
RJ;33;00704;Cabo Frio;186264.0;222161.0;35897.0;19.27
SC;42;02909;Brusque;105503.0;141385.0;35882.0;34.01
GO;52;05497;Cidade Ocidental;55915.0;91767.0;35852.0;64.12
SP;35;06003;Bauru;343937.0;379146.0;35209.0;10.24
PB;25;04009;Campina Grande;384737.0;419379.0;34642.0;9.0
GO;52;12501;Luziânia;174530.0;209129.0;34599.0;19.82
SP;35;10500;Caraguatatuba;100840.0;134873.0;34033.0;33.75
PR;41;26256;Sarandi;84492.0;118455.0;33963.0;40.2
SP;35;16200;Franca;318640.0;352536.0;33896.0;10.64
SP;35;03208;Araraquara;208662.0;242228.0;33566.0;16.09
MT;51;07040;Primavera do Leste;52051.0;85146.0;33095.0;63.58
MG;31;54606;Ribeirão das Neves;296736.0;329794.0;33058.0;11.14
SP;35;48906;São Carlos;221950.0;254857.0;32907.0;14.83
PA;15;04208;Marabá;233669.0;266533.0;32864.0;14.06
MG;31;06705;Betim;379138.0;411846.0;32708.0;8.63
PR;41;01804;Araucária;119123.0;151666.0;32543.0;27.32
SP;35;54102;Taubaté;278686.0;310739.0;32053.0;11.5
SP;35;04107;Atibaia;126603.0;158647.0;32044.0;25.31
RO;11;00205;Porto Velho;428527.0;460434.0;31907.0;7.45
MG;31;45208;Nova Serrana;73699.0;105552.0;31853.0;43.22
SE;28;00308;Aracaju;571149.0;602757.0;31608.0;5.53
SP;35;22505;Itapevi;200769.0;232297.0;31528.0;15.7
SE;28;04805;Nossa Senhora do Socorro;160827.0;192330.0;31503.0;19.59
PR;41;27700;Toledo;119313.0;150470.0;31157.0;26.11
SC;42;02008;Balneário Camboriú;108089.0;139155.0;31066.0;28.74
MG;31;44805;Nova Lima;80998.0;111697.0;30699.0;37.9
CE;23;06256;Itaitinga;34102.0;64650.0;30548.0;89.58
MS;50;08305;Três Lagoas;101786.0;132152.0;30366.0;29.83
SC;42;08302;Itapema;45797.0;75940.0;30143.0;65.82
SP;35;07605;Bragança Paulista;146744.0;176811.0;30067.0;20.49
PR;41;08304;Foz do Iguaçu;256088.0;285415.0;29327.0;11.45
SP;35;24402;Jacareí;211214.0;240275.0;29061.0;13.76
SP;35;52809;Taboão da Serra;244528.0;273542.0;29014.0;11.87
SP;35;45209;Salto;105516.0;134319.0;28803.0;27.3
AC;12;00401;Rio Branco;336038.0;364756.0;28718.0;8.55
SP;35;09205;Cajamar;64114.0;92689.0;28575.0;44.57
SP;35;36505;Paulínia;82146.0;110537.0;28391.0;34.56
CE;23;04285;Eusébio;46033.0;74170.0;28137.0;61.12
GO;52;04508;Caldas Novas;70487.0;98622.0;28135.0;39.92
RS;43;05108;Caxias do Sul;435551.0;463501.0;27950.0;6.42
RN;24;12005;São Gonçalo do Amarante;87962.0;115838.0;27876.0;31.69
GO;52;05109;Catalão;86644.0;114427.0;27783.0;32.07
PA;15;00602;Altamira;99075.0;126279.0;27204.0;27.46
PA;15;01303;Barcarena;99859.0;126650.0;26791.0;26.83
SP;35;01608;Americana;210638.0;237240.0;26602.0;12.63
MG;31;24104;Esmeraldas;59696.0;85598.0;25902.0;43.39
SC;42;11306;Navegantes;60556.0;86401.0;25845.0;42.68
PA;15;03606;Itaituba;97493.0;123314.0;25821.0;26.48
PR;41;19509;Piraquara;92962.0;118730.0;25768.0;27.72
SP;35;24006;Itupeva;44859.0;70616.0;25757.0;57.42
ES;32;03205;Linhares;141141.0;166786.0;25645.0;18.17
MA;21;05302;Imperatriz;247505.0;273110.0;25605.0;10.35
SP;35;22109;Itanhaém;87057.0;112476.0;25419.0;29.2
CE;23;07650;Maracanaú;209098.0;234509.0;25411.0;12.15
AL;27;04302;Maceió;932642.0;957916.0;25274.0;2.71
MG;31;25101;Extrema;28599.0;53482.0;24883.0;87.01
MG;31;71204;Vespasiano;104516.0;129246.0;24730.0;23.66
MG;31;36702;Juiz de Fora;516247.0;540756.0;24509.0;4.75
MT;51;06224;Nova Mutum;31649.0;55839.0;24190.0;76.43
PR;41;04204;Campo Largo;112213.0;136327.0;24114.0;21.49
RS;43;04606;Canoas;323827.0;347657.0;23830.0;7.36
GO;52;17609;Planaltina;81559.0;105031.0;23472.0;28.78
AL;27;07701;Rio Largo;70685.0;93927.0;23242.0;32.88
SC;42;02107;Barra Velha;22386.0;45369.0;22983.0;102.67
MG;31;37601;Lagoa Santa;52520.0;75145.0;22625.0;43.08
MA;21;11300;São Luís;1015329.0;1037775.0;22446.0;2.21
MT;51;07958;Tangará da Serra;84093.0;106434.0;22341.0;26.57
BA;29;03201;Barreiras;137427.0;159734.0;22307.0;16.23
PB;25;13703;Santa Rita;127676.0;149910.0;22234.0;17.41
SC;42;04608;Criciúma;192305.0;214493.0;22188.0;11.54
PR;41;06902;Curitiba;1751907.0;1773718.0;21811.0;1.24
MG;31;52501;Pouso Alegre;130615.0;152217.0;21602.0;16.54
RS;43;04630;Capão da Canoa;42040.0;63594.0;21554.0;51.27
RS;43;11403;Lajeado;72216.0;93646.0;21430.0;29.67
RS;43;14100;Passo Fundo;184826.0;206215.0;21389.0;11.57
AL;27;00300;Arapiraca;213671.0;234696.0;21025.0;9.84
SP;35;29005;Marília;216745.0;237627.0;20882.0;9.63
TO;17;02109;Araguaína;150484.0;171301.0;20817.0;13.83
SC;42;18004;Tijucas;30960.0;51592.0;20632.0;66.64
SC;42;01307;Araquari;24810.0;45283.0;20473.0;82.52
AM;13;01852;Iranduba;40781.0;61163.0;20382.0;49.98
SP;35;23404;Itatiba;101471.0;121590.0;20119.0;19.83
MG;31;48004;Patos de Minas;139206.0;159235.0;20029.0;14.39
RO;11;00304;Vilhena;76202.0;95832.0;19630.0;25.76
SP;35;56206;Valinhos;106793.0;126373.0;19580.0;18.33
CE;23;05233;Horizonte;55187.0;74755.0;19568.0;35.46
CE;23;01901;Barbalha;55523.0;75033.0;19510.0;35.14
RJ;33;01009;Campos dos Goytacazes;464066.0;483540.0;19474.0;4.2
PR;41;18501;Pato Branco;72370.0;91836.0;19466.0;26.9
ES;32;02405;Guarapari;105286.0;124656.0;19370.0;18.4
SP;35;57006;Votorantim;108618.0;127923.0;19305.0;17.77
PR;41;05805;Colombo;212994.0;232212.0;19218.0;9.02
PA;15;02400;Castanhal;173149.0;192256.0;19107.0;11.04
MA;21;12209;Timon;155579.0;174465.0;18886.0;12.14
MG;31;18601;Contagem;602986.0;621863.0;18877.0;3.13
SC;42;02305;Biguaçu;58206.0;76773.0;18567.0;31.9
SP;35;02804;Araçatuba;181579.0;200124.0;18545.0;10.21
RS;43;02105;Bento Gonçalves;104659.0;123151.0;18492.0;17.67
SP;35;38006;Pindamonhangaba;146995.0;165428.0;18433.0;12.54
PE;26;02902;Cabo de Santo Agostinho;185025.0;203440.0;18415.0;9.95
MT;51;02637;Campo Novo do Parecis;27573.0;45899.0;18326.0;66.46
PE;26;07208;Ipojuca;80637.0;98932.0;18295.0;22.69
MA;21;01400;Balsas;83528.0;101767.0;18239.0;21.84
MG;31;22306;Divinópolis;213016.0;231091.0;18075.0;8.49
SP;35;41406;Presidente Prudente;207610.0;225668.0;18058.0;8.7
MG;31;04007;Araxá;93672.0;111691.0;18019.0;19.24
RS;43;03103;Cachoeirinha;118278.0;136258.0;17980.0;15.2
SP;35;07506;Botucatu;127328.0;145155.0;17827.0;14.0
GO;52;11909;Jataí;88006.0;105729.0;17723.0;20.14
PR;41;08403;Francisco Beltrão;78943.0;96666.0;17723.0;22.45
MG;31;58953;Santana do Paraíso;27265.0;44800.0;17535.0;64.31
RJ;33;00209;Araruama;112228.0;129671.0;17443.0;15.54
SP;35;10609;Carapicuíba;369584.0;386984.0;17400.0;4.71
GO;52;13103;Mineiros;52935.0;70081.0;17146.0;32.39
PA;15;00107;Abaetetuba;141100.0;158188.0;17088.0;12.11
SP;35;51702;Sertãozinho;110074.0;126887.0;16813.0;15.27
AM;13;01902;Itacoatiara;86839.0;103598.0;16759.0;19.3
PA;15;00404;Alenquer;52626.0;69377.0;16751.0;31.83
SE;28;06701;São Cristóvão;78864.0;95612.0;16748.0;21.24
AM;13;02504;Manacapuru;85141.0;101883.0;16742.0;19.66
SC;42;07502;Indaial;54854.0;71549.0;16695.0;30.44
SP;35;54003;Tatuí;107326.0;123942.0;16616.0;15.48
PR;41;00400;Almirante Tamandaré;103217.0;119825.0;16608.0;16.09
SP;35;06359;Bertioga;47645.0;64188.0;16543.0;34.72
SE;28;00605;Barra dos Coqueiros;24976.0;41511.0;16535.0;66.2
MG;31;57807;Santa Luzia;202601.0;219132.0;16531.0;8.16
SE;28;02908;Itabaiana;86967.0;103440.0;16473.0;18.94
PI;22;07702;Parnaíba;145705.0;162159.0;16454.0;11.29
PR;41;28104;Umuarama;100670.0;117095.0;16425.0;16.32
SP;35;30706;Mogi Guaçu;137245.0;153658.0;16413.0;11.96
SP;35;48807;São Caetano do Sul;149263.0;165655.0;16392.0;10.98
RJ;33;05208;São Pedro da Aldeia;87820.0;104029.0;16209.0;18.46
SC;42;08450;Itapoá;14763.0;30750.0;15987.0;108.29
SP;35;26902;Limeira;276022.0;291869.0;15847.0;5.74
GO;52;08004;Formosa;100085.0;115901.0;15816.0;15.8
GO;52;06206;Cristalina;46572.0;62337.0;15765.0;33.85
SP;35;31803;Monte Mor;48949.0;64662.0;15713.0;32.1
SP;35;31100;Mongaguá;46293.0;61951.0;15658.0;33.82
TO;17;18204;Porto Nacional;49146.0;64418.0;15272.0;31.07
RJ;33;05505;Saquarema;74293.0;89559.0;15266.0;20.55
SP;35;43907;Rio Claro;186253.0;201418.0;15165.0;8.14
MG;31;18304;Conselheiro Lafaiete;116512.0;131621.0;15109.0;12.97
GO;52;11503;Itumbiara;92876.0;107970.0;15094.0;16.25
CE;23;06405;Itapipoca;116076.0;131123.0;15047.0;12.96
SP;35;24709;Jaguariúna;44311.0;59347.0;15036.0;33.93
PR;41;01507;Arapongas;104150.0;119138.0;14988.0;14.39
RS;43;16808;Santa Cruz do Sul;118374.0;133230.0;14856.0;12.55
SP;35;27306;Louveira;37080.0;51847.0;14767.0;39.82
PA;15;01204;Baião;36882.0;51641.0;14759.0;40.02
PR;41;09401;Guarapuava;167414.0;182093.0;14679.0;8.77
SC;42;05902;Gaspar;57990.0;72570.0;14580.0;25.14
ES;32;04906;São Mateus;109193.0;123752.0;14559.0;13.33
AM;13;04062;Tabatinga;52272.0;66764.0;14492.0;27.72
AL;27;04708;Marechal Deodoro;46018.0;60370.0;14352.0;31.19
CE;23;12908;Sobral;188677.0;203023.0;14346.0;7.6
SP;35;55406;Ubatuba;78801.0;92981.0;14180.0;17.99
GO;52;08608;Goianésia;59549.0;73707.0;14158.0;23.78
MS;50;06606;Ponta Porã;77877.0;92017.0;14140.0;18.16
PA;15;01808;Breves;92860.0;106968.0;14108.0;15.19
SP;35;23909;Itu;154147.0;168240.0;14093.0;9.14
PA;15;04703;Moju;70018.0;84094.0;14076.0;20.1
AM;13;03809;São Gabriel da Cachoeira;37896.0;51795.0;13899.0;36.68
PR;41;22404;Rolândia;57862.0;71670.0;13808.0;23.86
MT;51;07065;Querência;13033.0;26769.0;13736.0;105.39
SP;35;25201;Jarinu;23847.0;37535.0;13688.0;57.4
PA;15;06500;Santa Izabel do Pará;59466.0;73019.0;13553.0;22.79
SP;35;22307;Itapetininga;144377.0;157790.0;13413.0;9.29
MG;31;70701;Varginha;123081.0;136467.0;13386.0;10.88
AC;12;00203;Cruzeiro do Sul;78507.0;91888.0;13381.0;17.04
PA;15;02103;Cametá;120896.0;134184.0;13288.0;10.99
AM;13;01704;Humaitá;44227.0;57473.0;13246.0;29.95
SP;35;16408;Franco da Rocha;131604.0;144849.0;13245.0;10.06
MT;51;02678;Campo Verde;31348.0;44585.0;13237.0;42.23
MG;31;67202;Sete Lagoas;214221.0;227397.0;13176.0;6.15
PE;26;06804;Igarassu;102021.0;115196.0;13175.0;12.91
PE;26;06002;Garanhuns;129408.0;142506.0;13098.0;10.12
RN;24;07104;Macaíba;69173.0;82249.0;13076.0;18.9
SC;42;04301;Concórdia;68625.0;81646.0;13021.0;18.97
PE;26;13909;Serra Talhada;79232.0;92228.0;12996.0;16.4
ES;32;00607;Aracruz;81832.0;94765.0;12933.0;15.8
MG;31;47105;Pará de Minas;84215.0;97139.0;12924.0;15.35
SP;35;28502;Mairiporã;80956.0;93853.0;12897.0;15.93
MT;51;01803;Barra do Garças;56315.0;69210.0;12895.0;22.9
SP;35;56701;Vinhedo;63656.0;76540.0;12884.0;20.24
SC;42;18707;Tubarão;97249.0;110088.0;12839.0;13.2
RS;43;21600;Tramandaí;41585.0;54387.0;12802.0;30.79
SP;35;07001;Boituva;48314.0;61081.0;12767.0;26.43
SP;35;04602;Bady Bassitt;14603.0;27260.0;12657.0;86.67
MG;31;38203;Lavras;92200.0;104761.0;12561.0;13.62
PR;41;15804;Medianeira;41817.0;54369.0;12552.0;30.02
BA;29;10727;Eunápolis;101255.0;113710.0;12455.0;12.3
RJ;33;00233;Armação dos Búzios;27560.0;40006.0;12446.0;45.16
CE;23;13401;Tianguá;69083.0;81506.0;12423.0;17.98
SC;42;07304;Imbituba;40170.0;52579.0;12409.0;30.89
PA;15;08407;Xinguara;40573.0;52893.0;12320.0;30.37
MG;31;29806;Ibirité;158224.0;170537.0;12313.0;7.78
MG;31;39409;Manhuaçu;79574.0;91886.0;12312.0;15.47
PR;41;04303;Campo Mourão;87177.0;99432.0;12255.0;14.06
GO;52;00050;Abadia de Goiás;6891.0;19128.0;12237.0;177.58
AM;13;04203;Tefé;61453.0;73669.0;12216.0;19.88
MG;31;33808;Itaúna;85463.0;97669.0;12206.0;14.28
MS;50;02951;Chapadão do Sul;18815.0;30993.0;12178.0;64.72
SP;35;03307;Araras;118843.0;130866.0;12023.0;10.12
BA;29;28703;Santo Antônio de Jesus;91057.0;103055.0;11998.0;13.18
SP;35;57105;Votuporanga;84692.0;96634.0;11942.0;14.1
PA;15;01501;Benevides;51651.0;63567.0;11916.0;23.07
AL;27;08907;Satuba;12443.0;24278.0;11835.0;95.11
SC;42;05704;Garopaba;18138.0;29959.0;11821.0;65.17
SP;35;03901;Arujá;74905.0;86678.0;11773.0;15.72
PR;41;14104;Mandaguaçu;19781.0;31457.0;11676.0;59.03
MA;21;04800;Grajaú;62234.0;73872.0;11638.0;18.7
SC;42;13500;Porto Belo;16083.0;27688.0;11605.0;72.16
SC;42;06504;Guaramirim;35172.0;46711.0;11539.0;32.81
SP;35;08504;Caçapava;84752.0;96202.0;11450.0;13.51
MG;31;51800;Poços de Caldas;152435.0;163742.0;11307.0;7.42
PA;15;00859;Anapu;20543.0;31850.0;11307.0;55.04
SC;42;14805;Rio do Sul;61297.0;72587.0;11290.0;18.42
PA;15;04901;Muaná;34204.0;45368.0;11164.0;32.64
PA;15;08001;Tomé-Açu;56518.0;67585.0;11067.0;19.58
SC;42;07007;Içara;47982.0;59035.0;11053.0;23.04
MG;31;65537;Sarzedo;25814.0;36844.0;11030.0;42.73
MG;31;30101;Igarapé;34851.0;45847.0;10996.0;31.55
RN;24;02600;Ceará-Mirim;68141.0;79115.0;10974.0;16.1
SP;35;15707;Ferraz de Vasconcelos;168306.0;179198.0;10892.0;6.47
MT;51;07875;Sapezal;18089.0;28944.0;10855.0;60.01
SP;35;33403;Nova Odessa;51242.0;62019.0;10777.0;21.03
SC;42;02453;Bombinhas;14293.0;25058.0;10765.0;75.32
RJ;33;01306;Casimiro de Abreu;35347.0;46110.0;10763.0;30.45
CE;23;12403;São Gonçalo do Amarante;43393.0;54143.0;10750.0;24.77
RS;43;16907;Santa Maria;261032.0;271735.0;10703.0;4.1
PE;26;12505;Santa Cruz do Capibaribe;87582.0;98254.0;10672.0;12.19
SP;35;16309;Francisco Morato;154472.0;165139.0;10667.0;6.91
SC;42;01406;Araranguá;61292.0;71922.0;10630.0;17.34
MT;51;06752;Pontes e Lacerda;41408.0;52018.0;10610.0;25.62
MA;21;01707;Barreirinhas;55029.0;65589.0;10560.0;19.19
SP;35;15004;Embu das Artes;240230.0;250691.0;10461.0;4.35
PR;41;18402;Paranavaí;81590.0;92001.0;10411.0;12.76
SP;35;05500;Barretos;112101.0;122485.0;10384.0;9.26
GO;52;09705;Hidrolândia;17398.0;27742.0;10344.0;59.46
PA;15;05809;Portel;52172.0;62503.0;10331.0;19.8
SP;35;06508;Birigui;108728.0;118979.0;10251.0;9.43
PR;41;03701;Cambé;96987.0;107208.0;10221.0;10.54
SP;35;54805;Tremembé;40984.0;51173.0;10189.0;24.86
SC;42;16206;São Francisco do Sul;42520.0;52674.0;10154.0;23.88
SC;42;12809;Balneário Piçarras;17078.0;27127.0;10049.0;58.84
PA;15;06138;Redenção;75556.0;85597.0;10041.0;13.29
PE;26;06408;Gravatá;76476.0;86516.0;10040.0;13.13
PR;41;17503;Paiçandu;35936.0;45962.0;10026.0;27.9
MG;31;40704;Mateus Leme;27856.0;37841.0;9985.0;35.85
PR;41;09609;Guaratuba;32095.0;42062.0;9967.0;31.05
MT;51;03353;Confresa;25124.0;35075.0;9951.0;39.61
CE;23;09706;Pacatuba;71581.0;81524.0;9943.0;13.89
PA;15;03754;Jacareacanga;14103.0;24042.0;9939.0;70.47
PR;41;14807;Marialva;31959.0;41851.0;9892.0;30.95
GO;52;13806;Morrinhos;41465.0;51351.0;9886.0;23.84
SP;35;04503;Avaré;82934.0;92805.0;9871.0;11.9
PA;15;01709;Bragança;113227.0;123082.0;9855.0;8.7
RJ;33;04201;Resende;119769.0;129612.0;9843.0;8.22
GO;52;03302;Bela Vista de Goiás;24613.0;34445.0;9832.0;39.95
PR;41;15705;Matinhos;29428.0;39259.0;9831.0;33.41
CE;23;04202;Crato;121260.0;131050.0;9790.0;8.07
PR;41;19152;Pinhais;117253.0;127019.0;9766.0;8.33
RS;43;04408;Canela;39227.0;48946.0;9719.0;24.78
SP;35;25003;Jandira;108344.0;118045.0;9701.0;8.95
RS;43;07005;Erechim;96085.0;105705.0;9620.0;10.01
BA;29;00702;Alagoinhas;141463.0;151055.0;9592.0;6.78
PR;41;05508;Cianorte;69958.0;79527.0;9569.0;13.68
SP;35;30300;Mirassol;53792.0;63337.0;9545.0;17.74
PA;15;07805;Senador José Porfírio;13045.0;22576.0;9531.0;73.06
PR;41;19954;Pontal do Paraná;20920.0;30425.0;9505.0;45.43
PE;26;01201;Arcoverde;68253.0;77742.0;9489.0;13.9
MT;51;00250;Alta Floresta;49142.0;58613.0;9471.0;19.27
AM;13;00300;Autazes;32135.0;41564.0;9429.0;29.34
BA;29;11709;Guanambi;78452.0;87817.0;9365.0;11.94
GO;52;10406;Itaberaí;35374.0;44734.0;9360.0;26.46
RS;43;09209;Gravataí;255723.0;265074.0;9351.0;3.66
SC;42;18202;Timbó;36774.0;46099.0;9325.0;25.36
MG;31;47006;Paracatu;84718.0;94023.0;9305.0;10.98
PR;41;01408;Apucarana;120919.0;130134.0;9215.0;7.62
RS;43;10330;Imbé;17670.0;26824.0;9154.0;51.81
CE;23;09607;Pacajus;61838.0;70983.0;9145.0;14.79
MG;31;62104;São Gotardo;31819.0;40910.0;9091.0;28.57
ES;32;02801;Itapemirim;30768.0;39832.0;9064.0;29.46
MG;31;70404;Unaí;77557.0;86619.0;9062.0;11.68
PR;41;04006;Campina Grande do Sul;38769.0;47825.0;9056.0;23.36
PA;15;01725;Brasil Novo;15690.0;24718.0;9028.0;57.54
CE;23;11405;Quixeramobim;73160.0;82177.0;9017.0;12.33
PR;41;14609;Marechal Cândido Rondon;46819.0;55836.0;9017.0;19.26
AM;13;02900;Maués;52236.0;61204.0;8968.0;17.17
SP;35;49102;São João da Boa Vista;83639.0;92547.0;8908.0;10.65
GO;52;19753;Santo Antônio do Descoberto;63233.0;72127.0;8894.0;14.07
SC;42;05456;Forquilhinha;22548.0;31431.0;8883.0;39.4
RR;14;00456;Pacaraima;10433.0;19305.0;8872.0;85.04
MG;31;62922;São Joaquim de Bicas;25537.0;34348.0;8811.0;34.5
GO;52;15231;Novo Gama;94996.0;103804.0;8808.0;9.27
AM;13;00680;Boa Vista do Ramos;14979.0;23785.0;8806.0;58.79
MA;21;12456;Turilândia;22846.0;31638.0;8792.0;38.48
RS;43;11809;Marau;36364.0;45124.0;8760.0;24.09
PA;15;04752;Mojuí dos Campos;14775.0;23501.0;8726.0;59.06
SE;28;04508;Nossa Senhora da Glória;32497.0;41212.0;8715.0;26.82
PR;41;07207;Dois Vizinhos;36179.0;44869.0;8690.0;24.02
SP;35;56503;Várzea Paulista;107089.0;115771.0;8682.0;8.11
PI;22;08007;Picos;74435.0;83090.0;8655.0;11.63
PI;22;00400;Altos;38822.0;47453.0;8631.0;22.23
CE;23;07254;Jijoca de Jericoacoara;16958.0;25555.0;8597.0;50.7
SP;35;37602;Peruíbe;59773.0;68352.0;8579.0;14.35
PB;25;03209;Cabedelo;57944.0;66519.0;8575.0;14.8
MG;31;36652;Juatuba;22170.0;30716.0;8546.0;38.55
MS;50;03256;Costa Rica;17507.0;26037.0;8530.0;48.72
SC;42;12502;Penha;25141.0;33663.0;8522.0;33.9
GO;52;15702;Palmeiras de Goiás;23339.0;31858.0;8519.0;36.5
PA;15;05031;Novo Progresso;25124.0;33638.0;8514.0;33.89
SP;35;09007;Caieiras;86529.0;95032.0;8503.0;9.83
ES;32;01506;Colatina;111537.0;120033.0;8496.0;7.62
SC;42;15802;São Bento do Sul;74796.0;83277.0;8481.0;11.34
ES;32;05101;Viana;65001.0;73423.0;8422.0;12.96
BA;29;14604;Irecê;66117.0;74507.0;8390.0;12.69
RS;43;17202;Santa Rosa;68587.0;76963.0;8376.0;12.21
TO;17;09500;Gurupi;76755.0;85125.0;8370.0;10.9
RR;14;00472;Rorainópolis;24279.0;32647.0;8368.0;34.47
MT;51;00201;Água Boa;20856.0;29219.0;8363.0;40.1
PE;26;13701;São Lourenço da Mata;102889.0;111249.0;8360.0;8.13
RO;11;00049;Cacoal;78574.0;86887.0;8313.0;10.58
SC;42;09300;Lages;156727.0;164981.0;8254.0;5.27
SC;42;19309;Videira;47228.0;55466.0;8238.0;17.44
SP;35;21002;Iperó;28300.0;36459.0;8159.0;28.83
RN;24;08201;Nísia Floresta;23784.0;31942.0;8158.0;34.3
CE;23;00200;Acaraú;57190.0;65264.0;8074.0;14.12
MA;21;03208;Chapadinha;73350.0;81386.0;8036.0;10.96
PA;15;01105;Bagre;23864.0;31892.0;8028.0;33.64
SC;42;17204;São Miguel do Oeste;36306.0;44330.0;8024.0;22.1
MG;31;03504;Araguari;109801.0;117808.0;8007.0;7.29
CE;23;01000;Aquiraz;72652.0;80645.0;7993.0;11.0
TO;17;16109;Paraíso do Tocantins;44417.0;52360.0;7943.0;17.88
MG;31;31901;Itabirito;45452.0;53365.0;7913.0;17.41
RJ;33;03401;Nova Friburgo;182057.0;189939.0;7882.0;4.33
AC;12;00609;Tarauacá;35590.0;43467.0;7877.0;22.13
RS;43;09100;Gramado;32290.0;40134.0;7844.0;24.29
ES;32;03320;Marataízes;34140.0;41929.0;7789.0;22.81
AM;13;02405;Lábrea;37701.0;45448.0;7747.0;20.55
PA;15;05502;Paragominas;97819.0;105550.0;7731.0;7.9
RO;11;00122;Ji-Paraná;116610.0;124333.0;7723.0;6.62
GO;52;14507;Nerópolis;24213.0;31932.0;7719.0;31.88
RJ;33;03807;Paraty;37533.0;45243.0;7710.0;20.54
SP;35;50704;São Sebastião;73942.0;81595.0;7653.0;10.35
SP;35;25102;Jardinópolis;37661.0;45282.0;7621.0;20.24
SP;35;40606;Porto Feliz;48893.0;56497.0;7604.0;15.55
GO;52;05513;Cocalzinho de Goiás;17414.0;25016.0;7602.0;43.65
BA;29;25501;Prado;27413.0;35003.0;7590.0;27.69
RN;24;12203;São José de Mipibu;39698.0;47286.0;7588.0;19.11
BA;29;18001;Jequié;151301.0;158813.0;7512.0;4.96
SC;42;19507;Xanxerê;44128.0;51607.0;7479.0;16.95
MS;50;05400;Maracaju;37594.0;45047.0;7453.0;19.82
SC;42;15703;Santo Amaro da Imperatriz;19823.0;27272.0;7449.0;37.58
ES;32;04559;Santa Maria de Jetibá;34197.0;41636.0;7439.0;21.75
SC;42;02073;Balneário Gaivota;8234.0;15669.0;7435.0;90.3
SP;35;56453;Vargem Grande Paulista;42997.0;50415.0;7418.0;17.25
MS;50;07695;São Gabriel do Oeste;22162.0;29579.0;7417.0;33.47
MG;31;48103;Patrocínio;82471.0;89826.0;7355.0;8.92
PA;15;06203;Salinópolis;37421.0;44772.0;7351.0;19.64
GO;52;15603;Padre Bernardo;27661.0;34967.0;7306.0;26.41
SP;35;03802;Artur Nogueira;44177.0;51456.0;7279.0;16.48
AM;13;02306;Jutaí;17992.0;25172.0;7180.0;39.91
PR;41;11258;Itaperuçu;24044.0;31217.0;7173.0;29.83
MG;31;40001;Mariana;54219.0;61387.0;7168.0;13.22
PA;15;02939;Dom Eliseu;51319.0;58484.0;7165.0;13.96
SP;35;13801;Diadema;386089.0;393237.0;7148.0;1.85
BA;29;07202;Casa Nova;64940.0;72086.0;7146.0;11.0
RJ;33;05554;Seropédica;73463.0;80596.0;7133.0;9.71
MT;51;02702;Canarana;18754.0;25858.0;7104.0;37.88
RS;43;21501;Torres;34656.0;41751.0;7095.0;20.47
MT;51;06307;Paranatinga;19339.0;26423.0;7084.0;36.63
PE;26;01706;Belo Jardim;72432.0;79507.0;7075.0;9.77
CE;23;13500;Trairi;51422.0;58415.0;6993.0;13.6
AP;16;00501;Oiapoque;20509.0;27482.0;6973.0;34.0
PA;15;02905;Curuçá;34294.0;41262.0;6968.0;20.32
PR;41;22206;Rio Branco do Sul;30617.0;37558.0;6941.0;22.67
MS;50;07208;Rio Brilhante;30663.0;37601.0;6938.0;22.63
AM;13;02702;Manicoré;47017.0;53914.0;6897.0;14.67
BA;29;31350;Teixeira de Freitas;138341.0;145216.0;6875.0;4.97
SP;35;19600;Ibitinga;53158.0;60033.0;6875.0;12.93
CE;23;03501;Cascavel;65897.0;72720.0;6823.0;10.35
MG;31;64704;São Sebastião do Paraíso;64980.0;71796.0;6816.0;10.49
SP;35;28403;Mairinque;43223.0;50027.0;6804.0;15.74
PA;15;00800;Ananindeua;471980.0;478778.0;6798.0;1.44
CE;23;04251;Cruz;22983.0;29761.0;6778.0;29.49
PA;15;02202;Capanema;63639.0;70394.0;6755.0;10.61
PA;15;03309;Igarapé-Miri;58077.0;64831.0;6754.0;11.63
SP;35;20400;Ilhabela;28196.0;34934.0;6738.0;23.9
SE;28;03500;Lagarto;94861.0;101579.0;6718.0;7.08
CE;23;10209;Paracuru;32310.0;38980.0;6670.0;20.64
MG;31;20904;Curvelo;74004.0;80665.0;6661.0;9.0
PE;26;01102;Araripina;78429.0;85088.0;6659.0;8.49
PA;15;05908;Porto de Moz;33956.0;40597.0;6641.0;19.56
RS;43;07906;Farroupilha;63675.0;70286.0;6611.0;10.38
PI;22;10607;São Raimundo Nonato;32327.0;38934.0;6607.0;20.44
MT;51;05150;Juína;39267.0;45869.0;6602.0;16.81
SP;35;50407;São Pedro;31662.0;38256.0;6594.0;20.83
MG;31;36207;João Monlevade;73610.0;80187.0;6577.0;8.93
PE;26;07505;Itaíba;26122.0;32650.0;6528.0;24.99
BA;29;29305;São Gonçalo dos Campos;32990.0;39513.0;6523.0;19.77
SC;42;13203;Pomerode;27778.0;34289.0;6511.0;23.44
SP;35;15509;Fernandópolis;64696.0;71186.0;6490.0;10.03
RS;43;13508;Osório;40907.0;47396.0;6489.0;15.86
SC;42;02057;Balneário Barra do Sul;8430.0;14912.0;6482.0;76.89
RO;11;00023;Ariquemes;90353.0;96833.0;6480.0;7.17
RJ;33;01900;Itaboraí;217790.0;224267.0;6477.0;2.97
MA;21;08603;Pinheiro;78162.0;84621.0;6459.0;8.26
PA;15;04059;Mãe do Rio;27904.0;34353.0;6449.0;23.11
BA;29;08408;Conceição do Coité;61378.0;67825.0;6447.0;10.5
SC;42;16305;São João Batista;26260.0;32687.0;6427.0;24.47
SP;35;26704;Leme;91756.0;98161.0;6405.0;6.98
AP;16;00600;Santana;101262.0;107618.0;6356.0;6.28
PR;41;17909;Palotina;28683.0;35011.0;6328.0;22.06
RS;43;13375;Nova Santa Rita;22716.0;29024.0;6308.0;27.77
PB;25;12507;Queimadas;41361.0;47658.0;6297.0;15.22
MG;31;62955;São José da Lapa;19799.0;26090.0;6291.0;31.77
SC;42;12254;Passo de Torres;6627.0;12897.0;6270.0;94.61
SP;35;04008;Assis;95144.0;101409.0;6265.0;6.58
SC;42;01950;Balneário Arroio do Silva;9586.0;15820.0;6234.0;65.03
PA;15;06005;Prainha;29349.0;35577.0;6228.0;21.22
SC;42;19705;Xaxim;25713.0;31918.0;6205.0;24.13
PB;25;04603;Conde;21400.0;27605.0;6205.0;29.0
PA;15;06187;Rondon do Pará;46964.0;53143.0;6179.0;13.16
PI;22;01903;Bom Jesus;22629.0;28796.0;6167.0;27.25
SC;42;10506;Maravilha;22116.0;28251.0;6135.0;27.74
MG;31;07406;Bom Despacho;45624.0;51737.0;6113.0;13.4
SC;42;06306;Guabiruba;18430.0;24543.0;6113.0;33.17
AM;13;04401;Urucurituba;17837.0;23945.0;6108.0;34.24
ES;32;00409;Anchieta;23902.0;29984.0;6082.0;25.45
PE;26;16407;Vitória de Santo Antão;128017.0;134084.0;6067.0;4.74
SP;35;30805;Mogi Mirim;86505.0;92558.0;6053.0;7.0
BA;29;04605;Brumado;64493.0;70510.0;6017.0;9.33
PR;41;04907;Castro;67084.0;73075.0;5991.0;8.93
BA;29;22656;Nordestina;12541.0;18523.0;5982.0;47.7
SP;35;18404;Guaratinguetá;112072.0;118044.0;5972.0;5.33
MT;51;01407;Aripuanã;18656.0;24626.0;5970.0;32.0
CE;23;01109;Aracati;69177.0;75113.0;5936.0;8.58
MT;51;05606;Matupá;14174.0;20091.0;5917.0;41.75
SP;35;22208;Itapecerica da Serra;152614.0;158522.0;5908.0;3.87
CE;23;02503;Brejo Santo;45189.0;51090.0;5901.0;13.06
PE;26;09154;Manari;17887.0;23763.0;5876.0;32.85
GO;52;05471;Chapadão do Céu;7001.0;12870.0;5869.0;83.83
RS;43;10207;Ijuí;78915.0;84780.0;5865.0;7.43
PA;15;08084;Tucumã;33690.0;39550.0;5860.0;17.39
PE;26;06200;Goiana;75231.0;81055.0;5824.0;7.74
RO;11;00288;Rolim de Moura;50648.0;56406.0;5758.0;11.37
MG;31;62500;São João del Rei;84469.0;90225.0;5756.0;6.81
PE;26;12208;Salgueiro;56629.0;62372.0;5743.0;10.14
SP;35;42602;Registro;54261.0;59947.0;5686.0;10.48
MA;21;10500;São Bento;40736.0;46395.0;5659.0;13.89
MG;31;47907;Passos;106290.0;111939.0;5649.0;5.31
SC;42;12908;Pinhalzinho;16346.0;21972.0;5626.0;34.42
MT;51;07008;Poxoréu;17659.0;23283.0;5624.0;31.85
GO;52;21601;Uruaçu;36937.0;42546.0;5609.0;15.19
PE;26;14501;Surubim;58515.0;64120.0;5605.0;9.58
PE;26;07000;Inajá;20007.0;25603.0;5596.0;27.97
PE;26;15409;Toritama;35554.0;41137.0;5583.0;15.7
GO;52;09200;Guapó;13976.0;19545.0;5569.0;39.85
SP;35;46603;Santa Fé do Sul;29239.0;34794.0;5555.0;19.0
RN;24;14209;Tibau do Sul;11385.0;16929.0;5544.0;48.7
RS;43;21451;Teutônia;27272.0;32797.0;5525.0;20.26
CE;23;06553;Itarema;37453.0;42957.0;5504.0;14.7
PA;15;05304;Oriximiná;62794.0;68294.0;5500.0;8.76
MS;50;04700;Ivinhema;22341.0;27821.0;5480.0;24.53
PI;22;05508;José de Freitas;37085.0;42559.0;5474.0;14.76
RS;43;13904;Panambi;38044.0;43515.0;5471.0;14.38
PA;15;00206;Acará;53569.0;59023.0;5454.0;10.18
MG;31;37205;Lagoa da Prata;45984.0;51412.0;5428.0;11.8
SP;35;08405;Cabreúva;41604.0;47011.0;5407.0;13.0
SP;35;18305;Guararema;25844.0;31236.0;5392.0;20.86
CE;23;13302;Tauá;55849.0;61227.0;5378.0;9.63
RR;14;00704;Uiramutã;8375.0;13751.0;5376.0;64.19
MS;50;06002;Nova Alvorada do Sul;16450.0;21822.0;5372.0;32.66
MS;50;01003;Aparecida do Taboado;22307.0;27674.0;5367.0;24.06
PR;41;18204;Paranaguá;140469.0;145829.0;5360.0;3.82
PR;41;17602;Palmas;42888.0;48247.0;5359.0;12.5
PA;15;02806;Curralinho;28549.0;33903.0;5354.0;18.75
RS;43;07609;Estância Velha;42574.0;47924.0;5350.0;12.57
BA;29;30501;Serrinha;75095.0;80435.0;5340.0;7.11
MG;31;17306;Conceição das Alagoas;23043.0;28381.0;5338.0;23.17
SP;35;10302;Capela do Alto;17532.0;22866.0;5334.0;30.42
PR;41;04253;Campo Magro;24843.0;30160.0;5317.0;21.4
RS;43;20909;Tapejara;19250.0;24557.0;5307.0;27.57
PE;26;10608;Paudalho;51361.0;56665.0;5304.0;10.33
RS;43;04804;Carlos Barbosa;25162.0;30420.0;5258.0;20.9
MG;31;17504;Conceição do Mato Dentro;17905.0;23163.0;5258.0;29.37
PA;15;05205;Oeiras do Pará;28595.0;33844.0;5249.0;18.36
AM;13;00631;Beruri;15486.0;20718.0;5232.0;33.79
GO;52;18508;Quirinópolis;43221.0;48447.0;5226.0;12.09
PR;41;14302;Mandirituba;22220.0;27439.0;5219.0;23.49
RS;43;06767;Eldorado do Sul;34343.0;39559.0;5216.0;15.19
MG;31;01607;Alfenas;73774.0;78970.0;5196.0;7.04
BA;29;08507;Conceição do Jacuípe;30112.0;35308.0;5196.0;17.26
RJ;33;02205;Itaperuna;95867.0;101041.0;5174.0;5.4
PR;41;27106;Telêmaco Borba;69872.0;75042.0;5170.0;7.4
PE;26;00104;Afogados da Ingazeira;35088.0;40241.0;5153.0;14.69
MG;31;12307;Capelinha;34477.0;39626.0;5149.0;14.93
SP;35;02903;Araçoiaba da Serra;27299.0;32443.0;5144.0;18.84
BA;29;06873;Capim Grosso;28093.0;33235.0;5142.0;18.3
SC;42;20000;Balneário Rincão;10851.0;15981.0;5130.0;47.28
SC;42;14003;Presidente Getúlio;14883.0;20010.0;5127.0;34.45
MG;31;27107;Frutal;53468.0;58588.0;5120.0;9.58
PA;15;05437;Ourilândia do Norte;27359.0;32467.0;5108.0;18.67
TO;17;11902;Lagoa da Confusão;10210.0;15288.0;5078.0;49.74
SP;35;11508;Cerquilho;39617.0;44695.0;5078.0;12.82
SP;35;26803;Lençóis Paulista;61428.0;66505.0;5077.0;8.26
RJ;33;01876;Iguaba Grande;22848.0;27920.0;5072.0;22.2
CE;23;10852;Pindoretama;18334.0;23391.0;5057.0;27.58
PI;22;11209;Uruçuí;20149.0;25203.0;5054.0;25.08
SP;35;33908;Olímpia;50024.0;55074.0;5050.0;10.1
MG;31;34202;Ituiutaba;97171.0;102217.0;5046.0;5.19
RR;14;00407;Normandia;8940.0;13986.0;5046.0;56.44
BA;29;10057;Dias d'Ávila;66440.0;71485.0;5045.0;7.59
SP;35;51504;Serrana;38878.0;43909.0;5031.0;12.94
MG;31;10509;Camanducaia;21080.0;26097.0;5017.0;23.8
MS;50;07901;Sidrolândia;42114.0;47118.0;5004.0;11.88
BA;29;33208;Vera Cruz;37567.0;42529.0;4962.0;13.21
MG;31;09006;Brumadinho;33973.0;38915.0;4942.0;14.55
RS;43;12401;Montenegro;59415.0;64322.0;4907.0;8.26
AP;16;00402;Mazagão;17032.0;21924.0;4892.0;28.72
PB;25;03704;Cajazeiras;58365.0;63239.0;4874.0;8.35
BA;29;28901;São Desidério;27976.0;32828.0;4852.0;17.34
MS;50;02407;Caarapó;25770.0;30612.0;4842.0;18.79
BA;29;20700;Maraú;19689.0;24527.0;4838.0;24.57
BA;29;17508;Jacobina;77758.0;82590.0;4832.0;6.21
MG;31;04205;Arcos;36597.0;41416.0;4819.0;13.17
AM;13;00706;Boca do Acre;30632.0;35447.0;4815.0;15.72
PR;41;24400;Santo Antônio do Sudoeste;18893.0;23673.0;4780.0;25.3
RR;14;00175;Cantá;13902.0;18682.0;4780.0;34.38
RN;24;08003;Mossoró;259815.0;264577.0;4762.0;1.83
CE;23;14102;Viçosa do Ceará;54955.0;59712.0;4757.0;8.66
SC;42;02800;Braço do Norte;29019.0;33773.0;4754.0;16.38
ES;32;01308;Cariacica;348738.0;353491.0;4753.0;1.36
SC;42;17402;Schroeder;15316.0;20061.0;4745.0;30.98
BA;29;19702;Macarani;16880.0;21599.0;4719.0;27.96
BA;29;10701;Euclides da Cunha;56739.0;61456.0;4717.0;8.31
SC;42;07106;Ilhota;12355.0;17046.0;4691.0;37.97
MT;51;06257;Nova Xavantina;19657.0;24345.0;4688.0;23.85
RR;14;00050;Alto Alegre;16448.0;21096.0;4648.0;28.26
SP;35;11300;Cedral;7972.0;12618.0;4646.0;58.28
PA;15;02301;Capitão Poço;51893.0;56506.0;4613.0;8.89
RJ;33;02601;Mangaratiba;36610.0;41220.0;4610.0;12.59
AC;12;00104;Brasiléia;21398.0;26000.0;4602.0;21.51
RR;14;00027;Amajari;9327.0;13927.0;4600.0;49.32
MS;50;00609;Amambai;34730.0;39325.0;4595.0;13.23
BA;29;24009;Paulo Afonso;108308.0;112870.0;4562.0;4.21
BA;29;28802;Santo Estêvão;47726.0;52276.0;4550.0;9.53
PA;15;04802;Monte Alegre;55462.0;60012.0;4550.0;8.2
PA;15;04000;Limoeiro do Ajuru;25021.0;29569.0;4548.0;18.18
MG;31;46107;Ouro Preto;70281.0;74821.0;4540.0;6.46
PR;41;07900;Floresta;5931.0;10458.0;4527.0;76.33
MA;21;09452;Raposa;26369.0;30839.0;4470.0;16.95
SP;35;02101;Andradina;55334.0;59783.0;4449.0;8.04
AC;12;00138;Bujari;8471.0;12917.0;4446.0;52.48
SP;35;02754;Araçariguama;17080.0;21522.0;4442.0;26.01
PE;26;04007;Carpina;74858.0;79293.0;4435.0;5.92
GO;52;10208;Iporá;31278.0;35684.0;4406.0;14.09
RS;43;05454;Cidreira;12668.0;17071.0;4403.0;34.76
MG;31;57708;Santa Juliana;11337.0;15734.0;4397.0;38.78
SP;35;20426;Ilha Comprida;9025.0;13419.0;4394.0;48.69
MG;31;16605;Cláudio;25771.0;30159.0;4388.0;17.03
SP;35;19709;Ibiúna;71217.0;75605.0;4388.0;6.16
CE;23;07601;Limoeiro do Norte;55180.0;59560.0;4380.0;7.94
MG;31;18007;Congonhas;48519.0;52890.0;4371.0;9.01
PR;41;26603;Siqueira Campos;18454.0;22811.0;4357.0;23.61
PI;22;03909;Floriano;57690.0;62036.0;4346.0;7.53
PR;41;20804;Quatro Barras;19851.0;24191.0;4340.0;21.86
BA;29;29909;Seabra;41821.0;46160.0;4339.0;10.38
PR;41;03453;Cafelândia;14662.0;18997.0;4335.0;29.57
BA;29;06006;Campo Formoso;67059.0;71377.0;4318.0;6.44
SC;42;08500;Ituporanga;22226.0;26525.0;4299.0;19.34
RS;43;13201;Nova Petrópolis;19040.0;23300.0;4260.0;22.37
RN;24;04200;Goianinha;22481.0;26741.0;4260.0;18.95
ES;32;03056;Jaguaré;24678.0;28931.0;4253.0;17.23
AM;13;00607;Benjamin Constant;33411.0;37648.0;4237.0;12.68
MG;31;71303;Viçosa;72220.0;76430.0;4210.0;5.83
SP;35;15103;Embu-Guaçu;62769.0;66970.0;4201.0;6.69
ES;32;04203;Piúma;18110.0;22300.0;4190.0;23.14
MG;31;51503;Piumhi;31883.0;36062.0;4179.0;13.11
RJ;33;05000;São João da Barra;32412.0;36573.0;4161.0;12.84
MA;21;01202;Bacabal;99557.0;103711.0;4154.0;4.17
PR;41;04659;Carambeí;19163.0;23283.0;4120.0;21.5
SC;42;03600;Campos Novos;32819.0;36932.0;4113.0;12.53
RS;43;01636;Balneário Pinhal;10856.0;14955.0;4099.0;37.76
SP;35;07803;Brodowski;21107.0;25201.0;4094.0;19.4
AC;12;00336;Mâncio Lima;15206.0;19294.0;4088.0;26.88
PA;15;00909;Augusto Corrêa;40497.0;44573.0;4076.0;10.06
MG;31;35050;Jaíba;33602.0;37660.0;4058.0;12.08
PR;41;14203;Mandaguari;32658.0;36716.0;4058.0;12.43
MS;50;02209;Bonito;19605.0;23659.0;4054.0;20.68
PE;26;00054;Abreu e Lima;94425.0;98462.0;4037.0;4.28
MS;50;05707;Naviraí;46424.0;50457.0;4033.0;8.69
RS;43;23804;Xangri-lá;12434.0;16463.0;4029.0;32.4
MG;31;33600;Itapeva;8664.0;12692.0;4028.0;46.49
BA;29;29206;São Francisco do Conde;34707.0;38733.0;4026.0;11.6
CE;23;02206;Beberibe;49095.0;53114.0;4019.0;8.19
AC;12;00344;Manoel Urbano;7981.0;11996.0;4015.0;50.31
SE;28;07105;Simão Dias;38581.0;42578.0;3997.0;10.36
MT;51;08006;Tapurah;10377.0;14370.0;3993.0;38.48
SE;28;03203;Itaporanga d'Ajuda;30419.0;34411.0;3992.0;13.12
PE;26;07752;Itapissuma;23769.0;27749.0;3980.0;16.74
MA;21;10203;Santa Rita;33078.0;37035.0;3957.0;11.96
GO;52;10000;Inhumas;48257.0;52204.0;3947.0;8.18
PA;15;06302;Salvaterra;20183.0;24129.0;3946.0;19.55
PA;15;06351;Santa Bárbara do Pará;17141.0;21087.0;3946.0;23.02
SP;35;11409;Cerqueira César;17532.0;21469.0;3937.0;22.46
SC;42;06009;Governador Celso Ramos;12999.0;16915.0;3916.0;30.13
MG;31;35100;Janaúba;66803.0;70699.0;3896.0;5.83
MG;31;70529;Urucuia;13604.0;17479.0;3875.0;28.48
SP;35;25706;José Bonifácio;32763.0;36633.0;3870.0;11.81
MA;21;02705;Cantanhede;20448.0;24303.0;3855.0;18.85
BA;29;02807;Barra da Estiva;22173.0;26026.0;3853.0;17.38
SP;35;15152;Engenheiro Coelho;15721.0;19566.0;3845.0;24.46
PE;26;05103;Custódia;33855.0;37699.0;3844.0;11.35
SP;35;17505;Guapiaçu;17869.0;21711.0;3842.0;21.5
MG;31;49309;Pedro Leopoldo;58740.0;62580.0;3840.0;6.54
MS;50;00203;Água Clara;12902.0;16741.0;3839.0;29.76
MG;31;34400;Iturama;34456.0;38295.0;3839.0;11.14
GO;52;20108;São Luís de Montes Belos;30033.0;33852.0;3819.0;12.72
PA;15;03903;Juruti;47086.0;50881.0;3795.0;8.06
SP;35;19055;Holambra;11299.0;15094.0;3795.0;33.59
RS;43;08508;Frederico Westphalen;28843.0;32627.0;3784.0;13.12
GO;52;20009;São João d'Aliança;10257.0;14041.0;3784.0;36.89
SC;42;05803;Garuva;14761.0;18545.0;3784.0;25.64
RJ;33;04110;Porto Real;16592.0;20373.0;3781.0;22.79
BA;29;06808;Cansanção;33668.0;37439.0;3771.0;11.2
PR;41;02000;Assis Chateaubriand;33037.0;36808.0;3771.0;11.41
SC;42;01208;Antônio Carlos;7458.0;11224.0;3766.0;50.5
RS;43;08201;Flores da Cunha;27139.0;30892.0;3753.0;13.83
SC;42;06652;Guatambú;4679.0;8425.0;3746.0;80.06
SP;35;01301;Álvares Machado;23513.0;27255.0;3742.0;15.91
PE;26;16209;Vertentes;18222.0;21959.0;3737.0;20.51
BA;29;14901;Itacaré;23971.0;27704.0;3733.0;15.57
AM;13;03700;Santo Antônio do Içá;24481.0;28211.0;3730.0;15.24
RJ;33;04755;São Francisco de Itabapoana;41354.0;45059.0;3705.0;8.96
PI;22;08403;Piripiri;61834.0;65538.0;3704.0;5.99
AM;13;00508;Barreirinha;27355.0;31051.0;3696.0;13.51
BA;29;12202;Ibicoara;17099.0;20785.0;3686.0;21.56
GO;52;17302;Pirenópolis;23008.0;26690.0;3682.0;16.0
PB;25;00601;Alhandra;18055.0;21730.0;3675.0;20.35
MT;51;02686;Campos de Júlio;5154.0;8822.0;3668.0;71.17
RS;43;00877;Araricá;4864.0;8525.0;3661.0;75.27
MG;31;41108;Matozinhos;33958.0;37618.0;3660.0;10.78
AC;12;00252;Epitaciolândia;15100.0;18757.0;3657.0;24.22
RS;43;08607;Garibaldi;30679.0;34335.0;3656.0;11.92
MA;21;06631;Matões do Norte;13794.0;17432.0;3638.0;26.37
SP;35;45308;Salto de Pirapora;40132.0;43748.0;3616.0;9.01
GO;52;17401;Pires do Rio;28761.0;32373.0;3612.0;12.56
PE;26;05509;Ferreiros;11418.0;15026.0;3608.0;31.6
SP;35;05609;Barrinha;28496.0;32092.0;3596.0;12.62
CE;23;04103;Crateús;72817.0;76390.0;3573.0;4.91
PA;15;02764;Cumaru do Norte;10466.0;14036.0;3570.0;34.11
ES;32;01902;Domingos Martins;31847.0;35416.0;3569.0;11.21
MG;31;31703;Itabira;109783.0;113343.0;3560.0;3.24
CE;23;11306;Quixadá;80608.0;84168.0;3560.0;4.42
SP;35;09601;Campo Limpo Paulista;74074.0;77632.0;3558.0;4.8
MA;21;12407;Turiaçu;33933.0;37491.0;3558.0;10.49
PA;15;04422;Marituba;108246.0;111785.0;3539.0;3.27
PA;15;02004;Cachoeira do Arari;20443.0;23981.0;3538.0;17.31
GO;52;01801;Aragoiânia;8365.0;11890.0;3525.0;42.14
SP;35;11607;Cesário Lange;15540.0;19048.0;3508.0;22.57
SP;35;51603;Serra Negra;26387.0;29894.0;3507.0;13.29
CE;23;05001;Guaraciaba do Norte;38548.0;42053.0;3505.0;9.09
AM;13;03536;Presidente Figueiredo;27175.0;30668.0;3493.0;12.85
RJ;33;00258;Arraial do Cabo;27496.0;30986.0;3490.0;12.69
SP;35;22604;Itapira;68537.0;72022.0;3485.0;5.08
MA;21;09809;Santa Helena;38078.0;41561.0;3483.0;9.15
GO;52;18300;Posse;31432.0;34914.0;3482.0;11.08
BA;29;08903;Coração de Maria;23213.0;26692.0;3479.0;14.99
PE;26;02605;Brejo da Madre de Deus;45180.0;48648.0;3468.0;7.68
MG;31;14204;Carmo do Cajuru;20012.0;23479.0;3467.0;17.32
PI;22;11100;União;42654.0;46119.0;3465.0;8.12
SP;35;39301;Pirassununga;70081.0;73545.0;3464.0;4.94
MG;31;45901;Ouro Branco;35268.0;38724.0;3456.0;9.8
PR;41;06605;Cruzeiro do Oeste;20384.0;23831.0;3447.0;16.91
SP;35;52106;Socorro;36686.0;40122.0;3436.0;9.37
SP;35;12407;Cordeirópolis;21080.0;24514.0;3434.0;16.29
MA;21;12605;Urbano Santos;29386.0;32812.0;3426.0;11.66
AL;27;04500;Maragogi;28749.0;32174.0;3425.0;11.91
GO;52;00605;Alto Paraíso de Goiás;6885.0;10306.0;3421.0;49.69
PR;41;24053;Santa Terezinha de Itaipu;20841.0;24262.0;3421.0;16.41
BA;29;11105;Formosa do Rio Preto;22490.0;25899.0;3409.0;15.16
PR;41;09807;Ibiporã;48198.0;51603.0;3405.0;7.06
TO;17;05508;Colinas do Tocantins;30838.0;34233.0;3395.0;11.01
BA;29;14703;Itaberaba;61681.0;65073.0;3392.0;5.5
ES;32;05069;Venda Nova do Imigrante;20447.0;23831.0;3384.0;16.55
ES;32;03346;Marechal Floriano;14262.0;17641.0;3379.0;23.69
SC;42;17709;Sombrio;26613.0;29991.0;3378.0;12.69
GO;52;09952;Indiara;13690.0;17061.0;3371.0;24.62
BA;29;27705;Santa Cruz Cabrália;25827.0;29185.0;3358.0;13.0
MG;31;49705;Perdigão;8912.0;12268.0;3356.0;37.66
PR;41;25704;São Miguel do Iguaçu;25769.0;29122.0;3353.0;13.01
SP;35;27108;Lins;71432.0;74779.0;3347.0;4.69
MG;31;43906;Muriaé;100765.0;104108.0;3343.0;3.32
MG;31;23700;Engenheiro Caldas;10280.0;13622.0;3342.0;32.51
GO;52;11800;Jaraguá;41883.0;45223.0;3340.0;7.97
SP;35;45803;Santa Bárbara d'Oeste;180009.0;183347.0;3338.0;1.85
SP;35;36703;Pederneiras;41497.0;44827.0;3330.0;8.02
BA;29;25758;Presidente Tancredo Neves;24409.0;27734.0;3325.0;13.62
RS;43;18705;São Leopoldo;214087.0;217409.0;3322.0;1.55
RS;43;01057;Arroio do Sal;7740.0;11057.0;3317.0;42.86
AC;12;00500;Sena Madureira;38029.0;41343.0;3314.0;8.71
PE;26;03454;Camaragibe;144466.0;147771.0;3305.0;2.29
RR;14;00308;Mucajaí;14792.0;18095.0;3303.0;22.33
MG;31;02605;Andradas;37270.0;40553.0;3283.0;8.81
MG;31;34608;Jaboticatubas;17134.0;20406.0;3272.0;19.1
RN;24;00208;Açu;53227.0;56496.0;3269.0;6.14
PA;15;00701;Anajás;24759.0;28011.0;3252.0;13.13
PR;41;06209;Contenda;15891.0;19128.0;3237.0;20.37
GO;52;03500;Bom Jesus de Goiás;20727.0;23958.0;3231.0;15.59
RS;43;17608;Santo Antônio da Patrulha;39722.0;42947.0;3225.0;8.12
RS;43;14803;Portão;30868.0;34071.0;3203.0;10.38
PI;22;03701;Esperantina;37767.0;40970.0;3203.0;8.48
RJ;33;03856;Paty do Alferes;26416.0;29619.0;3203.0;12.13
PR;41;04709;Carlópolis;13706.0;16905.0;3199.0;23.34
GO;52;00308;Alexânia;23814.0;27008.0;3194.0;13.41
PR;41;28708;Vitorino;6513.0;9706.0;3193.0;49.03
MS;50;01904;Bataguassu;19839.0;23031.0;3192.0;16.09
PR;41;28005;Ubiratã;21558.0;24749.0;3191.0;14.8
PE;26;15607;Trindade;27142.0;30321.0;3179.0;11.71
RS;43;01008;Arroio do Meio;18783.0;21958.0;3175.0;16.9
AM;13;00904;Canutama;13695.0;16869.0;3174.0;23.18
GO;52;09101;Goiatuba;32493.0;35664.0;3171.0;9.76
SP;35;37305;Penápolis;58510.0;61679.0;3169.0;5.42
BA;29;30774;Sobradinho;22310.0;25475.0;3165.0;14.19
SP;35;00709;Agudos;34524.0;37680.0;3156.0;9.14
RJ;33;02007;Itaguaí;113691.0;116841.0;3150.0;2.77
ES;32;04302;Presidente Kennedy;10547.0;13696.0;3149.0;29.86
MG;31;63706;São Lourenço;41657.0;44798.0;3141.0;7.54
RS;43;06403;Dois Irmãos;27572.0;30709.0;3137.0;11.38
ES;32;05309;Vitória;319738.0;322869.0;3131.0;0.98
SC;42;09003;Joaçaba;27020.0;30146.0;3126.0;11.57
MG;31;26109;Formiga;65128.0;68248.0;3120.0;4.79
AM;13;04005;Silves;8444.0;11559.0;3115.0;36.89
RS;43;10801;Ivoti;19874.0;22983.0;3109.0;15.64
BA;29;05206;Caetité;48913.0;52012.0;3099.0;6.34
PI;22;01200;Barras;44850.0;47938.0;3088.0;6.89
SC;42;08807;Jaguaruna;17290.0;20375.0;3085.0;17.84
PR;41;27601;Tijucas do Sul;14537.0;17621.0;3084.0;21.21
PI;22;03305;Demerval Lobão;13278.0;16352.0;3074.0;23.15
PA;15;04505;Melgaço;24808.0;27881.0;3073.0;12.39
SC;42;16909;São Lourenço do Oeste;21725.0;24791.0;3066.0;14.11
SP;35;56107;Valentim Gentil;11036.0;14098.0;3062.0;27.75
AM;13;01605;Fonte Boa;22817.0;25871.0;3054.0;13.38
MG;31;10608;Cambuí;26488.0;29536.0;3048.0;11.51
SP;35;40804;Potirendaba;15449.0;18496.0;3047.0;19.72
PR;41;10706;Irati;56207.0;59250.0;3043.0;5.41
CE;23;05357;Icapuí;18392.0;21433.0;3041.0;16.53
MG;31;33709;Itatiaiuçu;9928.0;12966.0;3038.0;30.6
SP;35;39400;Piratininga;12072.0;15108.0;3036.0;25.15
GO;52;20603;Silvânia;19210.0;22245.0;3035.0;15.8
ES;32;03908;Nova Venécia;46031.0;49065.0;3034.0;6.59
PE;26;01904;Bezerros;58668.0;61694.0;3026.0;5.16
AC;12;00302;Feijó;32412.0;35426.0;3014.0;9.3
ES;32;02454;Ibatiba;22366.0;25380.0;3014.0;13.48
MG;31;64605;São Sebastião do Oeste;5805.0;8815.0;3010.0;51.85
BA;29;28000;Santaluz;34833.0;37834.0;3001.0;8.62
MG;31;56700;Sabará;126384.0;129380.0;2996.0;2.37
MS;50;06200;Nova Andradina;45578.0;48563.0;2985.0;6.55
CE;23;00754;Amontada;39172.0;42156.0;2984.0;7.62
RR;14;00159;Bonfim;10943.0;13923.0;2980.0;27.23
SP;35;11102;Catanduva;112820.0;115791.0;2971.0;2.63
AM;13;01001;Carauari;25774.0;28742.0;2968.0;11.52
MT;51;07859;São Félix do Araguaia;10655.0;13621.0;2966.0;27.84
SC;42;03006;Caçador;70762.0;73720.0;2958.0;4.18
PE;26;08800;Lajedo;36628.0;39582.0;2954.0;8.06
PA;15;08209;Vigia;47889.0;50832.0;2943.0;6.15
CE;23;08401;Missão Velha;33898.0;36822.0;2924.0;8.63
AL;27;02405;Delmiro Gouveia;48399.0;51318.0;2919.0;6.03
BA;29;20502;Maracás;24701.0;27620.0;2919.0;11.82
PR;41;21406;Realeza;16338.0;19247.0;2909.0;17.81
AM;13;01951;Itamarati;8038.0;10937.0;2899.0;36.07
RO;11;00338;Nova Mamoré;22546.0;25444.0;2898.0;12.85
PR;41;11902;Jaguapitã;12225.0;15122.0;2897.0;23.7
PA;15;05106;Óbidos;49333.0;52229.0;2896.0;5.87
RJ;33;06305;Volta Redonda;258669.0;261563.0;2894.0;1.12
RN;24;04507;Guamaré;12404.0;15295.0;2891.0;23.31
MG;31;43401;Monte Sião;21203.0;24089.0;2886.0;13.61
MG;31;59605;Santa Rita do Sapucaí;37754.0;40635.0;2881.0;7.63
SP;35;12209;Conchal;25229.0;28101.0;2872.0;11.38
AC;12;00351;Marechal Thaumaturgo;14227.0;17093.0;2866.0;20.14
SE;28;07402;Tobias Barreto;48040.0;50905.0;2865.0;5.96
GO;52;08400;Goianápolis;11104.0;13967.0;2863.0;25.78
RS;43;13300;Nova Prata;22830.0;25692.0;2862.0;12.54
RS;43;22509;Vacaria;61342.0;64197.0;2855.0;4.65
PE;26;14857;Tamandaré;20715.0;23561.0;2846.0;13.74
PR;41;24020;Santa Tereza do Oeste;10332.0;13174.0;2842.0;27.51
MG;31;36306;João Pinheiro;43962.0;46801.0;2839.0;6.46
MG;31;59803;Santa Vitória;18138.0;20973.0;2835.0;15.63
MT;51;00607;Alto Taquari;8072.0;10904.0;2832.0;35.08
BA;29;30154;Serra do Ramalho;31391.0;34222.0;2831.0;9.02
CE;23;05506;Iguatu;95243.0;98064.0;2821.0;2.96
RS;43;22608;Venâncio Aires;65953.0;68763.0;2810.0;4.26
RN;24;13359;Serra do Mel;10287.0;13091.0;2804.0;27.26
BA;29;03904;Bom Jesus da Lapa;62771.0;65550.0;2779.0;4.43
MG;31;56908;Sacramento;23896.0;26670.0;2774.0;11.61
RJ;33;00506;Bom Jardim;25333.0;28102.0;2769.0;10.93
GO;52;03559;Bonfinópolis;7531.0;10296.0;2765.0;36.71
CE;23;12304;São Benedito;44875.0;47640.0;2765.0;6.16
PI;22;01150;Baixa Grande do Ribeiro;10516.0;13272.0;2756.0;26.21
MG;31;34905;Jacutinga;22772.0;25525.0;2753.0;12.09
MG;31;49804;Perdizes;14404.0;17151.0;2747.0;19.07
PR;41;10078;Imbaú;11503.0;14249.0;2746.0;23.87
TO;17;20200;São Miguel do Tocantins;10497.0;13241.0;2744.0;26.14
PA;15;07706;São Sebastião da Boa Vista;22904.0;25643.0;2739.0;11.96
RN;24;09407;Pau dos Ferros;27745.0;30479.0;2734.0;9.85
RN;24;01453;Baraúna;24182.0;26913.0;2731.0;11.29
RS;43;22707;Vera Cruz;23983.0;26710.0;2727.0;11.37
PR;41;22701;Sabáudia;6096.0;8822.0;2726.0;44.72
BA;29;12707;Ibirapitanga;22618.0;25344.0;2726.0;12.05
PA;15;03101;Gurupá;29062.0;31786.0;2724.0;9.37
PA;15;00305;Afuá;35042.0;37765.0;2723.0;7.77
SP;35;46801;Santa Isabel;50453.0;53174.0;2721.0;5.39
BA;29;23357;Ourolândia;16522.0;19243.0;2721.0;16.47
MG;31;69307;Três Corações;72765.0;75485.0;2720.0;3.74
MS;50;04502;Itaporã;21418.0;24137.0;2719.0;12.69
BA;29;26608;Ribeira do Pombal;51293.0;54010.0;2717.0;5.3
RS;43;20404;Serafina Corrêa;14253.0;16961.0;2708.0;19.0
MG;31;40159;Mário Campos;13192.0;15900.0;2708.0;20.53
MT;51;00409;Alto Garças;10345.0;13052.0;2707.0;26.17
PA;15;01576;Bom Jesus do Tocantins;15298.0;18005.0;2707.0;17.7
BA;29;00801;Alcobaça;21823.0;24530.0;2707.0;12.4
MT;51;04526;Ipiranga do Norte;5113.0;7815.0;2702.0;52.85
MT;51;04807;Jaciara;25882.0;28569.0;2687.0;10.38
GO;52;19738;Santo Antônio de Goiás;4703.0;7386.0;2683.0;57.05
RS;43;19901;Sapiranga;72968.0;75648.0;2680.0;3.67
PB;25;08901;Mamanguape;41920.0;44599.0;2679.0;6.39
MG;31;68606;Teófilo Otoni;134745.0;137418.0;2673.0;1.98
MA;21;02200;Buriti;27013.0;29685.0;2672.0;9.89
ES;32;05010;Sooretama;23843.0;26502.0;2659.0;11.15
PE;26;07604;Ilha de Itamaracá;21884.0;24540.0;2656.0;12.14
BA;29;05909;Campo Alegre de Lourdes;28021.0;30671.0;2650.0;9.46
MG;31;55504;Rio Paranaíba;11885.0;14532.0;2647.0;22.27
AC;12;00328;Jordão;6577.0;9222.0;2645.0;40.22
AM;13;00144;Apuí;18007.0;20647.0;2640.0;14.66
SP;35;39103;Pirapora do Bom Jesus;15733.0;18370.0;2637.0;16.76
SC;42;09904;Lontras;10244.0;12873.0;2629.0;25.66
GO;52;10901;Itapaci;18458.0;21087.0;2629.0;14.24
AL;27;02355;Craíbas;22785.0;25397.0;2612.0;11.46
BA;29;33505;Wenceslau Guimarães;21867.0;24474.0;2607.0;11.92
RJ;33;00456;Belford Roxo;480487.0;483087.0;2600.0;0.54
SP;35;48005;Santo Antônio de Posse;20650.0;23244.0;2594.0;12.56
PR;41;16208;Morretes;15718.0;18309.0;2591.0;16.48
RN;24;14407;Touros;30472.0;33035.0;2563.0;8.41
RJ;33;04144;Queimados;137962.0;140523.0;2561.0;1.86
CE;23;04350;Forquilha;21614.0;24173.0;2559.0;11.84
RR;14;00209;Caracaraí;18398.0;20957.0;2559.0;13.91
SE;28;05406;Poço Redondo;30888.0;33439.0;2551.0;8.26
SC;42;06900;Ibirama;17315.0;19862.0;2547.0;14.71
SC;42;03907;Capinzal;20769.0;23314.0;2545.0;12.25
RR;14;00233;Caroebe;8114.0;10656.0;2542.0;31.33
AM;13;04260;Uarini;11891.0;14431.0;2540.0;21.36
MG;31;52808;Prata;25802.0;28342.0;2540.0;9.84
MG;31;05400;Barão de Cocais;28241.0;30778.0;2537.0;8.98
MA;21;08058;Paulino Neves;14519.0;17056.0;2537.0;17.47
RJ;33;00803;Cachoeiras de Macacu;54408.0;56943.0;2535.0;4.66
PR;41;12009;Jaguariaíva;32606.0;35141.0;2535.0;7.77
RO;11;00809;Candeias do Jamari;19779.0;22310.0;2531.0;12.8
PE;26;13206;São João;21312.0;23837.0;2525.0;11.85
SP;35;46405;Santa Cruz do Rio Pardo;43921.0;46442.0;2521.0;5.74
PI;22;07009;Oeiras;35640.0;38161.0;2521.0;7.07
CE;23;11801;Russas;70408.0;72928.0;2520.0;3.58
MA;21;04552;Governador Edison Lobão;15895.0;18411.0;2516.0;15.83
TO;17;16505;Pedro Afonso;11539.0;14055.0;2516.0;21.8
PE;26;15805;Tupanatinga;24425.0;26937.0;2512.0;10.28
SC;42;17006;São Ludgero;10998.0;13509.0;2511.0;22.83
CE;23;08005;Massapê;35190.0;37697.0;2507.0;7.12
AM;13;01407;Eirunepé;30665.0;33170.0;2505.0;8.17
CE;23;04459;Fortim;14791.0;17294.0;2503.0;16.92
MA;21;00055;Açailândia;104047.0;106550.0;2503.0;2.41
AM;13;00839;Caapiranga;10975.0;13469.0;2494.0;22.72
AL;27;06448;Paripueira;11347.0;13835.0;2488.0;21.93
RS;43;04705;Carazinho;59317.0;61804.0;2487.0;4.19
SC;42;15455;Sangão;10400.0;12882.0;2482.0;23.87
PB;25;10808;Patos;100693.0;103165.0;2472.0;2.45
PR;41;10953;Itaipulândia;9026.0;11485.0;2459.0;27.24
SP;35;25300;Jaú;131040.0;133497.0;2457.0;1.88
MT;51;06372;Pedra Preta;15610.0;18066.0;2456.0;15.73
RS;43;09407;Guaporé;22814.0;25268.0;2454.0;10.76
RS;43;06809;Encantado;20513.0;22962.0;2449.0;11.94
SC;42;18509;Treze Tílias;6341.0;8787.0;2446.0;38.57
PA;15;01006;Aveiro;15849.0;18290.0;2441.0;15.4
BA;29;25105;Poções;45855.0;48293.0;2438.0;5.32
SP;35;21903;Itajobi;14556.0;16989.0;2433.0;16.71
CE;23;04509;Frecheirinha;13227.0;15657.0;2430.0;18.37
SC;42;10605;Massaranduba;14736.0;17162.0;2426.0;16.46
PR;41;19103;Piên;11236.0;13655.0;2419.0;21.53
MG;31;32404;Itajubá;90658.0;93073.0;2415.0;2.66
SC;42;11207;Morro da Fumaça;16126.0;18537.0;2411.0;14.95
BA;29;25253;Ponto Novo;15529.0;17938.0;2409.0;15.51
GO;52;22005;Vianópolis;12548.0;14956.0;2408.0;19.19
MG;31;21258;Delta;8089.0;10494.0;2405.0;29.73
MT;51;08501;Vera;10402.0;12800.0;2398.0;23.05
MG;31;57203;Santa Bárbara;28077.0;30466.0;2389.0;8.51
BA;29;05404;Cairu;15374.0;17761.0;2387.0;15.53
SC;42;10100;Mafra;52912.0;55286.0;2374.0;4.49
PB;25;11202;Pedras de Fogo;27289.0;29662.0;2373.0;8.7
MA;21;09007;Porto Franco;21530.0;23903.0;2373.0;11.02
PR;41;15606;Matelândia;16078.0;18450.0;2372.0;14.75
SC;42;12304;Paulo Lopes;6692.0;9063.0;2371.0;35.43
CE;23;10258;Paraipaba;29849.0;32216.0;2367.0;7.93
AM;13;03304;Novo Aripuanã;21451.0;23818.0;2367.0;11.03
MT;51;06240;Nova Ubiratã;9175.0;11530.0;2355.0;25.67
MT;51;03858;Gaúcha do Norte;6292.0;8642.0;2350.0;37.35
MG;31;03751;Araporã;6144.0;8479.0;2335.0;38.0
PR;41;17255;Nova Prata do Iguaçu;10377.0;12699.0;2322.0;22.38
SP;35;27207;Lorena;82537.0;84855.0;2318.0;2.81
SP;35;07902;Brotas;21580.0;23898.0;2318.0;10.74
SC;42;13708;Pouso Redondo;14810.0;17123.0;2313.0;15.62
PR;41;01002;Ampére;17308.0;19620.0;2312.0;13.36
PR;41;03107;Bocaiúva do Sul;10987.0;13299.0;2312.0;21.04
MA;21;11532;São Pedro da Água Branca;12028.0;14338.0;2310.0;19.21
MG;31;24005;Ervália;17946.0;20255.0;2309.0;12.87
SC;42;03956;Capivari de Baixo;21674.0;23975.0;2301.0;10.62
SP;35;07100;Bom Jesus dos Perdões;19708.0;22006.0;2298.0;11.66
PR;41;28203;União da Vitória;52735.0;55033.0;2298.0;4.36
SP;35;21150;Ipiguá;4463.0;6761.0;2298.0;51.49
SC;42;04806;Curitibanos;37748.0;40045.0;2297.0;6.09
BA;29;11204;Gandu;29887.0;32178.0;2291.0;7.67
MT;51;05507;Vila Bela da Santíssima Trindade;14493.0;16774.0;2281.0;15.74
MA;21;07605;Palmeirândia;18780.0;21059.0;2279.0;12.14
BA;29;19504;Livramento de Nossa Senhora;41625.0;43903.0;2278.0;5.47
RS;43;10009;Ibirubá;19310.0;21583.0;2273.0;11.77
SC;42;11702;Orleans;21393.0;23661.0;2268.0;10.6
RN;24;07807;Monte Alegre;20763.0;23031.0;2268.0;10.92
MT;51;04542;Itanhangá;5276.0;7539.0;2263.0;42.89
BA;29;27101;Rodelas;8056.0;10308.0;2252.0;27.95
PE;26;03207;Caetés;26577.0;28827.0;2250.0;8.47
SP;35;29302;Matão;76786.0;79033.0;2247.0;2.93
BA;29;18357;João Dourado;22609.0;24854.0;2245.0;9.93
BA;29;24405;Pilão Arcado;33118.0;35357.0;2239.0;6.76
MG;31;51206;Pirapora;53368.0;55606.0;2238.0;4.19
SC;42;03808;Canoinhas;52779.0;55016.0;2237.0;4.24
PI;22;05706;Luís Correia;28406.0;30641.0;2235.0;7.87
MA;21;02903;Carutapera;22006.0;24238.0;2232.0;10.14
PE;26;13503;São José do Belmonte;32617.0;34843.0;2226.0;6.82
PR;41;03800;Cambira;7236.0;9460.0;2224.0;30.74
BA;29;30766;Sítio do Quinto;12553.0;14773.0;2220.0;17.69
SC;42;03709;Canelinha;10603.0;12821.0;2218.0;20.92
SP;35;14403;Dracena;43258.0;45474.0;2216.0;5.12
SP;35;43303;Ribeirão Pires;113354.0;115559.0;2205.0;1.95
MS;50;07109;Ribas do Rio Pardo;20946.0;23150.0;2204.0;10.52
MG;31;12802;Capitólio;8183.0;10380.0;2197.0;26.85
MA;21;00832;Apicum-Açu;15323.0;17519.0;2196.0;14.33
PI;22;06720;Nazária;8068.0;10262.0;2194.0;27.19
MG;31;07901;Bom Repouso;10457.0;12649.0;2192.0;20.96
BA;29;21005;Mata de São João;40375.0;42566.0;2191.0;5.43
RS;43;04663;Capão do Leão;24298.0;26487.0;2189.0;9.01
ES;32;01407;Castelo;34747.0;36930.0;2183.0;6.28
MG;31;24401;Espírito Santo do Dourado;4429.0;6611.0;2182.0;49.27
SE;28;01207;Canindé de São Francisco;24654.0;26834.0;2180.0;8.84
SP;35;01905;Amparo;65829.0;68008.0;2179.0;3.31
PA;15;08357;Vitória do Xingu;13431.0;15607.0;2176.0;16.2
AM;13;04237;Tonantins;17079.0;19247.0;2168.0;12.69
CE;23;02602;Camocim;60158.0;62326.0;2168.0;3.6
CE;23;10704;Pentecoste;35651.0;37813.0;2162.0;6.06
MG;31;13404;Caratinga;85207.0;87360.0;2153.0;2.53
AC;12;00708;Xapuri;16091.0;18243.0;2152.0;13.37
MS;50;05681;Mundo Novo;17043.0;19193.0;2150.0;12.62
RJ;33;04151;Quissamã;20253.0;22393.0;2140.0;10.57
AL;27;00508;Barra de Santo Antônio;14230.0;16365.0;2135.0;15.0
MT;51;05101;Juara;32781.0;34906.0;2125.0;6.48
SP;35;40507;Porangaba;8326.0;10451.0;2125.0;25.52
RJ;33;02254;Itatiaia;28783.0;30908.0;2125.0;7.38
SP;35;38204;Pinhalzinho;13105.0;15224.0;2119.0;16.17
TO;17;09302;Guaraí;22661.0;24775.0;2114.0;9.33
PB;25;06301;Guarabira;55381.0;57484.0;2103.0;3.8
GO;52;15306;Orizona;14300.0;16399.0;2099.0;14.68
PR;41;02307;Balsa Nova;11300.0;13395.0;2095.0;18.54
SP;35;49953;São Lourenço da Serra;13973.0;16067.0;2094.0;14.99
RR;14;00506;São João da Baliza;6769.0;8858.0;2089.0;30.86
SC;42;04251;Cocal do Sul;15159.0;17240.0;2081.0;13.73
MG;31;68002;Taiobeiras;30970.0;33050.0;2080.0;6.72
PR;41;23501;Santa Helena;23413.0;25492.0;2079.0;8.88
AP;16;00154;Pedra Branca do Amapari;10772.0;12847.0;2075.0;19.26
MG;31;61908;São Gonçalo do Rio Abaixo;9777.0;11850.0;2073.0;21.2
AL;27;06901;Pilar;33305.0;35370.0;2065.0;6.2
SP;35;53807;Taquarituba;22291.0;24350.0;2059.0;9.24
AM;13;01803;Ipixuna;22254.0;24311.0;2057.0;9.24
SP;35;49409;São Joaquim da Barra;46512.0;48558.0;2046.0;4.4
BA;29;16856;Itatim;13691.0;15737.0;2046.0;14.94
MA;21;01251;Bacabeira;14925.0;16966.0;2041.0;13.68
AC;12;00435;Santa Rosa do Purus;4691.0;6723.0;2032.0;43.32
CE;23;08906;Morrinhos;20723.0;22753.0;2030.0;9.8
CE;23;02305;Bela Cruz;30745.0;32775.0;2030.0;6.6
AC;12;00054;Assis Brasil;6072.0;8100.0;2028.0;33.4
GO;52;19308;Santa Helena de Goiás;36467.0;38492.0;2025.0;5.55
PR;41;13502;Loanda;21201.0;23225.0;2024.0;9.55
BA;29;23506;Palmeiras;8316.0;10339.0;2023.0;24.33
PE;26;09907;Ouricuri;63228.0;65245.0;2017.0;3.19
SP;35;18602;Guariba;35486.0;37498.0;2012.0;5.67
CE;23;11108;Porteiras;15048.0;17050.0;2002.0;13.3
PR;41;15408;Marmeleiro;13900.0;15901.0;2001.0;14.4
SP;35;53955;Tarumã;12885.0;14882.0;1997.0;15.5
BA;29;09901;Curaçá;32191.0;34180.0;1989.0;6.18
ES;32;02652;Irupi;11723.0;13710.0;1987.0;16.95
SP;35;46702;Santa Gertrudes;21634.0;23611.0;1977.0;9.14
PA;15;08308;Viseu;56716.0;58692.0;1976.0;3.48
SP;35;22406;Itapeva;87753.0;89728.0;1975.0;2.25
SP;35;11003;Castilho;18003.0;19977.0;1974.0;10.96
PE;26;08453;Lagoa do Carro;16007.0;17981.0;1974.0;12.33
MT;51;06158;Nova Bandeirantes;11662.0;13635.0;1973.0;16.92
BA;29;26004;Remanso;38615.0;40586.0;1971.0;5.1
MT;51;01852;Bom Jesus do Araguaia;5314.0;7280.0;1966.0;37.0
BA;29;01007;Amargosa;34557.0;36521.0;1964.0;5.68
PR;41;00301;Agudos do Sul;8270.0;10233.0;1963.0;23.74
GO;52;18003;Porangatu;42355.0;44317.0;1962.0;4.63
RS;43;12658;Não-Me-Toque;15936.0;17898.0;1962.0;12.31
RS;43;17103;Sant'Ana do Livramento;82464.0;84421.0;1957.0;2.37
SP;35;24501;Jaci;5657.0;7613.0;1956.0;34.58
PR;41;04501;Capanema;18526.0;20481.0;1955.0;10.55
MA;21;12233;Trizidela do Vale;20529.0;22484.0;1955.0;9.52
GO;52;13756;Montividiu;10567.0;12521.0;1954.0;18.49
BA;29;24306;Piatã;18133.0;20086.0;1953.0;10.77
PI;22;11308;Valença do Piauí;20326.0;22279.0;1953.0;9.61
MA;21;01608;Barra do Corda;82580.0;84532.0;1952.0;2.36
SP;35;32009;Morungaba;11769.0;13720.0;1951.0;16.58
AM;13;02009;Itapiranga;8211.0;10162.0;1951.0;23.76
BA;29;22003;Mucuri;36026.0;37977.0;1951.0;5.42
MA;21;12803;Viana;49496.0;51442.0;1946.0;3.93
MG;31;69703;Turmalina;18055.0;20000.0;1945.0;10.77
MG;31;52006;Pompéu;29105.0;31047.0;1942.0;6.67
MA;21;06409;Mata Roma;15150.0;17090.0;1940.0;12.81
RS;43;04358;Candiota;8771.0;10710.0;1939.0;22.11
SP;35;21408;Iracemápolis;20029.0;21967.0;1938.0;9.68
RJ;33;02908;Miguel Pereira;24646.0;26582.0;1936.0;7.86
SP;35;05906;Batatais;56476.0;58402.0;1926.0;3.41
SC;42;09508;Laurentino;6007.0;7932.0;1925.0;32.05
SP;35;14908;Elias Fausto;15775.0;17699.0;1924.0;12.2
MG;31;43104;Monte Carmelo;45772.0;47692.0;1920.0;4.19
CE;23;02107;Baturité;33302.0;35218.0;1916.0;5.75
MA;21;06326;Maracaçumé;19234.0;21149.0;1915.0;9.96
SP;35;10153;Canitar;4369.0;6283.0;1914.0;43.81
PE;26;07307;Ipubi;27097.0;29009.0;1912.0;7.06
MS;50;05202;Ladário;19615.0;21522.0;1907.0;9.72
PR;41;16703;Nova Aurora;11866.0;13765.0;1899.0;16.0
MG;31;53608;Prudente de Morais;9573.0;11466.0;1893.0;19.77
SP;35;34757;Ouroeste;8405.0;10294.0;1889.0;22.47
SP;35;17406;Guaíra;37404.0;39279.0;1875.0;5.01
RS;43;13656;Palmares do Sul;10969.0;12844.0;1875.0;17.09
PI;22;10003;São João do Piauí;19548.0;21421.0;1873.0;9.58
PI;22;02901;Corrente;25407.0;27278.0;1871.0;7.36
PA;15;02855;Curuá;12254.0;14117.0;1863.0;15.2
AM;13;03007;Nhamundá;18278.0;20136.0;1858.0;10.17
MS;50;07802;Selvíria;6287.0;8142.0;1855.0;29.51
PE;26;13107;São Caitano;35274.0;37126.0;1852.0;5.25
ES;32;00904;Barra de São Francisco;40649.0;42498.0;1849.0;4.55
MG;31;69901;Ubá;101519.0;103365.0;1846.0;1.82
MG;31;36900;Juruaia;9238.0;11084.0;1846.0;19.98
RN;24;12500;São Miguel;21693.0;23537.0;1844.0;8.5
PB;25;04306;Catolé do Rocha;28818.0;30661.0;1843.0;6.4
SP;35;53005;Taguaí;10828.0;12669.0;1841.0;17.0
GO;52;04854;Campo Limpo de Goiás;6241.0;8081.0;1840.0;29.48
SC;42;15109;Rodeio;10922.0;12757.0;1835.0;16.8
PE;26;14808;Tacaratu;22068.0;23902.0;1834.0;8.31
PA;15;07979;Terra Santa;16949.0;18782.0;1833.0;10.81
RJ;33;05158;São José do Vale do Rio Preto;20251.0;22080.0;1829.0;9.03
SP;35;44004;Rio das Pedras;29501.0;31328.0;1827.0;6.19
MA;21;03752;Davinópolis;12579.0;14404.0;1825.0;14.51
MG;31;21605;Diamantina;45880.0;47702.0;1822.0;3.97
PB;25;01500;Bananeiras;21315.0;23134.0;1819.0;8.53
SC;42;06207;Gravatal;10618.0;12435.0;1817.0;17.11
AC;12;00807;Porto Acre;14880.0;16693.0;1813.0;12.18
PR;41;11209;Itapejara d'Oeste;10531.0;12344.0;1813.0;17.22
SP;35;02200;Angatuba;22210.0;24022.0;1812.0;8.16
MA;21;09908;Santa Inês;83203.0;85014.0;1811.0;2.18
RS;43;16006;Rolante;19448.0;21253.0;1805.0;9.28
SP;35;32405;Nazaré Paulista;16414.0;18217.0;1803.0;10.98
BA;29;02708;Barra;49291.0;51092.0;1801.0;3.65
MG;31;56304;Rodeiro;6867.0;8664.0;1797.0;26.17
MG;31;38625;Limeira do Oeste;6890.0;8687.0;1797.0;26.08
PR;41;27205;Terra Boa;15776.0;17568.0;1792.0;11.36
SP;35;08108;Buritama;15418.0;17210.0;1792.0;11.62
MG;31;45000;Nova Ponte;12812.0;14598.0;1786.0;13.94
BA;29;09802;Cruz das Almas;58562.0;60348.0;1786.0;3.05
MG;31;12505;Capim Branco;8881.0;10663.0;1782.0;20.07
PA;15;01451;Belterra;16318.0;18099.0;1781.0;10.91
PI;22;10805;Simplício Mendes;12089.0;13870.0;1781.0;14.73
AM;13;00029;Alvarães;14088.0;15866.0;1778.0;12.62
SP;35;20202;Igaratá;8831.0;10605.0;1774.0;20.09
MT;51;02504;Cáceres;87907.0;89681.0;1774.0;2.02
RS;43;21956;Trindade do Sul;5787.0;7556.0;1769.0;30.57
SE;28;03005;Itabaianinha;38910.0;40678.0;1768.0;4.54
SP;35;24808;Jales;47012.0;48776.0;1764.0;3.75
RS;43;13060;Nova Hartz;18324.0;20088.0;1764.0;9.63
MA;21;09502;Riachão;20387.0;22145.0;1758.0;8.62
MT;51;06422;Peixoto de Azevedo;30963.0;32714.0;1751.0;5.66
SC;42;08104;Itaiópolis;20301.0;22051.0;1750.0;8.62
SC;42;15653;Santa Rosa do Sul;8043.0;9792.0;1749.0;21.75
ES;32;04351;Rio Bananal;17530.0;19274.0;1744.0;9.95
MG;31;37502;Lagoa Formosa;17161.0;18904.0;1743.0;10.16
CE;23;01950;Barreira;20653.0;22392.0;1739.0;8.42
GO;52;15504;Ouvidor;5467.0;7200.0;1733.0;31.7
SP;35;33502;Novo Horizonte;36593.0;38324.0;1731.0;4.73
SP;35;53856;Taquarivaí;5151.0;6876.0;1725.0;33.49
BA;29;02906;Barra do Choça;34817.0;36539.0;1722.0;4.95
SP;35;26001;Junqueirópolis;18726.0;20448.0;1722.0;9.2
PR;41;17701;Palmeira;32133.0;33855.0;1722.0;5.36
PR;41;07256;Douradina;7445.0;9161.0;1716.0;23.05
MA;21;07209;Nina Rodrigues;12464.0;14176.0;1712.0;13.74
SP;35;56354;Vargem;8801.0;10512.0;1711.0;19.44
BA;29;14406;Iraquara;22170.0;23879.0;1709.0;7.71
RS;43;22004;Triunfo;25793.0;27498.0;1705.0;6.61
TO;17;20804;Sítio Novo do Tocantins;9132.0;10830.0;1698.0;18.59
PR;41;08320;Francisco Alves;6418.0;8116.0;1698.0;26.46
PB;25;08307;Lagoa Seca;26033.0;27730.0;1697.0;6.52
GO;52;07907;Flores de Goiás;12048.0;13744.0;1696.0;14.08
RN;24;11056;Tibau;3687.0;5382.0;1695.0;45.97
BA;29;30402;Serra Preta;16304.0;17996.0;1692.0;10.38
SP;35;08009;Buri;18563.0;20250.0;1687.0;9.09
PR;41;21802;Ribeirão Claro;10678.0;12364.0;1686.0;15.79
SP;35;13207;Cristais Paulista;7588.0;9272.0;1684.0;22.19
SC;42;17501;Seara;16936.0;18620.0;1684.0;9.94
MA;21;01731;Belágua;6782.0;8460.0;1678.0;24.74
PR;41;18907;Pérola;10208.0;11878.0;1670.0;16.36
PE;26;11002;Petrolândia;32492.0;34161.0;1669.0;5.14
SC;42;00200;Agrolândia;9323.0;10990.0;1667.0;17.88
SP;35;56305;Valparaíso;22576.0;24241.0;1665.0;7.38
PA;15;02772;Curionópolis;18288.0;19950.0;1662.0;9.09
PR;41;24103;Santo Antônio da Platina;42707.0;44369.0;1662.0;3.89
GO;52;03203;Barro Alto;8716.0;10371.0;1655.0;18.99
SP;35;42404;Regente Feijó;18494.0;20145.0;1651.0;8.93
SP;35;34906;Pacaembu;13226.0;14877.0;1651.0;12.48
SC;42;16404;São João do Sul;7018.0;8668.0;1650.0;23.51
RS;43;12708;Nonoai;12074.0;13719.0;1645.0;13.62
MT;51;01902;Brasnorte;15361.0;17004.0;1643.0;10.7
GO;52;18607;Rialma;10523.0;12165.0;1642.0;15.6
SP;35;19253;Iaras;6376.0;8010.0;1634.0;25.63
MA;21;04081;Fernando Falcão;9241.0;10873.0;1632.0;17.66
CE;23;04707;Granja;51717.0;53344.0;1627.0;3.15
PE;26;08305;Jupi;13705.0;15329.0;1624.0;11.85
MG;31;29301;Iapu;10407.0;12030.0;1623.0;15.6
PI;22;02703;Cocal;26591.0;28212.0;1621.0;6.1
SC;42;18301;Três Barras;18129.0;19746.0;1617.0;8.92
SP;35;36406;Paulicéia;6339.0;7955.0;1616.0;25.49
AP;16;00204;Calçoene;9000.0;10612.0;1612.0;17.91
MG;31;07307;Bocaiúva;46421.0;48032.0;1611.0;3.47
MS;50;03801;Fátima do Sul;19009.0;20609.0;1600.0;8.42
PE;26;11309;Pombos;25953.0;27552.0;1599.0;6.16
PA;15;06609;Santa Maria do Pará;23026.0;24624.0;1598.0;6.94
MT;51;03502;Diamantino;20343.0;21941.0;1598.0;7.86
MG;31;11408;Campo Florido;6870.0;8466.0;1596.0;23.23
AC;12;00179;Capixaba;8798.0;10392.0;1594.0;18.12
ES;32;00805;Baixo Guandu;29081.0;30674.0;1593.0;5.48
MG;31;62708;São João do Paraíso;22319.0;23910.0;1591.0;7.13
CE;23;06108;Irauçuba;22324.0;23915.0;1591.0;7.13
RN;24;06502;Lagoa Nova;13983.0;15573.0;1590.0;11.37
SP;35;13108;Cravinhos;31691.0;33281.0;1590.0;5.02
MG;31;01706;Almenara;38775.0;40364.0;1589.0;4.1
MA;21;08256;Pedro do Rosário;22732.0;24320.0;1588.0;6.99
SP;35;35804;Paranapanema;17808.0;19395.0;1587.0;8.91
SP;35;55109;Tupi Paulista;14269.0;15854.0;1585.0;11.11
PR;41;06506;Coronel Vivida;21749.0;23331.0;1582.0;7.27
SP;35;00550;Águas de Santa Bárbara;5601.0;7177.0;1576.0;28.14
BA;29;21906;Mucugê;10563.0;12137.0;1574.0;14.9
MG;31;22009;Divino;19133.0;20706.0;1573.0;8.22
SP;35;36109;Pardinho;5582.0;7153.0;1571.0;28.14
MG;31;30200;Igaratinga;9264.0;10830.0;1566.0;16.9
RS;43;20107;Sarandi;21285.0;22851.0;1566.0;7.36
RS;43;07807;Estrela;30619.0;32183.0;1564.0;5.11
MG;31;21209;Delfinópolis;6830.0;8393.0;1563.0;22.88
GO;52;00555;Alto Horizonte;4510.0;6072.0;1562.0;34.63
AC;12;00393;Porto Walter;9176.0;10735.0;1559.0;16.99
RJ;33;03955;Pinheiral;22740.0;24298.0;1558.0;6.85
CE;23;08203;Meruoca;13599.0;15157.0;1558.0;11.46
SP;35;37107;Pedreira;41558.0;43112.0;1554.0;3.74
MG;31;16159;Chapada Gaúcha;10805.0;12355.0;1550.0;14.35
AM;13;03908;São Paulo de Olivença;31422.0;32967.0;1545.0;4.92
MG;31;47402;Paraopeba;22563.0;24107.0;1544.0;6.84
PA;15;05403;Ourém;16311.0;17855.0;1544.0;9.47
MT;51;00300;Alto Araguaia;15649.0;17193.0;1544.0;9.87
SP;35;33205;Nova Independência;3068.0;4609.0;1541.0;50.23
MS;50;00856;Angélica;9191.0;10729.0;1538.0;16.73
SC;42;11504;Nova Trento;12190.0;13727.0;1537.0;12.61
MT;51;06653;Pontal do Araguaia;5395.0;6932.0;1537.0;28.49
AM;13;04302;Urucará;17094.0;18631.0;1537.0;8.99
PR;41;23006;Salto do Lontra;13689.0;15223.0;1534.0;11.21
TO;17;02554;Augustinópolis;15950.0;17484.0;1534.0;9.62
BA;29;10859;Filadélfia;16364.0;17897.0;1533.0;9.37
AM;13;02108;Japurá;7326.0;8858.0;1532.0;20.91
MS;50;03454;Deodápolis;12133.0;13663.0;1530.0;12.61
BA;29;27309;Salinas da Margarida;13463.0;14987.0;1524.0;11.32
BA;29;17706;Jaguarari;31184.0;32703.0;1519.0;4.87
SP;35;29500;Mendonça;4640.0;6159.0;1519.0;32.74
RN;24;11205;Santa Cruz;35797.0;37313.0;1516.0;4.23
SP;35;36307;Patrocínio Paulista;13000.0;14512.0;1512.0;11.63
PI;22;08304;Piracuruca;27339.0;28846.0;1507.0;5.51
ES;32;02306;Guaçuí;27851.0;29358.0;1507.0;5.41
GO;52;04706;Campinorte;11003.0;12510.0;1507.0;13.7
PR;41;12751;Jesuítas;9001.0;10506.0;1505.0;16.72
SP;35;12902;Cosmorama;7214.0;8719.0;1505.0;20.86
PR;41;18857;Perobal;5691.0;7189.0;1498.0;26.32
SP;35;10401;Capivari;48576.0;50068.0;1492.0;3.07
MA;21;01509;Barão de Grajaú;17493.0;18984.0;1491.0;8.52
SP;35;51405;Serra Azul;11256.0;12746.0;1490.0;13.24
BA;29;09307;Correntina;30970.0;32457.0;1487.0;4.8
PA;15;02608;Colares;11381.0;12868.0;1487.0;13.07
SP;35;22901;Itapuí;12173.0;13659.0;1486.0;12.21
SP;35;29401;Mauá;416778.0;418261.0;1483.0;0.36
SE;28;07600;Umbaúba;22434.0;23917.0;1483.0;6.61
AC;12;00013;Acrelândia;12538.0;14021.0;1483.0;11.83
MG;31;28709;Guaxupé;49430.0;50911.0;1481.0;3.0
AM;13;04104;Tapauá;18120.0;19599.0;1479.0;8.16
MG;31;47204;Paraguaçu;20245.0;21723.0;1478.0;7.3
PE;26;11705;Riacho das Almas;19162.0;20639.0;1477.0;7.71
SP;35;31209;Monte Alegre do Sul;7152.0;8627.0;1475.0;20.62
MG;31;32206;Itaguara;12372.0;13846.0;1474.0;11.91
SP;35;08603;Cachoeira Paulista;30091.0;31564.0;1473.0;4.9
GO;52;00100;Abadiânia;15759.0;17232.0;1473.0;9.35
PR;41;18006;Paraíso do Norte;11772.0;13245.0;1473.0;12.51
BA;29;27507;Santa Bárbara;19479.0;20952.0;1473.0;7.56
RS;43;21907;Três Passos;23965.0;25436.0;1471.0;6.14
PR;41;10102;Imbituva;28455.0;29924.0;1469.0;5.16
AL;27;03601;Japaratinga;7754.0;9219.0;1465.0;18.89
MG;31;44102;Muzambinho;20430.0;21891.0;1461.0;7.15
PB;25;16201;Sousa;65799.0;67259.0;1460.0;2.22
MG;31;67608;Simonésia;18298.0;19750.0;1452.0;7.94
BA;29;31608;Teolândia;13881.0;15332.0;1451.0;10.45
MG;31;69109;Toledo;5764.0;7214.0;1450.0;25.16
SP;35;19303;Ibaté;30734.0;32178.0;1444.0;4.7
BA;29;20452;Mansidão;12476.0;13919.0;1443.0;11.57
MG;31;64407;São Sebastião da Bela Vista;4948.0;6387.0;1439.0;29.08
SP;35;04800;Bálsamo;8160.0;9596.0;1436.0;17.6
GO;52;03906;Buriti Alegre;9059.0;10495.0;1436.0;15.85
PB;25;13901;São Bento;30801.0;32235.0;1434.0;4.66
MT;51;05622;Mirassol d'Oeste;25352.0;26785.0;1433.0;5.65
PR;41;13304;Laranjeiras do Sul;30801.0;32227.0;1426.0;4.63
SP;35;32207;Narandiba;4288.0;5713.0;1425.0;33.23
PB;25;09701;Monteiro;30852.0;32277.0;1425.0;4.62
MA;21;05153;Igarapé do Meio;12550.0;13974.0;1424.0;11.35
MG;31;50158;Piedade de Caratinga;7110.0;8529.0;1419.0;19.96
RJ;33;04805;São Fidélis;37543.0;38961.0;1418.0;3.78
SC;42;04509;Corupá;13852.0;15267.0;1415.0;10.22
MG;31;17876;Confins;5936.0;7350.0;1414.0;23.82
MG;31;26000;Florestal;6632.0;8045.0;1413.0;21.31
SC;42;10407;Maracajá;6404.0;7815.0;1411.0;22.03
PR;41;05409;Chopinzinho;19679.0;21085.0;1406.0;7.14
RS;43;08102;Feliz;12359.0;13764.0;1405.0;11.37
MA;21;01772;Bela Vista do Maranhão;10349.0;11750.0;1401.0;13.54
SE;28;01009;Campo do Brito;16749.0;18149.0;1400.0;8.36
GO;52;22054;Vicentinópolis;7373.0;8768.0;1395.0;18.92
MG;31;69406;Três Pontas;53860.0;55255.0;1395.0;2.59
PR;41;08809;Guaíra;30704.0;32097.0;1393.0;4.54
MG;31;40506;Martinho Campos;12611.0;14003.0;1392.0;11.04
SP;35;30508;Mococa;66290.0;67681.0;1391.0;2.1
PB;25;09057;Marcação;7609.0;8999.0;1390.0;18.27
PB;25;07101;Itapororoca;16997.0;18382.0;1385.0;8.15
TO;17;18303;Praia Norte;7659.0;9044.0;1385.0;18.08
MG;31;57906;Santa Margarida;15011.0;16395.0;1384.0;9.22
GO;52;21197;Terezópolis de Goiás;6561.0;7944.0;1383.0;21.08
MT;51;06778;Porto Alegre do Norte;10748.0;12127.0;1379.0;12.83
SP;35;54904;Três Fronteiras;5427.0;6804.0;1377.0;25.37
RJ;33;05802;Teresópolis;163746.0;165123.0;1377.0;0.84
MG;31;51404;Pitangui;25311.0;26685.0;1374.0;5.43
MG;31;61809;São Gonçalo do Pará;10398.0;11770.0;1372.0;13.19
PB;25;04033;Capim;5601.0;6970.0;1369.0;24.44
PB;25;12408;Puxinanã;12911.0;14277.0;1366.0;10.58
GO;52;04805;Campo Alegre de Goiás;6060.0;7422.0;1362.0;22.48
PR;41;27403;Terra Roxa;16759.0;18119.0;1360.0;8.12
MA;21;11573;São Pedro dos Crentes;4425.0;5783.0;1358.0;30.69
PR;41;10003;Iguaraçu;3982.0;5338.0;1356.0;34.05
RS;43;02352;Bom Princípio;11789.0;13142.0;1353.0;11.48
AL;27;08006;Santana do Ipanema;44867.0;46220.0;1353.0;3.02
AM;13;00060;Amaturá;9467.0;10819.0;1352.0;14.28
MG;31;31208;Ipanema;18170.0;19522.0;1352.0;7.44
MG;31;19302;Coromandel;27547.0;28894.0;1347.0;4.89
GO;52;14002;Mozarlândia;13404.0;14750.0;1346.0;10.04
RS;43;18200;São Francisco de Paula;20551.0;21893.0;1342.0;6.53
SP;35;51108;Sarapuí;9027.0;10369.0;1342.0;14.87
SP;35;06102;Bebedouro;75035.0;76373.0;1338.0;1.78
GO;52;15009;Nova Veneza;8145.0;9481.0;1336.0;16.4
GO;52;05406;Ceres;20712.0;22046.0;1334.0;6.44
AP;16;00253;Itaubal;4265.0;5599.0;1334.0;31.28
PI;22;06696;Murici dos Portelas;8464.0;9797.0;1333.0;15.75
PE;26;10301;Paranatama;10866.0;12199.0;1333.0;12.27
MG;31;07109;Boa Esperança;38516.0;39848.0;1332.0;3.46
RN;24;01008;Apodi;34763.0;36093.0;1330.0;3.83
CE;23;08377;Miraíma;12866.0;14196.0;1330.0;10.34
SP;35;14601;Dumont;8143.0;9471.0;1328.0;16.31
PE;26;08750;Lagoa Grande;22760.0;24088.0;1328.0;5.83
RR;14;00282;Iracema;8696.0;10023.0;1327.0;15.26
PA;15;07607;São Miguel do Guamá;51567.0;52894.0;1327.0;2.57
SP;35;15400;Fartura;15320.0;16641.0;1321.0;8.62
MG;31;60405;Santo Antônio do Monte;25975.0;27295.0;1320.0;5.08
AL;27;08709;São Miguel dos Milagres;7163.0;8482.0;1319.0;18.41
MG;31;03900;Araújos;7883.0;9199.0;1316.0;16.69
MG;31;01003;Águas Vermelhas;12722.0;14037.0;1315.0;10.34
PE;26;00500;Águas Belas;40235.0;41548.0;1313.0;3.26
MG;31;62450;São João das Missões;11715.0;13024.0;1309.0;11.17
PR;41;21208;Quitandinha;17089.0;18398.0;1309.0;7.66
GO;52;06404;Crixás;15760.0;17065.0;1305.0;8.28
PI;22;07801;Paulistana;19753.0;21055.0;1302.0;6.59
GO;52;00134;Acreúna;20268.0;21568.0;1300.0;6.41
MG;31;49903;Perdões;20087.0;21384.0;1297.0;6.46
RS;43;19505;São Sebastião do Caí;23134.0;24428.0;1294.0;5.59
MG;31;09303;Buritis;22737.0;24030.0;1293.0;5.69
MG;31;59001;Santana do Riacho;4023.0;5313.0;1290.0;32.07
MT;51;07248;Santa Carmem;4085.0;5374.0;1289.0;31.55
BA;29;24678;Piraí do Norte;9685.0;10974.0;1289.0;13.31
PR;41;24806;São João;10599.0;11886.0;1287.0;12.14
MA;21;02374;Cachoeira Grande;8446.0;9732.0;1286.0;15.23
SP;35;37503;Pereiras;7454.0;8737.0;1283.0;17.21
MG;31;69604;Tupaciguara;24188.0;25470.0;1282.0;5.3
MA;21;03000;Caxias;155692.0;156973.0;1281.0;0.82
PB;25;04900;Cruz do Espírito Santo;15815.0;17095.0;1280.0;8.09
MG;31;54150;Reduto;6569.0;7848.0;1279.0;19.47
SC;42;10001;Luiz Alves;10405.0;11684.0;1279.0;12.29
AC;12;00450;Senador Guiomard;20179.0;21454.0;1275.0;6.32
RJ;33;06008;Três Rios;77075.0;78346.0;1271.0;1.65
PR;41;26801;Tapejara;14598.0;15869.0;1271.0;8.71
SC;42;17303;Saudades;8994.0;10265.0;1271.0;14.13
SC;42;08401;Itapiranga;15371.0;16638.0;1267.0;8.24
GO;52;12303;Leopoldo de Bulhões;7479.0;8745.0;1266.0;16.93
ES;32;03007;Iúna;27328.0;28590.0;1262.0;4.62
SC;42;00309;Agronômica;4794.0;6055.0;1261.0;26.3
RJ;33;04003;Piraí;26214.0;27474.0;1260.0;4.81
MS;50;01102;Aquidauana;45543.0;46803.0;1260.0;2.77
RO;11;00189;Pimenta Bueno;33822.0;35079.0;1257.0;3.72
GO;52;12709;Mambaí;6867.0;8124.0;1257.0;18.3
SP;35;00758;Alambari;4884.0;6141.0;1257.0;25.74
PR;41;11803;Jacarezinho;39121.0;40375.0;1254.0;3.21
PB;25;01401;Baía da Traição;7971.0;9224.0;1253.0;15.72
MG;31;30507;Ilicínea;11488.0;12741.0;1253.0;10.91
MG;31;66808;Serra do Salitre;10549.0;11801.0;1252.0;11.87
SP;35;57303;Estiva Gerbi;10044.0;11295.0;1251.0;12.46
SP;35;40705;Porto Ferreira;51400.0;52649.0;1249.0;2.43
MG;31;24203;Espera Feliz;22856.0;24102.0;1246.0;5.45
PE;26;14600;Tabira;26436.0;27681.0;1245.0;4.71
BA;29;30204;Sento Sé;36909.0;38154.0;1245.0;3.37
MG;31;22454;Divisópolis;8974.0;10213.0;1239.0;13.81
MG;31;40555;Mata Verde;7874.0;9112.0;1238.0;15.72
MA;21;05476;Jenipapo dos Vieiras;15839.0;17076.0;1237.0;7.81
AL;27;06307;Palmeira dos Índios;70341.0;71574.0;1233.0;1.75
SP;35;44301;Roseira;9599.0;10832.0;1233.0;12.85
SC;42;01901;Aurora;5551.0;6780.0;1229.0;22.14
MG;31;37700;Lajinha;19609.0;20835.0;1226.0;6.25
SE;28;00506;Areia Branca;16857.0;18081.0;1224.0;7.26
SP;35;56909;Vista Alegre do Alto;6886.0;8109.0;1223.0;17.76
MG;31;40530;Martins Soares;7173.0;8396.0;1223.0;17.05
MG;31;72004;Visconde do Rio Branco;37942.0;39160.0;1218.0;3.21
MG;31;09907;Caetanópolis;10218.0;11435.0;1217.0;11.91
PB;25;12903;Rio Tinto;23366.0;24581.0;1215.0;5.2
MG;31;28907;Guimarânia;7265.0;8478.0;1213.0;16.7
CE;23;09201;Nova Olinda;14186.0;15399.0;1213.0;8.55
SP;35;37909;Pilar do Sul;26406.0;27619.0;1213.0;4.59
SP;35;01004;Altinópolis;15607.0;16818.0;1211.0;7.76
RS;43;22806;Veranópolis;22810.0;24021.0;1211.0;5.31
SP;35;53401;Tanabi;24055.0;25265.0;1210.0;5.03
SP;35;15202;Estrela d'Oeste;8208.0;9417.0;1209.0;14.73
PR;41;12801;Joaquim Távora;10736.0;11945.0;1209.0;11.26
MT;51;07180;Ribeirão Cascalheira;8881.0;10089.0;1208.0;13.6
AM;13;03502;Pauini;18166.0;19373.0;1207.0;6.64
SP;35;48609;São Bento do Sapucaí;10468.0;11674.0;1206.0;11.52
PA;15;07904;Soure;23001.0;24204.0;1203.0;5.23
AL;27;02603;Feira Grande;21513.0;22712.0;1199.0;5.57
MA;21;11607;São Raimundo das Mangabeiras;17474.0;18672.0;1198.0;6.86
SC;42;00606;Águas Mornas;5548.0;6743.0;1195.0;21.54
MG;31;43807;Munhoz;6257.0;7451.0;1194.0;19.08
RS;43;16758;Santa Clara do Sul;5697.0;6887.0;1190.0;20.89
RS;43;21808;Três de Maio;23726.0;24916.0;1190.0;5.02
SC;42;18806;Turvo;11855.0;13043.0;1188.0;10.02
GO;52;17708;Pontalina;17121.0;18309.0;1188.0;6.94
MA;21;03505;Colinas;39132.0;40316.0;1184.0;3.03
GO;52;04557;Caldazinha;3331.0;4507.0;1176.0;35.3
MG;31;54804;Rio Acima;9087.0;10261.0;1174.0;12.92
SC;42;09151;José Boiteux;4812.0;5985.0;1173.0;24.38
SP;35;21804;Itaí;24008.0;25180.0;1172.0;4.88
MT;51;06174;Nova Nazaré;3029.0;4200.0;1171.0;38.66
MT;51;06182;Nova Lacerda;5500.0;6670.0;1170.0;21.27
RN;24;10306;Serra Caiada;8960.0;10125.0;1165.0;13.0
PB;25;15302;Sapé;50143.0;51306.0;1163.0;2.32
BA;29;18506;Jussara;15194.0;16354.0;1160.0;7.63
PR;41;06308;Corbélia;16312.0;17470.0;1158.0;7.1
PB;25;00403;Alagoa Nova;19856.0;21013.0;1157.0;5.83
MG;31;45877;Orizânia;7284.0;8437.0;1153.0;15.83
PE;26;10806;Pedra;21644.0;22795.0;1151.0;5.32
RS;43;20008;Sapucaia do Sul;130957.0;132107.0;1150.0;0.88
CE;23;10902;Piquet Carneiro;15469.0;16616.0;1147.0;7.41
CE;23;11959;Salitre;15487.0;16633.0;1146.0;7.4
RN;24;08904;Parelhas;20354.0;21499.0;1145.0;5.63
PB;25;09206;Massaranduba;12994.0;14139.0;1145.0;8.81
MG;31;30408;Ijaci;5859.0;7003.0;1144.0;19.53
RS;43;01602;Bagé;116794.0;117938.0;1144.0;0.98
PE;26;12604;Santa Maria da Boa Vista;39435.0;40578.0;1143.0;2.9
PA;15;08035;Tracuateua;27455.0;28595.0;1140.0;4.15
PR;41;12108;Jandaia do Sul;20269.0;21408.0;1139.0;5.62
BA;29;19926;Madre de Deus;17376.0;18504.0;1128.0;6.49
SC;42;16503;São Joaquim;24812.0;25939.0;1127.0;4.54
PI;22;00202;Água Branca;16451.0;17573.0;1122.0;6.82
PB;25;11509;Pilar;11191.0;12311.0;1120.0;10.01
RS;43;09555;Harmonia;4259.0;5378.0;1119.0;26.27
PA;15;05486;Pacajá;39979.0;41097.0;1118.0;2.8
MG;31;67103;Serro;20835.0;21952.0;1117.0;5.36
MG;31;23601;Elói Mendes;25220.0;26336.0;1116.0;4.43
SP;35;12001;Colina;17371.0;18486.0;1115.0;6.42
PR;41;25605;São Mateus do Sul;41257.0;42366.0;1109.0;2.69
BA;29;30758;Sítio do Mato;12300.0;13408.0;1108.0;9.01
SP;35;06607;Biritiba Mirim;28575.0;29683.0;1108.0;3.88
CE;23;08351;Milhã;13015.0;14123.0;1108.0;8.51
PB;25;13158;Santa Cecília;6563.0;7670.0;1107.0;16.87
BA;29;17805;Jaguaripe;16552.0;17659.0;1107.0;6.69
RS;43;22251;Tupandi;3924.0;5029.0;1105.0;28.16
MG;31;51008;Piranguinho;8016.0;9120.0;1104.0;13.77
SP;35;45159;Saltinho;7059.0;8161.0;1102.0;15.61
BA;29;30808;Souto Soares;15952.0;17054.0;1102.0;6.91
CE;23;07809;Marco;24698.0;25799.0;1101.0;4.46
SP;35;53203;Taiúva;5447.0;6548.0;1101.0;20.21
PE;26;00302;Agrestina;22679.0;23779.0;1100.0;4.85
MS;50;00906;Antônio João;8208.0;9303.0;1095.0;13.34
PR;41;17453;Ouro Verde do Oeste;5692.0;6785.0;1093.0;19.2
MG;31;06408;Belo Vale;7536.0;8627.0;1091.0;14.48
MG;31;04601;Astolfo Dutra;13049.0;14138.0;1089.0;8.35
PE;26;00203;Afrânio;17586.0;18674.0;1088.0;6.19
PE;26;01052;Araçoiaba;18156.0;19243.0;1087.0;5.99
SC;42;01505;Armazém;7753.0;8834.0;1081.0;13.94
PR;41;26272;Saudade do Iguaçu;5028.0;6108.0;1080.0;21.48
PE;26;03108;Cachoeirinha;18819.0;19899.0;1080.0;5.74
SP;35;37206;Pedro de Toledo;10204.0;11281.0;1077.0;10.55
SC;42;17253;São Pedro de Alcântara;4704.0;5776.0;1072.0;22.79
MG;31;38609;Lima Duarte;16149.0;17221.0;1072.0;6.64
SC;42;16057;São Cristóvão do Sul;5012.0;6084.0;1072.0;21.39
PR;41;14500;Manoel Ribas;13169.0;14240.0;1071.0;8.13
PE;26;08909;Limoeiro;55439.0;56510.0;1071.0;1.93
SC;42;00705;Alfredo Wagner;9410.0;10481.0;1071.0;11.38
PB;25;16300;Sumé;16096.0;17166.0;1070.0;6.65
ES;32;01159;Brejetuba;11915.0;12985.0;1070.0;8.98
SC;42;12205;Papanduva;18080.0;19150.0;1070.0;5.92
MA;21;03158;Centro do Guilherme;11273.0;12342.0;1069.0;9.48
MA;21;02606;Cândido Mendes;18864.0;19932.0;1068.0;5.66
MA;21;12001;Tasso Fragoso;7796.0;8862.0;1066.0;13.67
MG;31;47303;Paraisópolis;19379.0;20445.0;1066.0;5.5
PR;41;01705;Araruna;13419.0;14485.0;1066.0;7.94
RN;24;05801;João Câmara;32227.0;33290.0;1063.0;3.3
MG;31;33105;Itanhandu;14175.0;15236.0;1061.0;7.49
SP;35;05807;Bastos;20445.0;21503.0;1058.0;5.17
BA;29;30105;Senhor do Bonfim;73466.0;74523.0;1057.0;1.44
MT;51;02603;Campinápolis;14291.0;15347.0;1056.0;7.39
PR;41;20705;Quatiguá;7045.0;8099.0;1054.0;14.96
RS;43;20206;Seberi;10897.0;11950.0;1053.0;9.66
MG;31;57005;Salinas;39125.0;40178.0;1053.0;2.69
ES;32;03502;Montanha;17849.0;18900.0;1051.0;5.89
SC;42;17808;Taió;17260.0;18310.0;1050.0;6.08
GO;52;17104;Piracanjuba;23834.0;24883.0;1049.0;4.4
SP;35;24907;Jambeiro;5349.0;6397.0;1048.0;19.59
SP;35;25508;Joanópolis;11768.0;12815.0;1047.0;8.9
TO;17;20101;São Bento do Tocantins;4608.0;5654.0;1046.0;22.7
MG;31;19401;Coronel Fabriciano;103694.0;104736.0;1042.0;1.0
BA;29;08101;Cocos;18111.0;19151.0;1040.0;5.74
AP;16;00535;Porto Grande;16809.0;17848.0;1039.0;6.18
AM;13;03205;Novo Airão;14723.0;15761.0;1038.0;7.05
TO;17;08254;Tabocão;2419.0;3455.0;1036.0;42.83
MG;31;70750;Varjão de Minas;5934.0;6969.0;1035.0;17.44
CE;23;09102;Mulungu;9534.0;10569.0;1035.0;10.86
SP;35;42008;Quintana;6004.0;7038.0;1034.0;17.22
SP;35;56008;Urupês;12714.0;13744.0;1030.0;8.1
ES;32;03353;Marilândia;11358.0;12387.0;1029.0;9.06
SC;42;16354;São João do Itaperiú;3435.0;4463.0;1028.0;29.93
RS;43;16600;Sananduva;15373.0;16399.0;1026.0;6.67
RO;11;00924;Chupinguaia;8301.0;9324.0;1023.0;12.32
SP;35;16101;Florínea;2829.0;3851.0;1022.0;36.13
RS;43;11627;Lindolfo Collor;5227.0;6248.0;1021.0;19.53
BA;29;29602;Sapeaçu;16943.0;17963.0;1020.0;6.02
SP;35;23503;Itatinga;18052.0;19070.0;1018.0;5.64
MG;31;62948;São José da Barra;6778.0;7793.0;1015.0;14.97
PE;26;14709;Tacaimbó;12725.0;13738.0;1013.0;7.96
MG;31;45109;Nova Resende;15374.0;16387.0;1013.0;6.59
SE;28;01702;Cristinápolis;16087.0;17100.0;1013.0;6.3
SC;42;04004;Catanduvas;9555.0;10566.0;1011.0;10.58
SP;35;26407;Laranjal Paulista;25251.0;26261.0;1010.0;4.0
SC;42;04350;Cordilheira Alta;3771.0;4781.0;1010.0;26.78
MA;21;10658;São Domingos do Azeitão;6983.0;7992.0;1009.0;14.45
SC;42;13807;Praia Grande;7262.0;8270.0;1008.0;13.88
BA;29;25808;Queimadas;24986.0;25988.0;1002.0;4.01
RS;43;12153;Mato Leitão;3858.0;4859.0;1001.0;25.95
MG;31;62559;São João do Manhuaçu;10245.0;11246.0;1001.0;9.77
RS;43;01107;Arroio dos Ratos;13606.0;14601.0;995.0;7.31
SP;35;40754;Potim;19397.0;20392.0;995.0;5.13
PE;26;12703;Santa Maria do Cambucá;13021.0;14013.0;992.0;7.62
ES;32;02207;Fundão;17025.0;18014.0;989.0;5.81
TO;17;02901;Axixá do Tocantins;9275.0;10262.0;987.0;10.64
MG;31;65578;Senador Amaral;5219.0;6206.0;987.0;18.91
SP;35;44806;Sales;5451.0;6437.0;986.0;18.09
BA;29;28406;Santa Rita de Cássia;26404.0;27390.0;986.0;3.73
MT;51;06299;Paranaíta;10686.0;11671.0;985.0;9.22
MA;21;01004;Arari;28488.0;29472.0;984.0;3.45
SC;42;13104;Piratuba;4786.0;5769.0;983.0;20.54
GO;52;05901;Corumbaíba;8181.0;9164.0;983.0;12.02
MG;31;28006;Guanhães;31262.0;32244.0;982.0;3.14
RS;43;19000;São Marcos;20103.0;21084.0;981.0;4.88
CE;23;13609;Ubajara;31787.0;32767.0;980.0;3.08
SP;35;27603;Luís Antônio;11286.0;12265.0;979.0;8.67
MG;31;68903;Tiros;6906.0;7883.0;977.0;14.15
MG;31;70057;Ubaporanga;12040.0;13017.0;977.0;8.11
PB;25;11301;Piancó;15465.0;16441.0;976.0;6.31
SC;42;11751;Otacílio Costa;16337.0;17312.0;975.0;5.97
MG;31;44003;Mutum;26661.0;27635.0;974.0;3.65
MG;31;39805;Mar de Espanha;11749.0;12721.0;972.0;8.27
SP;35;44509;Rubinéia;2862.0;3833.0;971.0;33.93
AM;13;03957;São Sebastião do Uatumã;10705.0;11670.0;965.0;9.01
MS;50;01508;Bandeirantes;6977.0;7940.0;963.0;13.8
MS;50;06275;Paraíso das Águas;4548.0;5510.0;962.0;21.15
GO;52;04102;Cachoeira Alta;10552.0;11513.0;961.0;9.11
SP;35;38808;Piraju;28475.0;29436.0;961.0;3.37
ES;32;04609;Santa Teresa;21851.0;22808.0;957.0;4.38
MG;31;14501;Carmópolis de Minas;17048.0;18003.0;955.0;5.6
RS;43;12807;Nova Araçá;4001.0;4954.0;953.0;23.82
BA;29;23001;Nova Viçosa;38556.0;39509.0;953.0;2.47
BA;29;12806;Ibirapuã;7948.0;8896.0;948.0;11.93
PI;22;05581;Lagoa do Piauí;3863.0;4810.0;947.0;24.51
CE;23;02800;Canindé;73228.0;74174.0;946.0;1.29
PR;41;23402;Santa Fé;10432.0;11378.0;946.0;9.07
SP;35;12803;Cosmópolis;58827.0;59773.0;946.0;1.61
PA;15;06559;Santa Luzia do Pará;19424.0;20370.0;946.0;4.87
RN;24;12609;São Paulo do Potengi;15843.0;16786.0;943.0;5.95
MT;51;03007;Chapada dos Guimarães;18047.0;18990.0;943.0;5.23
RS;43;17905;Santo Cristo;14378.0;15320.0;942.0;6.55
SC;42;04558;Correia Pinto;14785.0;15727.0;942.0;6.37
AL;27;07503;Porto Real do Colégio;19141.0;20082.0;941.0;4.92
PR;41;24509;Santo Inácio;5241.0;6181.0;940.0;17.94
RS;43;22541;Vale Real;5118.0;6058.0;940.0;18.37
SC;42;19853;Zortéa;2991.0;3930.0;939.0;31.39
PR;41;23808;Santa Izabel do Oeste;13132.0;14070.0;938.0;7.14
RN;24;10405;Pureza;8424.0;9362.0;938.0;11.13
MG;31;53905;Raposos;15342.0;16279.0;937.0;6.11
SP;35;34708;Ourinhos;103035.0;103970.0;935.0;0.91
SC;42;07650;Iporã do Oeste;8400.0;9335.0;935.0;11.13
RN;24;12559;São Miguel do Gostoso;9287.0;10221.0;934.0;10.06
MG;31;21902;Divinésia;3293.0;4226.0;933.0;28.33
SP;35;31308;Monte Alto;46642.0;47574.0;932.0;2.0
SC;42;07684;Ipuaçu;6798.0;7730.0;932.0;13.71
BA;29;14505;Irará;27112.0;28043.0;931.0;3.43
PR;41;19608;Pitanga;32638.0;33567.0;929.0;2.85
SP;35;32504;Neves Paulista;8772.0;9699.0;927.0;10.57
BA;29;26301;Riachão do Jacuípe;32463.0;33386.0;923.0;2.84
SP;35;55604;Uchoa;9471.0;10394.0;923.0;9.75
BA;29;05008;Caculé;21541.0;22462.0;921.0;4.28
SE;28;04201;Monte Alegre de Sergipe;13415.0;14336.0;921.0;6.87
BA;29;07103;Carinhanha;27948.0;28869.0;921.0;3.3
SP;35;41208;Presidente Bernardes;13570.0;14490.0;920.0;6.78
RS;43;13805;Palmitinho;6920.0;7839.0;919.0;13.28
CE;23;13559;Tururu;14495.0;15412.0;917.0;6.33
SC;42;01703;Ascurra;7403.0;8319.0;916.0;12.37
ES;32;04500;Santa Leopoldina;12191.0;13106.0;915.0;7.51
SE;28;06206;Salgado;19365.0;20279.0;914.0;4.72
PE;26;08255;Jucati;10604.0;11517.0;913.0;8.61
SP;35;38600;Piracaia;25116.0;26029.0;913.0;3.64
MG;31;40902;Matipó;17639.0;18552.0;913.0;5.18
MG;31;20201;Cristais;11286.0;12197.0;911.0;8.07
RS;43;15909;Rodeio Bonito;5743.0;6654.0;911.0;15.86
PR;41;18451;Pato Bragado;4822.0;5733.0;911.0;18.89
SP;35;26506;Lavínia;8779.0;9689.0;910.0;10.37
RS;43;10108;Igrejinha;31899.0;32808.0;909.0;2.85
CE;23;06603;Itatira;19516.0;20424.0;908.0;4.65
BA;29;31004;Tanhaçu;20105.0;21006.0;901.0;4.48
MG;31;68507;Teixeiras;11355.0;12255.0;900.0;7.93
PA;15;05551;Pau D'Arco;6033.0;6931.0;898.0;14.88
BA;29;31053;Tanque Novo;16261.0;17158.0;897.0;5.52
MA;21;05963;Lagoa Grande do Maranhão;10517.0;11411.0;894.0;8.5
SC;42;02701;Botuverá;4470.0;5363.0;893.0;19.98
SP;35;00105;Adamantina;33797.0;34687.0;890.0;2.63
RJ;33;04128;Quatis;12793.0;13682.0;889.0;6.95
GO;52;14838;Nova Crixás;11927.0;12815.0;888.0;7.45
SP;35;34005;Onda Verde;3884.0;4771.0;887.0;22.84
PR;41;15853;Mercedes;5046.0;5931.0;885.0;17.54
SE;28;01306;Capela;30761.0;31645.0;884.0;2.87
SC;42;12650;Pescaria Brava;9307.0;10190.0;883.0;9.49
RS;43;18622;São José dos Ausentes;3290.0;4172.0;882.0;26.81
MG;31;50703;Pirajuba;4656.0;5537.0;881.0;18.92
SC;42;11405;Nova Erechim;4275.0;5155.0;880.0;20.58
SP;35;28601;Manduri;8992.0;9871.0;879.0;9.78
AM;13;00102;Anori;16317.0;17194.0;877.0;5.37
GO;52;18904;Rubiataba;18915.0;19788.0;873.0;4.62
PR;41;15358;Maripá;5684.0;6555.0;871.0;15.32
BA;29;29057;São Félix do Coribe;14326.0;15194.0;868.0;6.06
SP;35;56404;Vargem Grande do Sul;39266.0;40133.0;867.0;2.21
AL;27;07404;Porto de Pedras;8429.0;9295.0;866.0;10.27
MT;51;06281;Novo São Joaquim;6054.0;6919.0;865.0;14.29
AP;16;00238;Ferreira Gomes;5802.0;6666.0;864.0;14.89
PR;41;11506;Ivaiporã;31856.0;32720.0;864.0;2.71
PB;25;15971;Sobrado;7373.0;8236.0;863.0;11.7
CE;23;13906;Uruoca;12883.0;13746.0;863.0;6.7
MG;31;37809;Lambari;19554.0;20414.0;860.0;4.4
SP;35;36257;Parisi;2032.0;2892.0;860.0;42.32
PE;26;05400;Feira Nova;20571.0;21427.0;856.0;4.16
MG;31;01631;Alfredo Vasconcelos;6075.0;6931.0;856.0;14.09
PB;25;08554;Logradouro;3942.0;4797.0;855.0;21.69
PE;26;05707;Floresta;29285.0;30137.0;852.0;2.91
PI;22;09971;São João do Arraial;7336.0;8186.0;850.0;11.59
MG;31;09709;Cachoeira de Minas;11034.0;11883.0;849.0;7.69
SP;35;54953;Tuiuti;5930.0;6778.0;848.0;14.3
AM;13;01506;Envira;16338.0;17186.0;848.0;5.19
SP;35;44905;Sales Oliveira;10568.0;11411.0;843.0;7.98
PB;25;07002;Itaporanga;23098.0;23940.0;842.0;3.65
SP;35;06904;Bofete;9618.0;10460.0;842.0;8.75
CE;23;07106;Jardim;26574.0;27411.0;837.0;3.15
PB;25;09305;Mataraca;7407.0;8244.0;837.0;11.3
SP;35;06300;Bernardino de Campos;10775.0;11607.0;832.0;7.72
MS;50;05152;Juti;5897.0;6729.0;832.0;14.11
MG;31;27206;Funilândia;3855.0;4686.0;831.0;21.56
PB;25;03001;Caaporã;20362.0;21193.0;831.0;4.08
PB;25;08604;Lucena;11730.0;12560.0;830.0;7.08
SP;35;54508;Tietê;36835.0;37663.0;828.0;2.25
PR;41;15754;Mauá da Serra;8555.0;9383.0;828.0;9.68
SP;35;37800;Piedade;52143.0;52970.0;827.0;1.59
MG;31;50901;Piranguçu;5217.0;6041.0;824.0;15.79
RS;43;02402;Bom Retiro do Sul;11472.0;12294.0;822.0;7.17
PB;25;09503;Montadas;4990.0;5812.0;822.0;16.47
RJ;33;00159;Aperibé;10213.0;11034.0;821.0;8.04
CE;23;04954;Guaiúba;23504.0;24325.0;821.0;3.49
SP;35;14007;Dobrada;7939.0;8759.0;820.0;10.33
PE;26;16001;Venturosa;16433.0;17251.0;818.0;4.98
SP;35;21101;Ipeúna;6016.0;6831.0;815.0;13.55
RS;43;04903;Casca;8651.0;9465.0;814.0;9.41
MG;31;05103;Bambuí;22734.0;23546.0;812.0;3.57
MG;31;43500;Morada Nova de Minas;8255.0;9067.0;812.0;9.84
PR;41;17305;Ortigueira;23380.0;24192.0;812.0;3.47
BA;29;28505;Santa Terezinha;9629.0;10441.0;812.0;8.43
MG;31;08602;Brasília de Minas;31213.0;32025.0;812.0;2.6
PE;26;15508;Tracunhaém;13055.0;13867.0;812.0;6.22
RS;43;12906;Nova Bassano;8840.0;9649.0;809.0;9.15
MS;50;04601;Itaquiraí;18614.0;19423.0;809.0;4.35
MA;21;05500;João Lisboa;23900.0;24709.0;809.0;3.38
GO;52;10109;Ipameri;24740.0;25548.0;808.0;3.27
GO;52;02502;Aruanã;7496.0;8300.0;804.0;10.73
SP;35;32801;Nova Aliança;5891.0;6693.0;802.0;13.61
MG;31;35407;Jeceaba;5395.0;6197.0;802.0;14.87
PA;15;07755;Sapucaia;5047.0;5847.0;800.0;15.85
MT;51;07768;Santa Rita do Trivelato;2477.0;3276.0;799.0;32.26
MS;50;04908;Jaraguari;6341.0;7139.0;798.0;12.58
RJ;33;02270;Japeri;95492.0;96289.0;797.0;0.83
RS;43;03905;Campo Bom;62091.0;62886.0;795.0;1.28
SP;35;19402;Ibirá;10896.0;11690.0;794.0;7.29
PI;22;02083;Cajueiro da Praia;7163.0;7957.0;794.0;11.08
SP;35;00204;Adolfo;3557.0;4351.0;794.0;22.32
RJ;33;03708;Paraíba do Sul;41269.0;42063.0;794.0;1.92
MG;31;08552;Brasilândia de Minas;14226.0;15020.0;794.0;5.58
CE;23;05803;Ipu;40292.0;41081.0;789.0;1.96
RS;43;14035;Pareci Novo;3530.0;4319.0;789.0;22.35
SP;35;54300;Teodoro Sampaio;21386.0;22173.0;787.0;3.68
SP;35;36208;Pariquera-Açu;18446.0;19233.0;787.0;4.27
PA;15;07003;Santo Antônio do Tauá;26674.0;27461.0;787.0;2.95
PR;41;22156;Rio Bonito do Iguaçu;13143.0;13929.0;786.0;5.98
RN;24;03301;Encanto;5231.0;6016.0;785.0;15.01
MG;31;68804;Tiradentes;6961.0;7744.0;783.0;11.25
RS;43;14050;Parobé;51275.0;52058.0;783.0;1.53
MG;31;33006;Itamonte;14003.0;14786.0;783.0;5.59
BA;29;07905;Cipó;16449.0;17230.0;781.0;4.75
RS;43;21402;Tenente Portela;13719.0;14497.0;778.0;5.67
ES;32;01100;Bom Jesus do Norte;9476.0;10254.0;778.0;8.21
PR;41;02109;Astorga;24698.0;25475.0;777.0;3.15
SP;35;36802;Pedra Bela;5780.0;6557.0;777.0;13.44
MG;31;57252;Santa Bárbara do Leste;7682.0;8458.0;776.0;10.1
SC;42;14201;Quilombo;10248.0;11022.0;774.0;7.55
BA;29;03276;Barrocas;14429.0;15203.0;774.0;5.36
MG;31;32503;Itamarandiba;32175.0;32948.0;773.0;2.4
MG;31;44656;Ninheira;9815.0;10588.0;773.0;7.88
GO;52;05000;Carmo do Rio Verde;8938.0;9710.0;772.0;8.64
BA;29;01502;Anguera;10259.0;11031.0;772.0;7.53
MG;31;20805;Cruzília;14591.0;15362.0;771.0;5.28
GO;52;13707;Montes Claros de Goiás;7985.0;8756.0;771.0;9.66
MA;21;07100;Morros;17783.0;18554.0;771.0;4.34
MT;51;06190;Nova Santa Helena;3468.0;4239.0;771.0;22.23
RS;43;09050;Glorinha;6891.0;7658.0;767.0;11.13
RJ;33;03500;Nova Iguaçu;785102.0;785867.0;765.0;0.1
PR;41;10607;Iporã;14981.0;15746.0;765.0;5.11
MG;31;62203;São João Batista do Glória;6887.0;7652.0;765.0;11.11
MT;51;03908;General Carneiro;5272.0;6037.0;765.0;14.51
CE;23;04905;Groaíras;10147.0;10910.0;763.0;7.52
SP;35;03109;Arandu;6123.0;6885.0;762.0;12.44
MG;31;51602;Planura;10384.0;11145.0;761.0;7.33
MT;51;07743;Santa Cruz do Xingu;1900.0;2661.0;761.0;40.05
MA;21;02101;Brejo;33359.0;34120.0;761.0;2.28
MS;50;06309;Paranaíba;40197.0;40957.0;760.0;1.89
MT;51;04609;Itiquira;11478.0;12236.0;758.0;6.6
RN;24;06601;Lagoa Salgada;7564.0;8319.0;755.0;9.98
SC;42;03303;Campo Alegre;11748.0;12501.0;753.0;6.41
PA;15;07201;São Domingos do Capim;29846.0;30599.0;753.0;2.52
SP;35;48054;Santo Antônio do Aracanguá;7626.0;8379.0;753.0;9.87
MS;50;07406;Rio Verde de Mato Grosso;19066.0;19818.0;752.0;3.94
MG;31;51305;Piraúba;10862.0;11610.0;748.0;6.89
RS;43;21667;Três Cachoeiras;10217.0;10962.0;745.0;7.29
MA;21;00709;Anajatuba;24579.0;25322.0;743.0;3.02
GO;52;03609;Brazabrantes;3251.0;3992.0;741.0;22.79
RN;24;10504;Rafael Fernandes;4692.0;5432.0;740.0;15.77
MA;21;00550;Amapá do Maranhão;6431.0;7170.0;739.0;11.49
RJ;33;04706;Santo Antônio de Pádua;40589.0;41325.0;736.0;1.81
PR;41;09005;Guapirama;3891.0;4626.0;735.0;18.89
MA;21;08009;Pastos Bons;18067.0;18802.0;735.0;4.07
MG;31;11200;Campo Belo;51544.0;52277.0;733.0;1.42
BA;29;33174;Varzedo;9183.0;9913.0;730.0;7.95
MT;51;03106;Cocalinho;5490.0;6220.0;730.0;13.3
BA;29;11402;Glória;14795.0;15524.0;729.0;4.93
MG;31;35704;Jequitibá;5156.0;5883.0;727.0;14.1
MS;50;04403;Inocência;7677.0;8404.0;727.0;9.47
RS;43;01651;Barão;5735.0;6461.0;726.0;12.66
SE;28;04458;Nossa Senhora Aparecida;8508.0;9232.0;724.0;8.51
MT;51;07354;São José do Xingu;5240.0;5964.0;724.0;13.82
TO;17;21109;Tocantínia;6736.0;7459.0;723.0;10.73
GO;52;18052;Porteirão;3347.0;4070.0;723.0;21.6
MG;31;38674;Luisburgo;6234.0;6956.0;722.0;11.58
PR;41;19806;Planalto;13654.0;14374.0;720.0;5.27
SE;28;02809;Indiaroba;15831.0;16549.0;718.0;4.54
SP;35;29609;Meridiano;3855.0;4572.0;717.0;18.6
SC;42;17600;Siderópolis;12998.0;13714.0;716.0;5.51
PI;22;05953;Marcolândia;7819.0;8533.0;714.0;9.13
RN;24;14159;Tenente Laurentino Cruz;5177.0;5891.0;714.0;13.79
MG;31;51107;Pirapetinga;10364.0;11077.0;713.0;6.88
MG;31;31604;Iraí de Minas;6467.0;7180.0;713.0;11.03
BA;29;09703;Cristópolis;13280.0;13993.0;713.0;5.37
MG;31;54101;Recreio;10299.0;11007.0;708.0;6.87
MG;31;23007;Dores de Campos;9299.0;10007.0;708.0;7.61
CE;23;14003;Várzea Alegre;38276.0;38984.0;708.0;1.85
GO;52;20264;São Miguel do Passa Quatro;3757.0;4464.0;707.0;18.82
SC;42;18608;Trombudo Central;6567.0;7274.0;707.0;10.77
BA;29;14109;Ipupiara;9229.0;9935.0;706.0;7.65
SP;35;55505;Ubirajara;4427.0;5132.0;705.0;15.93
SP;35;25409;Jeriquara;3160.0;3863.0;703.0;22.25
SP;35;13702;Descalvado;31056.0;31756.0;700.0;2.25
MA;21;06672;Milagres do Maranhão;8118.0;8818.0;700.0;8.62
RJ;33;04300;Rio Bonito;55576.0;56276.0;700.0;1.26
RS;43;04689;Capela de Santana;10462.0;11159.0;697.0;6.66
PR;41;17222;Nova Santa Rosa;7626.0;8322.0;696.0;9.13
SC;42;19002;Urussanga;20223.0;20919.0;696.0;3.44
PB;25;04355;Caturité;4563.0;5254.0;691.0;15.14
PB;25;16805;Triunfo;9201.0;9892.0;691.0;7.51
BA;29;11600;Governador Mangabeira;19916.0;20605.0;689.0;3.46
PA;15;06161;Rio Maria;17697.0;18384.0;687.0;3.88
MG;31;40803;Matias Barbosa;13435.0;14121.0;686.0;5.11
GO;52;12907;Marzagão;2072.0;2758.0;686.0;33.11
RO;11;00098;Espigão D'Oeste;28729.0;29414.0;685.0;2.38
PR;41;20606;Prudentópolis;48709.0;49393.0;684.0;1.4
PB;25;09404;Mogeiro;13219.0;13899.0;680.0;5.14
MS;50;03488;Dois Irmãos do Buriti;10423.0;11100.0;677.0;6.5
PR;41;20853;Quatro Pontes;3803.0;4480.0;677.0;17.8
MG;31;20607;Crucilândia;4757.0;5434.0;677.0;14.23
MA;21;02754;Capinzal do Norte;10698.0;11374.0;676.0;6.32
PB;25;02508;Boqueirão;16922.0;17598.0;676.0;3.99
SC;42;14607;Rio do Oeste;7072.0;7747.0;675.0;9.54
CE;23;03402;Carnaubal;16537.0;17210.0;673.0;4.07
CE;23;10605;Penaforte;8299.0;8972.0;673.0;8.11
PI;22;06753;Nossa Senhora de Nazaré;4556.0;5228.0;672.0;14.75
BA;29;30600;Serrolândia;12664.0;13335.0;671.0;5.3
SP;35;45704;Santa Albertina;5723.0;6393.0;670.0;11.71
GO;52;22302;Vila Propício;5145.0;5815.0;670.0;13.02
SE;28;02106;Estância;64409.0;65078.0;669.0;1.04
PA;15;00503;Almeirim;33614.0;34280.0;666.0;1.98
SC;42;07809;Irani;9531.0;10195.0;664.0;6.97
BA;29;13200;Ibotirama;25645.0;26309.0;664.0;2.59
SP;35;00501;Águas de Lindóia;17266.0;17930.0;664.0;3.85
SP;35;50605;São Roque;78821.0;79484.0;663.0;0.84
SP;35;29203;Martinópolis;24219.0;24881.0;662.0;2.73
TO;17;07108;Divinópolis do Tocantins;6363.0;7024.0;661.0;10.39
SC;42;19408;Witmarsum;3596.0;4255.0;659.0;18.33
SP;35;28858;Marapoama;2633.0;3292.0;659.0;25.03
PB;25;15930;Sertãozinho;4395.0;5054.0;659.0;14.99
MG;31;24500;Estiva;10845.0;11502.0;657.0;6.06
MG;31;52709;Prados;8391.0;9048.0;657.0;7.83
CE;23;12007;Santana do Acaraú;29972.0;30628.0;656.0;2.19
SE;28;02304;Frei Paulo;13874.0;14530.0;656.0;4.73
PI;22;05805;Luzilândia;24721.0;25375.0;654.0;2.65
SP;35;39202;Pirapozinho;24694.0;25348.0;654.0;2.65
PR;41;20200;Porto Rico;2530.0;3182.0;652.0;25.77
MG;31;21407;Desterro de Entre Rios;7002.0;7653.0;651.0;9.3
MA;21;06201;Luís Domingues;6510.0;7161.0;651.0;10.0
BA;29;15106;Itagi;13152.0;13803.0;651.0;4.95
SE;28;02205;Feira Nova;5324.0;5975.0;651.0;12.23
PR;41;07538;Entre Rios do Oeste;3926.0;4575.0;649.0;16.53
SP;35;48203;Santo Antônio do Pinhal;6486.0;7133.0;647.0;9.98
MG;31;48756;Pedra Bonita;6673.0;7320.0;647.0;9.7
SE;28;06305;Santa Luzia do Itanhy;12969.0;13616.0;647.0;4.99
PE;26;13404;São José da Coroa Grande;18180.0;18825.0;645.0;3.55
TO;17;01101;Aparecida do Rio Negro;4213.0;4856.0;643.0;15.26
BA;29;05503;Caldeirão Grande;12438.0;13080.0;642.0;5.16
RS;43;17509;Santo Ângelo;76275.0;76917.0;642.0;0.84
MS;50;07505;Rochedo;4557.0;5199.0;642.0;14.09
SC;42;08005;Itá;6426.0;7067.0;641.0;9.98
PR;41;03503;Califórnia;8069.0;8710.0;641.0;7.94
MG;31;38104;Lassance;6484.0;7124.0;640.0;9.87
SP;35;12100;Colômbia;5994.0;6629.0;635.0;10.59
RS;43;05801;Constantina;9752.0;10385.0;633.0;6.49
CE;23;07908;Martinópole;10214.0;10846.0;632.0;6.19
MG;31;65008;São Tiago;10561.0;11192.0;631.0;5.97
MA;21;10039;Santa Luzia do Paruá;23676.0;24307.0;631.0;2.67
PE;26;06606;Ibimirim;25965.0;26593.0;628.0;2.42
BA;29;06105;Canápolis;9597.0;10225.0;628.0;6.54
MG;31;15359;Catas Altas;4846.0;5473.0;627.0;12.94
PB;25;15500;Serra Branca;12987.0;13614.0;627.0;4.83
RN;24;01800;Brejinho;11577.0;12202.0;625.0;5.4
SP;35;23602;Itirapina;15524.0;16148.0;624.0;4.02
SP;35;42305;Redenção da Serra;3873.0;4494.0;621.0;16.03
RS;43;01701;Barão de Cotegipe;6526.0;7144.0;618.0;9.47
TO;17;18865;Santa Fé do Araguaia;6599.0;7216.0;617.0;9.35
CE;23;03659;Catunda;9828.0;10444.0;616.0;6.27
PI;22;02208;Campo Maior;45177.0;45793.0;616.0;1.36
PI;22;02174;Campo Largo do Piauí;6803.0;7419.0;616.0;9.05
MG;31;08107;Bonfim;6818.0;7434.0;616.0;9.03
MG;31;00302;Abre Campo;13311.0;13927.0;616.0;4.63
MG;31;17900;Congonhal;10468.0;11083.0;615.0;5.88
MG;31;19203;Coroaci;10270.0;10884.0;614.0;5.98
MG;31;02407;Alvorada de Minas;3546.0;4159.0;613.0;17.29
RS;43;21709;Três Coroas;23812.0;24425.0;613.0;2.57
SP;35;43600;Rifaina;3436.0;4049.0;613.0;17.84
MS;50;03900;Figueirão;2928.0;3539.0;611.0;20.87
MG;31;42007;Mirabela;13042.0;13651.0;609.0;4.67
PI;22;01770;Boa Hora;6296.0;6902.0;606.0;9.63
MG;31;05301;Bandeira do Sul;5338.0;5943.0;605.0;11.33
BA;29;03003;Barra do Mendes;13233.0;13836.0;603.0;4.56
PA;15;01253;Bannach;3431.0;4031.0;600.0;17.49
MG;31;40209;Maripá de Minas;2788.0;3387.0;599.0;21.48
SC;42;17956;Tigrinhos;1730.0;2329.0;599.0;34.62
MT;51;01001;Araguaiana;3197.0;3795.0;598.0;18.71
AL;27;06109;Ouro Branco;10848.0;11446.0;598.0;5.51
SC;42;07700;Ipumirim;7220.0;7816.0;596.0;8.25
PR;41;12405;Japurá;8549.0;9144.0;595.0;6.96
SC;42;05209;Erval Velho;4290.0;4885.0;595.0;13.87
CE;23;01257;Ararendá;10501.0;11096.0;595.0;5.67
AL;27;08402;São José da Tapera;30009.0;30604.0;595.0;1.98
RS;43;08078;Fazenda Vilanova;3697.0;4291.0;594.0;16.07
RS;43;15149;Presidente Lucena;2484.0;3077.0;593.0;23.87
MS;50;07950;Tacuru;10215.0;10808.0;593.0;5.81
PR;41;16059;Missal;10474.0;11064.0;590.0;5.63
BA;29;04050;Bonito;15254.0;15844.0;590.0;3.87
TO;17;02208;Araguatins;31329.0;31918.0;589.0;1.88
SP;35;50209;São Miguel Arcanjo;31450.0;32039.0;589.0;1.87
ES;32;04658;São Domingos do Norte;8001.0;8589.0;588.0;7.35
MG;31;07604;Bom Jesus da Penha;3887.0;4474.0;587.0;15.1
GO;52;21551;Turvelândia;4399.0;4985.0;586.0;13.32
RN;24;14605;Upanema;12992.0;13577.0;585.0;4.5
AL;27;01803;Carneiros;8415.0;8999.0;584.0;6.94
TO;17;12009;Lajeado;2773.0;3357.0;584.0;21.06
MG;31;10301;Caldas;13633.0;14217.0;584.0;4.28
BA;29;06824;Canudos;15522.0;16105.0;583.0;3.76
PA;15;06104;Primavera;10268.0;10851.0;583.0;5.68
SP;35;26605;Lavrinhas;6590.0;7171.0;581.0;8.82
SC;42;12700;Petrolândia;6136.0;6716.0;580.0;9.45
MG;31;40308;Marliéria;4012.0;4592.0;580.0;14.46
PI;22;02000;Buriti dos Lopes;19074.0;19654.0;580.0;3.04
MT;51;08857;Nova Marilândia;2949.0;3529.0;580.0;19.67
SC;42;14706;Rio dos Cedros;10286.0;10865.0;579.0;5.63
MA;21;06706;Mirador;20452.0;21030.0;578.0;2.83
MG;31;69356;Três Marias;28318.0;28895.0;577.0;2.04
SC;42;02859;Braço do Trombudo;3451.0;4026.0;575.0;16.66
SP;35;33601;Nuporanga;6817.0;7391.0;574.0;8.42
PB;25;12762;Riachão do Poço;4164.0;4738.0;574.0;13.78
GO;52;06305;Cristianópolis;2932.0;3504.0;572.0;19.51
MG;31;48707;Pedra Azul;23839.0;24410.0;571.0;2.4
MS;50;06358;Paranhos;12350.0;12921.0;571.0;4.62
SP;35;28007;Macatuba;16259.0;16829.0;570.0;3.51
PE;26;04403;Chã de Alegria;12414.0;12984.0;570.0;4.59
MA;21;11789;Serrano do Maranhão;9632.0;10202.0;570.0;5.92
SP;35;17208;Guaiçara;10670.0;11239.0;569.0;5.33
MA;21;12506;Tutóia;52788.0;53356.0;568.0;1.08
MG;31;35308;Japaraíba;3939.0;4506.0;567.0;14.39
ES;32;01803;Divino de São Lourenço;4516.0;5083.0;567.0;12.56
GO;52;18789;Rio Quente;3298.0;3864.0;566.0;17.16
MG;31;49002;Pedra Dourada;2191.0;2757.0;566.0;25.83
RR;14;00605;São Luiz;6750.0;7315.0;565.0;8.37
MA;21;10401;São Benedito do Rio Preto;17799.0;18364.0;565.0;3.17
BA;29;17334;Iuiu;10553.0;11118.0;565.0;5.35
ES;32;02553;Ibitirama;8957.0;9520.0;563.0;6.29
RN;24;02402;Carnaúba dos Dantas;7429.0;7992.0;563.0;7.58
MT;51;03205;Colíder;30807.0;31370.0;563.0;1.83
RS;43;10538;Itaara;5010.0;5572.0;562.0;11.22
MG;31;30556;Imbé de Minas;6424.0;6986.0;562.0;8.75
MA;21;00154;Água Doce do Maranhão;11581.0;12142.0;561.0;4.84
BA;29;03508;Belo Campo;17851.0;18412.0;561.0;3.14
PR;41;27502;Tibagi;19403.0;19961.0;558.0;2.88
PB;25;01351;Assunção;3594.0;4152.0;558.0;15.53
TO;17;06506;Darcinópolis;5273.0;5827.0;554.0;10.51
SP;35;00808;Alfredo Marcondes;3891.0;4445.0;554.0;14.24
PE;26;05004;Cupira;22964.0;23518.0;554.0;2.41
PB;25;01534;Baraúna;4210.0;4762.0;552.0;13.11
PA;15;03002;Faro;8177.0;8728.0;551.0;6.74
MG;31;42809;Monte Alegre de Minas;19619.0;20170.0;551.0;2.81
MG;31;17108;Conceição da Aparecida;9820.0;10371.0;551.0;5.61
MA;21;04099;Formosa da Serra Negra;17169.0;17719.0;550.0;3.2
SP;35;46504;Santa Ernestina;5568.0;6118.0;550.0;9.88
AC;12;00427;Rodrigues Alves;14389.0;14938.0;549.0;3.82
GO;52;05455;Cezarina;7542.0;8090.0;548.0;7.27
PR;41;05904;Colorado;22349.0;22896.0;547.0;2.45
GO;52;20504;Serranópolis;7481.0;8027.0;546.0;7.3
SP;35;09957;Canas;4385.0;4931.0;546.0;12.45
SP;35;52908;Taciba;5714.0;6260.0;546.0;9.56
ES;32;02504;Ibiraçu;11178.0;11723.0;545.0;4.88
RS;43;21469;Tio Hugo;2724.0;3267.0;543.0;19.93
MG;31;19906;Córrego do Bom Jesus;3730.0;4272.0;542.0;14.53
RS;43;21436;Terra de Areia;9793.0;10334.0;541.0;5.52
TO;17;03800;Buriti do Tocantins;9768.0;10307.0;539.0;5.52
PE;26;05459;Fernando de Noronha;2630.0;3167.0;537.0;20.42
MA;21;06607;Matões;31638.0;32174.0;536.0;1.69
SC;42;14300;Rancho Queimado;2744.0;3279.0;535.0;19.5
SP;35;31407;Monte Aprazível;21746.0;22280.0;534.0;2.46
RN;24;04408;Grossos;9393.0;9924.0;531.0;5.65
SC;42;05308;Faxinal dos Guedes;10661.0;11192.0;531.0;4.98
MG;31;06309;Belo Oriente;23397.0;23928.0;531.0;2.27
SC;42;09409;Laguna;42255.0;42785.0;530.0;1.25
MG;31;14402;Carmo do Rio Claro;20426.0;20954.0;528.0;2.58
SP;35;41059;Pratânia;4599.0;5126.0;527.0;11.46
PI;22;01507;Batalha;25774.0;26300.0;526.0;2.04
MG;31;46008;Ouro Fino;31568.0;32094.0;526.0;1.67
MG;31;23304;Dores do Turvo;4462.0;4987.0;525.0;11.77
TO;17;12702;Mateiros;2223.0;2748.0;525.0;23.62
PR;41;11704;Jaboti;4902.0;5427.0;525.0;10.71
PB;25;00577;Algodão de Jandaíra;2429.0;2953.0;524.0;21.57
GO;52;01504;Aporé;3803.0;4325.0;522.0;13.73
PI;22;03107;Cristino Castro;9981.0;10503.0;522.0;5.23
PR;41;23303;Santa Cruz de Monte Castelo;8092.0;8613.0;521.0;6.44
PI;22;01929;Bonfim do Piauí;5393.0;5913.0;520.0;9.64
MG;31;42403;Moema;7028.0;7548.0;520.0;7.4
MG;31;13602;Careaçu;6298.0;6816.0;518.0;8.22
RJ;33;00936;Carapebus;13330.0;13847.0;517.0;3.88
MS;50;04007;Glória de Dourados;9927.0;10444.0;517.0;5.21
PB;25;09156;Marizópolis;6188.0;6705.0;517.0;8.35
BA;29;02500;Baianópolis;13100.0;13614.0;514.0;3.92
TO;17;03842;Campos Lindos;8139.0;8653.0;514.0;6.32
CE;23;13005;Solonópole;17665.0;18179.0;514.0;2.91
SP;35;46108;Santa Clara d'Oeste;2084.0;2598.0;514.0;24.66
MG;31;37403;Lagoa Dourada;12256.0;12769.0;513.0;4.19
RN;24;01701;Bom Jesus;9440.0;9952.0;512.0;5.42
CE;23;13955;Varjota;17593.0;18105.0;512.0;2.91
PA;15;07508;São João do Araguaia;13155.0;13664.0;509.0;3.87
MG;31;62906;São João Nepomuceno;25057.0;25565.0;508.0;2.03
MG;31;27404;Gonçalves;4220.0;4727.0;507.0;12.01
GO;52;05521;Colinas do Sul;3523.0;4030.0;507.0;14.39
SC;42;05100;Dona Emma;3715.0;4221.0;506.0;13.62
PB;25;01203;Areial;6624.0;7128.0;504.0;7.61
MG;31;23908;Entre Rios de Minas;14242.0;14746.0;504.0;3.54
MG;31;17801;Conceição dos Ouros;10377.0;10880.0;503.0;4.85
MT;51;00359;Alto Boa Vista;5212.0;5715.0;503.0;9.65
SC;42;18400;Treze de Maio;6859.0;7362.0;503.0;7.33
RS;43;09605;Horizontina;18348.0;18851.0;503.0;2.74
PI;22;03206;Curimatá;10768.0;11270.0;502.0;4.66
MG;31;10905;Campanha;15433.0;15935.0;502.0;3.25
PI;22;02729;Cocal dos Alves;5885.0;6386.0;501.0;8.51
MG;31;08255;Bonito de Minas;9703.0;10204.0;501.0;5.16
SP;35;30102;Mirandópolis;27483.0;27983.0;500.0;1.82
SP;35;23800;Itobi;7546.0;8046.0;500.0;6.63
BA;29;10206;Dom Macedo Costa;3907.0;4407.0;500.0;12.8
MG;31;27008;Fronteira;14041.0;14540.0;499.0;3.55
PR;41;07306;Doutor Camargo;5828.0;6327.0;499.0;8.56
BA;29;25931;Quixabeira;8962.0;9461.0;499.0;5.57
PR;41;16950;Nova Esperança do Sudoeste;5098.0;5597.0;499.0;9.79
MG;31;34301;Itumirim;6139.0;6638.0;499.0;8.13
PR;41;03370;Brasilândia do Sul;3209.0;3708.0;499.0;15.55
MG;31;02050;Alto Caparaó;5297.0;5795.0;498.0;9.4
GO;52;05208;Caturaí;4686.0;5184.0;498.0;10.63
MS;50;01243;Aral Moreira;10251.0;10748.0;497.0;4.85
MA;21;01970;Boa Vista do Gurupi;7078.0;7574.0;496.0;7.01
MS;50;02159;Bodoquena;8072.0;8567.0;495.0;6.13
MT;51;07800;Santo Antônio do Leverger;14751.0;15246.0;495.0;3.36
PB;25;09396;Maturéia;5939.0;6433.0;494.0;8.32
MG;31;20870;Curral de Dentro;6913.0;7406.0;493.0;7.13
BA;29;26103;Retirolândia;13159.0;13651.0;492.0;3.74
CE;23;00507;Alcântaras;10877.0;11369.0;492.0;4.52
GO;52;21007;Taquaral de Goiás;3534.0;4026.0;492.0;13.92
GO;52;04300;Caçu;13283.0;13774.0;491.0;3.7
PI;22;04402;Gilbués;10402.0;10892.0;490.0;4.71
MT;51;05903;Nobres;15002.0;15492.0;490.0;3.27
RJ;33;00951;Comendador Levy Gasparian;8254.0;8741.0;487.0;5.9
BA;29;25600;Presidente Dutra;14643.0;15130.0;487.0;3.33
MG;31;56452;Rosário da Limeira;4247.0;4734.0;487.0;11.47
CE;23;13807;Uruburetama;19703.0;20189.0;486.0;2.47
MG;31;65701;Senador Firmino;7230.0;7716.0;486.0;6.72
SP;35;20442;Ilha Solteira;25064.0;25549.0;485.0;1.94
BA;29;00207;Abaré;17155.0;17639.0;484.0;2.82
GO;52;21809;Urutaí;3070.0;3553.0;483.0;15.73
RN;24;03806;Florânia;9713.0;10196.0;483.0;4.97
MS;50;08008;Terenos;17169.0;17652.0;483.0;2.81
SC;42;16701;São José do Cedro;13684.0;14167.0;483.0;3.53
MG;31;55702;Rio Piracicaba;14149.0;14631.0;482.0;3.41
MG;31;05905;Barroso;19599.0;20080.0;481.0;2.45
GO;52;07402;Edéia;11266.0;11747.0;481.0;4.27
GO;52;01454;Aparecida do Rio Doce;2427.0;2907.0;480.0;19.78
CE;23;10001;Palhano;8866.0;9346.0;480.0;5.41
MA;21;03554;Conceição do Lago-Açu;14436.0;14915.0;479.0;3.32
RS;43;15305;Quaraí;23021.0;23500.0;479.0;2.08
MG;31;31000;Inhaúma;5760.0;6239.0;479.0;8.32
GO;52;06701;Damianópolis;3292.0;3770.0;478.0;14.52
PB;25;16706;Teixeira;14153.0;14631.0;478.0;3.38
SE;28;04300;Muribeca;7344.0;7822.0;478.0;6.51
SC;42;06702;Herval d'Oeste;21246.0;21724.0;478.0;2.25
SP;35;32702;Nipoã;4274.0;4750.0;476.0;11.14
MG;31;60900;São Brás do Suaçuí;3513.0;3989.0;476.0;13.55
CE;23;11504;Quixeré;20401.0;20874.0;473.0;2.32
PB;25;07309;Jacaraú;14004.0;14477.0;473.0;3.38
CE;23;09458;Ocara;24020.0;24493.0;473.0;1.97
BA;29;19306;Lençóis;10302.0;10774.0;472.0;4.58
SP;35;47908;Santo Antônio da Alegria;6304.0;6775.0;471.0;7.47
RN;24;05603;Jardim de Piranhas;13506.0;13977.0;471.0;3.49
ES;32;04807;São José do Calçado;10408.0;10878.0;470.0;4.52
PI;22;01960;Brasileira;7966.0;8436.0;470.0;5.9
MA;21;04651;Governador Newton Bello;10245.0;10713.0;468.0;4.57
MA;21;10609;São Bernardo;26476.0;26943.0;467.0;1.76
PA;15;04604;Mocajuba;26731.0;27198.0;467.0;1.75
GO;52;12204;Jussara;19153.0;19620.0;467.0;2.44
PI;22;05565;Lagoa do Barro do Piauí;4530.0;4995.0;465.0;10.26
PR;41;25357;São Jorge do Patrocínio;6041.0;6504.0;463.0;7.66
RJ;33;01850;Guapimirim;51233.0;51696.0;463.0;0.9
SP;35;01152;Alumínio;16839.0;17301.0;462.0;2.74
PI;22;01945;Boqueirão do Piauí;6083.0;6545.0;462.0;7.59
RJ;33;02502;Magé;227667.0;228127.0;460.0;0.2
TO;17;01002;Ananás;9865.0;10325.0;460.0;4.66
GO;52;10562;Itaguari;4503.0;4963.0;460.0;10.22
SP;35;09403;Cajuru;23371.0;23830.0;459.0;1.96
PB;25;16904;Uiraúna;14472.0;14930.0;458.0;3.16
PE;26;03926;Carnaubeira da Penha;11782.0;12239.0;457.0;3.88
PI;22;02653;Caxingó;5039.0;5496.0;457.0;9.07
SP;35;41802;Queiroz;2808.0;3265.0;457.0;16.27
SP;35;30904;Mombuca;3266.0;3722.0;456.0;13.96
MG;31;41306;Medeiros;3444.0;3900.0;456.0;13.24
MG;31;64472;São Sebastião do Anta;5739.0;6194.0;455.0;7.93
TO;17;08205;Formoso do Araguaia;18427.0;18881.0;454.0;2.46
SP;35;55000;Tupã;63476.0;63928.0;452.0;0.71
SP;35;11706;Charqueada;15085.0;15535.0;450.0;2.98
MT;51;06455;Planalto da Serra;2716.0;3166.0;450.0;16.57
PB;25;02805;Brejo do Cruz;13163.0;13613.0;450.0;3.42
PE;26;07802;Itaquitinga;16105.0;16554.0;449.0;2.79
RS;43;08904;Getúlio Vargas;16154.0;16602.0;448.0;2.77
SP;35;18503;Guareí;14565.0;15013.0;448.0;3.08
PB;25;12002;Pocinhos;17022.0;17469.0;447.0;2.63
SP;35;07308;Boracéia;4268.0;4715.0;447.0;10.47
SP;35;18206;Guararapes;30597.0;31043.0;446.0;1.46
RS;43;14456;Pinhal;2513.0;2959.0;446.0;17.75
GO;52;17203;Piranhas;11266.0;11712.0;446.0;3.96
MT;51;04559;Itaúba;4575.0;5020.0;445.0;9.73
MG;31;64308;São Roque de Minas;6686.0;7129.0;443.0;6.63
CE;23;13104;Tabuleiro do Norte;30209.0;30652.0;443.0;1.47
RN;24;01305;Campo Grande;9289.0;9730.0;441.0;4.75
RS;43;23309;Vila Flores;3207.0;3646.0;439.0;13.69
PR;41;26355;Serranópolis do Iguaçu;4568.0;5007.0;439.0;9.61
PB;25;06004;Esperança;30792.0;31231.0;439.0;1.43
MG;31;22355;Divisa Alegre;5884.0;6321.0;437.0;7.43
SE;28;03708;Macambira;6401.0;6838.0;437.0;6.83
MG;31;28303;Guaranésia;18714.0;19150.0;436.0;2.33
MG;31;42304;Moeda;4689.0;5125.0;436.0;9.3
MT;51;07883;Serra Nova Dourada;1365.0;1800.0;435.0;31.87
TO;17;17503;Pium;6694.0;7128.0;434.0;6.48
PE;26;09808;Orocó;13180.0;13613.0;433.0;3.29
MG;31;31109;Inimutaba;6939.0;7371.0;432.0;6.23
MG;31;51701;Poço Fundo;15959.0;16390.0;431.0;2.7
PA;15;05601;Peixe-Boi;7854.0;8285.0;431.0;5.49
MG;31;16001;Chalé;5645.0;6075.0;430.0;7.62
MG;31;68309;Taquaraçu de Minas;3794.0;4224.0;430.0;11.33
CE;23;08104;Mauriti;45132.0;45561.0;429.0;0.95
PE;26;11408;Primavera;13409.0;13838.0;429.0;3.2
SP;35;19006;Herculândia;8696.0;9125.0;429.0;4.93
RS;43;11775;Maquiné;6989.0;7418.0;429.0;6.14
MG;31;31158;Ipaba;16708.0;17136.0;428.0;2.56
PI;22;02133;Campo Grande do Piauí;5592.0;6020.0;428.0;7.65
TO;17;00707;Alvorada;8374.0;8802.0;428.0;5.11
MA;21;10708;São Domingos do Maranhão;33607.0;34034.0;427.0;1.27
RN;24;06205;Lagoa d'Anta;6227.0;6654.0;427.0;6.86
SP;35;09106;Caiuá;5039.0;5466.0;427.0;8.47
PB;25;12754;Riachão do Bacamarte;4264.0;4690.0;426.0;9.99
SP;35;22653;Itapirapuã Paulista;3880.0;4306.0;426.0;10.98
SP;35;35002;Palestina;11051.0;11476.0;425.0;3.85
BA;29;08200;Conceição da Feira;20375.0;20800.0;425.0;2.09
SP;35;19105;Iacanga;10013.0;10437.0;424.0;4.23
MA;21;09106;Presidente Dutra;44731.0;45155.0;424.0;0.95
MG;31;45851;Oratórios;4493.0;4917.0;424.0;9.44
MG;31;32909;Itamogi;10349.0;10770.0;421.0;4.07
SP;35;07456;Borebi;2293.0;2713.0;420.0;18.32
RS;43;00851;Arambaré;3693.0;4112.0;419.0;11.35
GO;52;02809;Avelinópolis;2450.0;2868.0;418.0;17.06
MS;50;04809;Japorã;7731.0;8148.0;417.0;5.39
AL;27;09103;Taquarana;18615.0;19032.0;417.0;2.24
SE;28;04607;Nossa Senhora das Dores;24580.0;24996.0;416.0;1.69
RS;43;05207;Cerro Largo;13289.0;13705.0;416.0;3.13
MG;31;68408;Tarumirim;14293.0;14709.0;416.0;2.91
CE;23;04236;Croatá;17066.0;17481.0;415.0;2.43
SP;35;05005;Barão de Antonina;3116.0;3531.0;415.0;13.32
PR;41;11407;Ivaí;12815.0;13229.0;414.0;3.23
PE;26;02506;Brejinho;7307.0;7720.0;413.0;5.65
RN;24;13102;Senador Elói de Souza;5553.0;5965.0;412.0;7.42
BA;29;33455;Wanderley;12558.0;12968.0;410.0;3.26
MG;31;67509;Simão Pereira;2537.0;2947.0;410.0;16.16
CE;23;03956;Chorozinho;19753.0;20163.0;410.0;2.08
CE;23;12809;Senador Sá;6852.0;7262.0;410.0;5.98
PE;26;04502;Chã Grande;20137.0;20546.0;409.0;2.03
MG;31;35357;Japonvar;7718.0;8127.0;409.0;5.3
PB;25;03555;Cacimbas;6814.0;7223.0;409.0;6.0
RJ;33;06156;Varre-Sai;9798.0;10207.0;409.0;4.17
SP;35;15608;Fernando Prestes;5534.0;5942.0;408.0;7.37
SC;42;09177;Jupiá;2148.0;2555.0;407.0;18.95
MS;50;08404;Vicentina;5929.0;6336.0;407.0;6.86
MA;21;04107;Fortaleza dos Nogueiras;12234.0;12640.0;406.0;3.32
TO;17;17909;Ponte Alta do Tocantins;7180.0;7586.0;406.0;5.65
MG;31;58904;Santana do Manhuaçu;8582.0;8987.0;405.0;4.72
PR;41;05607;Cidade Gaúcha;11062.0;11467.0;405.0;3.66
ES;32;00706;Atílio Vivácqua;10135.0;10540.0;405.0;4.0
RJ;33;00225;Areal;11423.0;11828.0;405.0;3.55
BA;29;22730;Nova Fátima;7563.0;7967.0;404.0;5.34
GO;52;19100;Santa Bárbara de Goiás;5746.0;6149.0;403.0;7.01
RJ;33;04508;Rio das Flores;8552.0;8954.0;402.0;4.7
SC;42;14904;Rio Fortuna;4446.0;4847.0;401.0;9.02
SC;42;00556;Águas Frias;2439.0;2839.0;400.0;16.4
SP;35;06805;Bocaina;10859.0;11259.0;400.0;3.68
TO;17;18840;Sandolândia;3326.0;3723.0;397.0;11.94
MA;21;07456;Olinda Nova do Maranhão;13181.0;13577.0;396.0;3.0
CE;23;08609;Monsenhor Tabosa;16753.0;17149.0;396.0;2.36
PR;41;15002;Marilena;6858.0;7253.0;395.0;5.76
MT;51;07198;Ribeirãozinho;2199.0;2593.0;394.0;17.92
MG;31;23528;Durandé;7423.0;7817.0;394.0;5.31
MG;31;27388;Goianá;3659.0;4053.0;394.0;10.77
SP;35;52007;Silveiras;5792.0;6186.0;394.0;6.8
MG;31;30606;Inconfidentes;6908.0;7301.0;393.0;5.69
ES;32;04708;São Gabriel da Palha;31859.0;32252.0;393.0;1.23
PI;22;07900;Pedro II;37502.0;37894.0;392.0;1.05
RS;43;02204;Boa Vista do Buricá;6574.0;6966.0;392.0;5.96
PB;25;08208;Lagoa de Dentro;7428.0;7819.0;391.0;5.26
PR;41;08908;Guairaçá;6197.0;6587.0;390.0;6.29
RS;43;03558;Camargo;2592.0;2981.0;389.0;15.01
BA;29;22052;Mulungu do Morro;12763.0;13152.0;389.0;3.05
MG;31;38807;Luz;17486.0;17875.0;389.0;2.22
RN;24;07252;Major Sales;3536.0;3924.0;388.0;10.97
MG;31;26406;Fortuna de Minas;2705.0;3093.0;388.0;14.34
SP;35;09452;Campina do Monte Alegre;5567.0;5954.0;387.0;6.95
MG;31;52105;Ponte Nova;57390.0;57776.0;386.0;0.67
MG;31;13206;Carandaí;23427.0;23812.0;385.0;1.64
SC;42;05175;Entre Rios;3018.0;3402.0;384.0;12.72
MA;21;01103;Axixá;11407.0;11790.0;383.0;3.36
PR;41;04105;Campo do Tenente;7125.0;7508.0;383.0;5.38
PB;25;14453;São José dos Ramos;5508.0;5891.0;383.0;6.95
AP;16;00709;Tartarugalzinho;12563.0;12945.0;382.0;3.04
RS;43;14001;Paraí;6812.0;7194.0;382.0;5.61
SP;35;35408;Panorama;14583.0;14964.0;381.0;2.61
PI;22;03354;Dirceu Arcoverde;6675.0;7054.0;379.0;5.68
RN;24;14100;Tenente Ananias;9883.0;10262.0;379.0;3.83
MG;31;56601;Rubim;9919.0;10298.0;379.0;3.82
MG;31;50406;Piedade dos Gerais;4640.0;5019.0;379.0;8.17
PR;41;01150;Ângulo;2859.0;3235.0;376.0;13.15
ES;32;05036;Vargem Alta;19188.0;19563.0;375.0;1.95
SC;42;01109;Anitápolis;3218.0;3593.0;375.0;11.65
MT;51;03361;Conquista D'Oeste;3385.0;3760.0;375.0;11.08
SP;35;30409;Mirassolândia;4295.0;4669.0;374.0;8.71
SP;35;17901;Guaraci;9976.0;10350.0;374.0;3.75
GO;52;04607;Campestre de Goiás;3382.0;3755.0;373.0;11.03
SP;35;22000;Itaju;3246.0;3618.0;372.0;11.46
MA;21;03802;Dom Pedro;22681.0;23053.0;372.0;1.64
AL;27;00607;Barra de São Miguel;7574.0;7944.0;370.0;4.89
MG;31;35902;Jesuânia;4768.0;5138.0;370.0;7.76
MS;50;00708;Anastácio;23744.0;24114.0;370.0;1.56
TO;17;09005;Goiatins;12064.0;12433.0;369.0;3.06
RJ;33;05133;São José de Ubá;6702.0;7070.0;368.0;5.49
CE;23;00150;Acarape;13661.0;14027.0;366.0;2.68
MG;31;22603;Dom Joaquim;4535.0;4899.0;364.0;8.03
GO;52;19001;Sanclerlândia;7554.0;7918.0;364.0;4.82
SP;35;41703;Quatá;12799.0;13163.0;364.0;2.84
RS;43;05871;Coronel Barros;2459.0;2822.0;363.0;14.76
MG;31;69000;Tocantins;15823.0;16185.0;362.0;2.29
GO;52;00803;Alvorada do Norte;8084.0;8446.0;362.0;4.48
BA;29;23035;Novo Horizonte;10801.0;11162.0;361.0;3.34
RN;24;04853;Itajá;6932.0;7292.0;360.0;5.19
PI;22;04659;Ilha Grande;8914.0;9274.0;360.0;4.04
PB;25;02052;Bernardino Batista;3145.0;3504.0;359.0;11.41
SP;35;43006;Ribeirão Branco;18269.0;18627.0;358.0;1.96
RJ;33;01157;Cardoso Moreira;12600.0;12958.0;358.0;2.84
SP;35;19808;Icém;7462.0;7819.0;357.0;4.78
BA;29;29370;São José do Jacuípe;9830.0;10187.0;357.0;3.63
SP;35;57154;Zacarias;2335.0;2692.0;357.0;15.29
SP;35;34609;Osvaldo Cruz;30917.0;31272.0;355.0;1.15
SP;35;18859;Guatapará;6966.0;7320.0;354.0;5.08
MG;31;36603;Nova União;5555.0;5909.0;354.0;6.37
TO;17;03073;Barra do Ouro;4123.0;4476.0;353.0;8.56
MG;31;52600;Pouso Alto;6213.0;6566.0;353.0;5.68
SP;35;42107;Rafard;8612.0;8965.0;353.0;4.1
RJ;33;01504;Cordeiro;20430.0;20783.0;353.0;1.73
RS;43;18481;São José do Hortêncio;4094.0;4447.0;353.0;8.62
SC;42;11603;Nova Veneza;13312.0;13664.0;352.0;2.64
MT;51;07792;Santo Antônio do Leste;3748.0;4099.0;351.0;9.36
TO;17;18808;Sampaio;3864.0;4215.0;351.0;9.08
PR;41;19202;Pinhalão;6215.0;6566.0;351.0;5.65
SE;28;01504;Carmópolis;13503.0;13853.0;350.0;2.59
RN;24;06304;Lagoa de Pedras;6989.0;7338.0;349.0;4.99
SP;35;09809;Campos Novos Paulista;4539.0;4888.0;349.0;7.69
SP;35;34203;Orindiúva;5675.0;6024.0;349.0;6.15
SC;42;13005;Pinheiro Preto;3127.0;3473.0;346.0;11.06
AL;27;06422;Pariconha;10227.0;10573.0;346.0;3.38
MA;21;09270;Presidente Sarney;17165.0;17511.0;346.0;2.02
TO;17;20150;São Félix do Tocantins;1437.0;1783.0;346.0;24.08
RS;43;05439;Chuí;5917.0;6262.0;345.0;5.83
SC;42;04707;Cunha Porã;10609.0;10953.0;344.0;3.24
CE;23;10951;Pires Ferreira;10263.0;10606.0;343.0;3.34
AM;13;01308;Codajás;23206.0;23549.0;343.0;1.48
MA;21;00501;Alto Parnaíba;10766.0;11109.0;343.0;3.19
MG;31;19955;Córrego Fundo;5790.0;6133.0;343.0;5.92
MG;31;07208;Bocaina de Minas;5007.0;5348.0;341.0;6.81
PB;25;00775;Aparecida;7620.0;7960.0;340.0;4.46
PB;25;08802;Malta;5706.0;6046.0;340.0;5.96
SP;35;42503;Reginópolis;7323.0;7662.0;339.0;4.63
PB;25;00536;Alcantil;5239.0;5578.0;339.0;6.47
GO;52;19704;Santa Terezinha de Goiás;10306.0;10645.0;339.0;3.29
MG;31;37536;Lagoa Grande;8631.0;8969.0;338.0;3.92
PR;41;21505;Rebouças;14176.0;14514.0;338.0;2.38
MG;31;63102;São José da Varginha;4198.0;4536.0;338.0;8.05
PB;25;07606;Juarez Távora;7459.0;7796.0;337.0;4.52
PB;25;03902;Camalaú;5749.0;6085.0;336.0;5.84
PB;25;09107;Mari;21176.0;21512.0;336.0;1.59
MG;31;10103;Caiana;4968.0;5304.0;336.0;6.76
MG;31;68705;Timóteo;81243.0;81579.0;336.0;0.41
TO;17;21257;Tupirama;1574.0;1909.0;335.0;21.28
SP;35;07704;Braúna;5021.0;5356.0;335.0;6.67
SP;35;43105;Ribeirão Corrente;4273.0;4608.0;335.0;7.84
RS;43;21857;Três Palmeiras;4381.0;4716.0;335.0;7.65
MG;31;55801;Rio Pomba;17110.0;17443.0;333.0;1.95
MG;31;28253;Guaraciama;4718.0;5051.0;333.0;7.06
MA;21;08801;Pirapemas;17381.0;17714.0;333.0;1.92
PI;22;01919;Bom Princípio do Piauí;5304.0;5636.0;332.0;6.26
BA;29;10107;Dom Basílio;11553.0;11884.0;331.0;2.87
PI;22;10631;Sebastião Leal;4116.0;4446.0;330.0;8.02
RS;43;20859;Tabaí;4131.0;4461.0;330.0;7.99
BA;29;33406;Wagner;9173.0;9503.0;330.0;3.6
PR;41;17206;Nova Olímpia;5503.0;5833.0;330.0;6.0
RN;24;11601;São Bento do Norte;2975.0;3304.0;329.0;11.06
PR;41;03909;Campina da Lagoa;15394.0;15723.0;329.0;2.14
GO;52;06503;Cromínia;3555.0;3883.0;328.0;9.23
MG;31;50505;Pimenta;8236.0;8563.0;327.0;3.97
RS;43;00646;Ametista do Sul;7323.0;7650.0;327.0;4.47
RN;24;01206;Arês;12924.0;13251.0;327.0;2.53
RN;24;12401;São José do Seridó;4231.0;4558.0;327.0;7.73
AL;27;08105;Santana do Mundaú;10997.0;11323.0;326.0;2.96
BA;29;06303;Canavieiras;32357.0;32683.0;326.0;1.01
MG;31;06903;Bicas;13653.0;13978.0;325.0;2.38
PB;25;15401;São Vicente do Seridó;9966.0;10291.0;325.0;3.26
PI;22;07108;Olho D'Água do Piauí;2314.0;2637.0;323.0;13.96
PR;41;07736;Fernandes Pinheiro;5932.0;6255.0;323.0;5.45
RN;24;10900;Riachuelo;7067.0;7389.0;322.0;4.56
RS;43;18614;São José do Sul;2058.0;2380.0;322.0;15.65
MG;31;15458;Catuji;6708.0;7030.0;322.0;4.8
TO;17;06001;Couto Magalhães;5009.0;5331.0;322.0;6.43
SP;35;32306;Natividade da Serra;6678.0;6999.0;321.0;4.81
SP;35;12704;Corumbataí;3874.0;4195.0;321.0;8.29
ES;32;03106;Jerônimo Monteiro;11255.0;11575.0;320.0;2.84
PA;15;04950;Nova Esperança do Piriá;20158.0;20478.0;320.0;1.59
PI;22;06803;Nossa Senhora dos Remédios;8206.0;8525.0;319.0;3.89
RS;43;13953;Pantano Grande;9895.0;10212.0;317.0;3.2
MG;31;54200;Resende Costa;10913.0;11230.0;317.0;2.9
SE;28;07303;Telha;2957.0;3274.0;317.0;10.72
PB;25;12101;Pombal;32157.0;32473.0;316.0;0.98
PI;22;06605;Monte Alegre do Piauí;10345.0;10660.0;315.0;3.04
PE;26;03504;Camocim de São Félix;17104.0;17419.0;315.0;1.84
GO;52;14408;Nazário;7874.0;8189.0;315.0;4.0
PR;41;17057;Nova Laranjeiras;11759.0;12074.0;315.0;2.68
MG;31;64431;São Sebastião da Vargem Alegre;2798.0;3113.0;315.0;11.26
MS;50;05251;Laguna Carapã;6486.0;6799.0;313.0;4.83
PI;22;01556;Bela Vista do Piauí;3778.0;4091.0;313.0;8.28
GO;52;08152;Gameleira de Goiás;3143.0;3456.0;313.0;9.96
PB;25;08406;Lastro;2850.0;3162.0;312.0;10.95
SP;35;36570;Paulistânia;1779.0;2090.0;311.0;17.48
TO;17;13700;Monte Santo do Tocantins;2085.0;2396.0;311.0;14.92
RS;43;13011;Nova Candelária;2751.0;3061.0;310.0;11.27
MG;31;01102;Aimorés;24959.0;25269.0;310.0;1.24
PI;22;00707;Anísio de Abreu;9098.0;9407.0;309.0;3.4
MG;31;70503;Urucânia;10291.0;10600.0;309.0;3.0
SE;28;06404;Santana do São Francisco;7038.0;7346.0;308.0;4.38
RS;43;12476;Morro Reuter;5722.0;6029.0;307.0;5.37
MG;31;57278;Santa Bárbara do Monte Verde;2788.0;3095.0;307.0;11.01
SP;35;30003;Mira Estrela;2820.0;3126.0;306.0;10.85
SP;35;21309;Ipuã;14148.0;14454.0;306.0;2.16
PI;22;02737;Coivaras;3811.0;4117.0;306.0;8.03
RS;43;23770;Westfália;2793.0;3098.0;305.0;10.92
SP;35;49706;São José do Rio Pardo;51900.0;52205.0;305.0;0.59
PE;26;04601;Condado;24282.0;24587.0;305.0;1.26
MG;31;34509;Itutinga;3913.0;4217.0;304.0;7.77
MG;31;00807;Aguanil;4054.0;4357.0;303.0;7.47
SP;35;08207;Buritizal;4053.0;4356.0;303.0;7.48
SP;35;27009;Lindóia;6712.0;7014.0;302.0;4.5
RN;24;15008;Vila Flor;2872.0;3174.0;302.0;10.52
SP;35;28205;Macedônia;3664.0;3963.0;299.0;8.16
BA;29;13408;Igaporã;15229.0;15527.0;298.0;1.96
PR;41;17297;Novo Itacolomi;2827.0;3125.0;298.0;10.54
SC;42;06405;Guaraciaba;10498.0;10796.0;298.0;2.84
PI;22;04352;Geminiano;5148.0;5445.0;297.0;5.77
SC;42;13153;Planalto Alegre;2650.0;2946.0;296.0;11.17
SP;35;02002;Analândia;4293.0;4589.0;296.0;6.89
RJ;33;05703;Sumidouro;14911.0;15206.0;295.0;1.98
GO;52;15900;Palminópolis;3556.0;3851.0;295.0;8.3
RS;43;13490;Novo Barreiro;3978.0;4272.0;294.0;7.39
MG;31;53004;Pratinha;3265.0;3559.0;294.0;9.0
MG;31;50604;Piracema;6406.0;6700.0;294.0;4.59
PI;22;05458;Joca Marques;5100.0;5394.0;294.0;5.76
PR;41;25209;São Jorge d'Oeste;9085.0;9378.0;293.0;3.23
AP;16;00055;Serra do Navio;4380.0;4673.0;293.0;6.69
MG;31;55306;Rio Manso;5276.0;5568.0;292.0;5.53
BA;29;04001;Boninal;13330.0;13622.0;292.0;2.19
RN;24;08953;Rio do Fogo;10059.0;10351.0;292.0;2.9
PR;41;26504;Sertanópolis;15638.0;15930.0;292.0;1.87
SC;42;00101;Abelardo Luz;17100.0;17392.0;292.0;1.71
CE;23;11264;Quiterianópolis;19921.0;20213.0;292.0;1.47
RS;43;02659;Brochier;4675.0;4966.0;291.0;6.22
CE;23;02909;Capistrano;16963.0;17254.0;291.0;1.72
MG;31;48202;Patrocínio do Muriaé;5287.0;5576.0;289.0;5.47
SP;35;03406;Arealva;7841.0;8130.0;289.0;3.69
PA;15;03408;Inhangapi;10037.0;10325.0;288.0;2.87
RN;24;11908;São Francisco do Oeste;3874.0;4161.0;287.0;7.41
MG;31;39102;Madre de Deus de Minas;4904.0;5191.0;287.0;5.85
MG;31;08305;Borda da Mata;17118.0;17404.0;286.0;1.67
MG;31;50539;Pingo-d'Água;4420.0;4706.0;286.0;6.47
TO;17;03057;Bandeirantes do Tocantins;3122.0;3407.0;285.0;9.13
MG;31;71709;Virgínia;8623.0;8908.0;285.0;3.31
SP;35;02408;Anhumas;3738.0;4023.0;285.0;7.62
RS;43;04697;Capitão;2636.0;2921.0;285.0;10.81
PI;22;02059;Cabeceiras do Piauí;9928.0;10212.0;284.0;2.86
MG;31;15904;Chácara;2792.0;3075.0;283.0;10.14
SC;42;18756;Tunápolis;4633.0;4916.0;283.0;6.11
PB;25;11707;Pilõezinhos;5046.0;5329.0;283.0;5.61
PI;22;05540;Lagoinha do Piauí;2656.0;2939.0;283.0;10.66
SP;35;16853;Gavião Peixoto;4419.0;4702.0;283.0;6.4
SC;42;07403;Imbuia;5699.0;5982.0;283.0;4.97
MG;31;07505;Bom Jardim de Minas;6501.0;6783.0;282.0;4.34
BA;29;16708;Itaquara;7871.0;8153.0;282.0;3.58
PE;26;06101;Glória do Goitá;29065.0;29347.0;282.0;0.97
RN;24;13003;São Vicente;6028.0;6310.0;282.0;4.68
PI;22;02802;Conceição do Canindé;4650.0;4932.0;282.0;6.06
MT;51;05309;Luciara;2227.0;2509.0;282.0;12.66
RN;24;10207;Portalegre;7320.0;7601.0;281.0;3.84
PB;25;09339;Matinhas;4290.0;4571.0;281.0;6.55
BA;29;32705;Uruçuca;21140.0;21420.0;280.0;1.32
SP;35;35606;Paraibuna;17388.0;17667.0;279.0;1.6
PR;41;16307;Munhoz de Melo;3672.0;3951.0;279.0;7.6
RS;43;16956;Santa Maria do Herval;6063.0;6340.0;277.0;4.57
MG;31;69802;Turvolândia;4658.0;4935.0;277.0;5.95
PB;25;06806;Ingá;17415.0;17692.0;277.0;1.59
MA;21;08504;Pindaré-Mirim;31152.0;31429.0;277.0;0.89
MG;31;47709;Passa Tempo;8197.0;8473.0;276.0;3.37
CE;23;05332;Ibicuitinga;11335.0;11611.0;276.0;2.43
RS;43;19752;São Vendelino;1975.0;2251.0;276.0;13.97
RN;24;04705;Ipanguaçu;13856.0;14131.0;275.0;1.98
PR;41;20333;Prado Ferreira;3434.0;3709.0;275.0;8.01
SP;35;46207;Santa Cruz da Conceição;4002.0;4277.0;275.0;6.87
GO;52;18391;Professor Jamil;3375.0;3649.0;274.0;8.12
SP;35;20301;Iguape;28841.0;29115.0;274.0;0.95
PI;22;00459;Alvorada do Gurguéia;5050.0;5322.0;272.0;5.39
PR;41;13908;Mallet;13156.0;13428.0;272.0;2.07
PR;41;17214;Nova Santa Bárbara;3912.0;4184.0;272.0;6.95
PE;26;02704;Buenos Aires;12537.0;12808.0;271.0;2.16
PE;26;05152;Dormentes;16917.0;17188.0;271.0;1.6
SP;35;06409;Bilac;7048.0;7319.0;271.0;3.85
ES;32;00169;Água Doce do Norte;11771.0;12042.0;271.0;2.3
TO;17;03305;Bom Jesus do Tocantins;3768.0;4038.0;270.0;7.17
SC;42;08609;Jaborá;4041.0;4310.0;269.0;6.66
PE;26;07109;Ingazeira;4496.0;4765.0;269.0;5.98
PI;22;06001;Marcos Parente;4456.0;4724.0;268.0;6.01
SP;35;03000;Aramina;5152.0;5420.0;268.0;5.2
ES;32;03163;Laranja da Terra;10826.0;11094.0;268.0;2.48
GO;52;07352;Edealina;3733.0;4001.0;268.0;7.18
SP;35;20608;Indiana;4825.0;5090.0;265.0;5.49
PR;41;24004;Santana do Itararé;5249.0;5514.0;265.0;5.05
GO;52;19902;São Francisco de Goiás;6114.0;6378.0;264.0;4.32
SP;35;45407;Salto Grande;8787.0;9050.0;263.0;2.99
TO;17;12504;Marianópolis do Tocantins;4352.0;4615.0;263.0;6.04
SP;35;39004;Pirangi;10623.0;10885.0;262.0;2.47
MG;31;24906;Eugenópolis;10540.0;10801.0;261.0;2.48
CE;23;00804;Antonina do Norte;6984.0;7245.0;261.0;3.74
MT;51;01308;Arenápolis;10316.0;10576.0;260.0;2.52
SC;42;14508;Rio do Campo;6192.0;6452.0;260.0;4.2
PB;25;12788;Riacho de Santo Antônio;1696.0;1955.0;259.0;15.27
SC;42;11454;Nova Itaberaba;4278.0;4536.0;258.0;6.03
SP;35;25854;Jumirim;2798.0;3056.0;258.0;9.22
TO;17;19004;Santa Tereza do Tocantins;2523.0;2781.0;258.0;10.23
RS;43;15354;Quinze de Novembro;3653.0;3910.0;257.0;7.04
MG;31;17603;Conceição do Pará;5158.0;5415.0;257.0;4.98
ES;32;01704;Conceição do Castelo;11681.0;11937.0;256.0;2.19
SC;42;18350;Treviso;3527.0;3782.0;255.0;7.23
GO;52;09937;Inaciolândia;5699.0;5954.0;255.0;4.47
MA;21;05658;Junco do Maranhão;4891.0;5146.0;255.0;5.21
MG;31;54705;Ribeirão Vermelho;3826.0;4080.0;254.0;6.64
MG;31;21001;Datas;5211.0;5465.0;254.0;4.87
PB;25;12804;Riacho dos Cavalos;8239.0;8493.0;254.0;3.08
SC;42;03501;Campo Erê;9370.0;9623.0;253.0;2.7
RN;24;01404;Baía Formosa;8573.0;8825.0;252.0;2.94
MG;31;71006;Vazante;19723.0;19975.0;252.0;1.28
MG;31;65602;Senador Cortes;1988.0;2240.0;252.0;12.68
RO;11;01492;São Francisco do Guaporé;16035.0;16286.0;251.0;1.57
SC;42;02537;Bom Jesus;2526.0;2777.0;251.0;9.94
TO;17;03867;Cariri do Tocantins;3756.0;4007.0;251.0;6.68
BA;29;08606;Conde;23403.0;23654.0;251.0;1.07
AL;27;05408;Monteirópolis;6934.0;7184.0;250.0;3.61
SC;42;01653;Arvoredo;2260.0;2510.0;250.0;11.06
MG;31;68051;Taparuba;3137.0;3387.0;250.0;7.97
PI;22;02554;Caridade do Piauí;4783.0;5033.0;250.0;5.23
MG;31;65206;São Tomé das Letras;6655.0;6904.0;249.0;3.74
PI;22;05557;Lagoa Alegre;8008.0;8256.0;248.0;3.1
PE;26;12455;Santa Cruz;13594.0;13841.0;247.0;1.82
TO;17;03909;Caseara;4601.0;4847.0;246.0;5.35
PR;41;00608;Alto Paraná;13663.0;13909.0;246.0;1.8
PB;25;04702;Congo;4687.0;4933.0;246.0;5.25
SP;35;13603;Cunha;21866.0;22110.0;244.0;1.12
MA;21;02804;Carolina;23818.0;24062.0;244.0;1.02
RS;43;16972;Santa Margarida do Sul;2352.0;2596.0;244.0;10.37
MG;31;57336;Santa Cruz de Minas;7865.0;8109.0;244.0;3.1
PR;41;05003;Catanduvas;10202.0;10446.0;244.0;2.39
PB;25;03100;Cabaceiras;5092.0;5335.0;243.0;4.77
PI;22;01705;Bertolínia;5319.0;5562.0;243.0;4.57
SP;35;26308;Lagoinha;4841.0;5083.0;242.0;5.0
CE;23;06009;Iracema;13760.0;14001.0;241.0;1.75
PB;25;13406;Santa Luzia;14719.0;14959.0;240.0;1.63
MG;31;44375;Natalândia;3280.0;3520.0;240.0;7.32
MT;51;06703;Ponte Branca;1768.0;2008.0;240.0;13.57
ES;32;05150;Vila Pavão;8672.0;8911.0;239.0;2.76
CE;23;05308;Ibiapina;23726.0;23965.0;239.0;1.01
SP;35;33007;Nova Granada;19180.0;19419.0;239.0;1.25
MA;21;00105;Afonso Cunha;5905.0;6144.0;239.0;4.05
RJ;33;05752;Tanguá;30848.0;31086.0;238.0;0.77
SC;42;02081;Bandeirante;2906.0;3144.0;238.0;8.19
AL;27;04104;Lagoa da Canoa;18219.0;18457.0;238.0;1.31
PR;41;19400;Piraí do Sul;23413.0;23651.0;238.0;1.02
BA;29;29750;Saubara;11201.0;11438.0;237.0;2.12
MG;31;48905;Pedra do Indaiá;3875.0;4112.0;237.0;6.12
BA;29;33158;Várzea Nova;13141.0;13377.0;236.0;1.8
PE;26;02407;Brejão;8844.0;9079.0;235.0;2.66
PB;25;01708;Barra de São Miguel;5671.0;5906.0;235.0;4.14
BA;29;13309;Ichu;5957.0;6190.0;233.0;3.91
PR;41;24608;São Carlos do Ivaí;6354.0;6587.0;233.0;3.67
MG;31;40407;Marmelópolis;2968.0;3200.0;232.0;7.82
SP;35;37701;Piacatu;5287.0;5519.0;232.0;4.39
SP;35;40002;Pompéia;19964.0;20196.0;232.0;1.16
PR;41;18600;Paula Freitas;5434.0;5666.0;232.0;4.27
PR;41;19657;Pitangueiras;2814.0;3046.0;232.0;8.24
RS;43;19356;São Pedro da Serra;3316.0;3548.0;232.0;7.0
MG;31;60009;Santo Antônio do Aventureiro;3538.0;3769.0;231.0;6.53
PB;25;07705;Juazeirinho;16776.0;17007.0;231.0;1.38
SP;35;43204;Ribeirão do Sul;4446.0;4677.0;231.0;5.2
PI;22;03255;Curralinhos;4183.0;4413.0;230.0;5.5
PB;25;10709;Passagem;2233.0;2463.0;230.0;10.3
MS;50;03504;Douradina;5349.0;5578.0;229.0;4.28
RS;43;01875;Barra do Quaraí;4012.0;4241.0;229.0;5.71
SP;35;36901;Pedranópolis;2558.0;2787.0;229.0;8.95
CE;23;05654;Ipaporanga;11347.0;11575.0;228.0;2.01
MG;31;25200;Fama;2350.0;2578.0;228.0;9.7
MA;21;11102;São João dos Patos;24793.0;25020.0;227.0;0.92
MG;31;59357;Santa Rita de Minas;6547.0;6773.0;226.0;3.45
BA;29;22805;Nova Itarana;7554.0;7780.0;226.0;2.99
MG;31;34103;Itueta;5830.0;6055.0;225.0;3.86
RS;43;11700;Machadinho;5510.0;5735.0;225.0;4.08
MS;50;03157;Coronel Sapucaia;14064.0;14289.0;225.0;1.6
SC;42;02438;Bocaina do Sul;3290.0;3515.0;225.0;6.84
MG;31;44508;Nazareno;7954.0;8179.0;225.0;2.83
MT;51;08956;Nova Monte Verde;8089.0;8313.0;224.0;2.77
PR;41;08007;Florestópolis;11222.0;11446.0;224.0;2.0
BA;29;21104;Medeiros Neto;21971.0;22194.0;223.0;1.01
MS;50;03306;Coxim;31930.0;32151.0;221.0;0.69
SP;35;10104;Cândido Rodrigues;2668.0;2889.0;221.0;8.28
MA;21;11763;Senador La Rocque;14479.0;14700.0;221.0;1.53
PR;41;13809;Lupionópolis;4592.0;4813.0;221.0;4.81
SP;35;25607;João Ramalho;4150.0;4371.0;221.0;5.33
CE;23;06207;Itaiçaba;7316.0;7536.0;220.0;3.01
GO;52;20157;São Luiz do Norte;4617.0;4837.0;220.0;4.76
RS;43;06932;Entre-Ijuís;8938.0;9158.0;220.0;2.46
RN;24;09209;Passagem;2895.0;3115.0;220.0;7.6
PB;25;05006;Cubati;7361.0;7580.0;219.0;2.98
RN;24;02501;Carnaubais;9495.0;9714.0;219.0;2.31
SC;42;05191;Ermo;2050.0;2269.0;219.0;10.68
MG;31;60959;São Domingos das Dores;5408.0;5626.0;218.0;4.03
PB;25;00700;São João do Rio do Peixe;17746.0;17964.0;218.0;1.23
MG;31;66303;Sericita;7128.0;7345.0;217.0;3.04
PI;22;02711;Cocal de Telha;4694.0;4911.0;217.0;4.62
PR;41;26702;Tamboara;4664.0;4880.0;216.0;4.63
SP;35;35903;Paranapuã;3815.0;4031.0;216.0;5.66
PI;22;05854;Madeiro;7816.0;8032.0;216.0;2.76
TO;17;13957;Muricilândia;3152.0;3367.0;215.0;6.82
SC;42;16255;São João do Oeste;6080.0;6295.0;215.0;3.54
CE;23;01208;Aracoiaba;25338.0;25553.0;215.0;0.85
MS;50;07703;Sete Quedas;10780.0;10994.0;214.0;1.99
RN;24;08508;Ouro Branco;4699.0;4913.0;214.0;4.55
RS;43;00802;Antônio Prado;12831.0;13045.0;214.0;1.67
RS;43;14423;Picada Café;5138.0;5351.0;213.0;4.15
SC;42;09458;Lajeado Grande;1490.0;1702.0;212.0;14.23
PI;22;10706;Simões;14138.0;14350.0;212.0;1.5
SP;35;46009;Santa Branca;13763.0;13975.0;212.0;1.54
RS;43;18903;São Luiz Gonzaga;34540.0;34752.0;212.0;0.61
RS;43;12674;Nicolau Vergueiro;1721.0;1932.0;211.0;12.26
PI;22;03750;Fartura do Piauí;5074.0;5284.0;210.0;4.14
MG;31;71154;Vermelho Novo;4689.0;4899.0;210.0;4.48
RN;24;03707;Felipe Guerra;5734.0;5944.0;210.0;3.66
SC;42;07205;Imaruí;11673.0;11881.0;208.0;1.78
RS;43;16477;Salvador das Missões;2669.0;2877.0;208.0;7.79
TO;17;15101;Novo Acordo;3762.0;3969.0;207.0;5.5
MA;21;06102;Loreto;11390.0;11597.0;207.0;1.82
PE;26;05301;Exu;31636.0;31843.0;207.0;0.65
GO;52;04003;Cabeceiras;7354.0;7560.0;206.0;2.8
SC;42;14151;Princesa;2758.0;2964.0;206.0;7.47
PI;22;02406;Capitão de Campos;10894.0;11100.0;206.0;1.89
RS;43;18499;São José do Inhacorá;2200.0;2406.0;206.0;9.36
GO;52;05802;Corumbá de Goiás;10357.0;10562.0;205.0;1.98
PI;22;01739;Betânia do Piauí;6015.0;6220.0;205.0;3.41
TO;17;16208;Paranã;10338.0;10542.0;204.0;1.97
SC;42;04400;Coronel Freitas;10184.0;10388.0;204.0;2.0
RN;24;14902;Viçosa;1618.0;1822.0;204.0;12.61
CE;23;08807;Moraújo;8050.0;8254.0;204.0;2.53
SC;42;04103;Caxambu do Sul;4411.0;4614.0;203.0;4.6
SP;35;35705;Paraíso;5898.0;6099.0;201.0;3.41
PR;41;13601;Lobato;4401.0;4601.0;200.0;4.54
SC;42;01257;Apiúna;9611.0;9811.0;200.0;2.08
PI;22;00954;Aroeiras do Itaim;2490.0;2690.0;200.0;8.03
BA;29;04209;Botuporã;10824.0;11024.0;200.0;1.85
MG;31;65800;Senador José Bento;1868.0;2068.0;200.0;10.71
MT;51;07776;Santa Terezinha;7397.0;7596.0;199.0;2.69
ES;32;02009;Dores do Rio Preto;6397.0;6596.0;199.0;3.11
PI;22;11506;Vera Mendes;2986.0;3185.0;199.0;6.66
SP;35;47650;Santa Salete;1447.0;1645.0;198.0;13.68
MG;31;02001;Alterosa;13717.0;13915.0;198.0;1.44
SP;35;39905;Poloni;5395.0;5592.0;197.0;3.65
SC;42;05001;Dionísio Cerqueira;14811.0;15008.0;197.0;1.33
RS;43;19372;São Pedro do Butiá;2873.0;3070.0;197.0;6.86
PB;25;07200;Itatuba;10302.0;10499.0;197.0;1.91
BA;29;25402;Potiraguá;10077.0;10274.0;197.0;1.95
SP;35;48302;Santo Expedito;2803.0;3000.0;197.0;7.03
PI;22;10953;Tamboril do Piauí;2753.0;2949.0;196.0;7.12
SC;42;17105;São Martinho;3209.0;3405.0;196.0;6.11
SP;35;44103;Rio Grande da Serra;43974.0;44170.0;196.0;0.45
SC;42;05357;Flor do Sertão;1588.0;1783.0;195.0;12.28
PB;25;16102;Soledade;13774.0;13968.0;194.0;1.41
SP;35;22158;Itaoca;3228.0;3422.0;194.0;6.01
RS;43;13037;Nova Esperança do Sul;4671.0;4865.0;194.0;4.15
SC;42;10035;Luzerna;5600.0;5794.0;194.0;3.46
BA;29;02005;Aracatu;13743.0;13936.0;193.0;1.4
MA;21;01939;Bernardo do Mearim;5647.0;5840.0;193.0;3.42
PI;22;08650;Queimada Nova;8546.0;8738.0;192.0;2.25
RS;43;23408;Vila Maria;4221.0;4413.0;192.0;4.55
ES;32;00136;Águia Branca;9519.0;9711.0;192.0;2.02
GO;52;05307;Cavalcante;9392.0;9583.0;191.0;2.03
SP;35;47403;Santa Rita d'Oeste;2543.0;2733.0;190.0;7.47
RS;43;00059;Água Santa;3722.0;3912.0;190.0;5.1
MG;31;64902;São Sebastião do Rio Verde;2110.0;2300.0;190.0;9.0
PB;25;13927;São Bentinho;4138.0;4327.0;189.0;4.57
GO;52;19258;Santa Fé de Goiás;4762.0;4951.0;189.0;3.97
SE;28;02601;Gracho Cardoso;5645.0;5834.0;189.0;3.35
SE;28;06503;Santa Rosa de Lima;3749.0;3937.0;188.0;5.01
MG;31;66204;Senhora dos Remédios;10196.0;10384.0;188.0;1.84
SC;42;12056;Palmeira;2373.0;2561.0;188.0;7.92
GO;52;12600;Mairipotaba;2374.0;2561.0;187.0;7.88
SC;42;12239;Paraíso;4080.0;4267.0;187.0;4.58
GO;52;03807;Britânia;5509.0;5695.0;186.0;3.38
SC;42;15695;Santiago do Sul;1465.0;1651.0;186.0;12.7
PI;22;06506;Monsenhor Hipólito;7391.0;7577.0;186.0;2.52
MG;31;49507;Pequeri;3165.0;3351.0;186.0;5.88
MG;31;48608;Peçanha;17260.0;17446.0;186.0;1.08
MG;31;19708;Coronel Xavier Chaves;3301.0;3486.0;185.0;5.6
PB;25;15005;São Miguel de Taipu;6881.0;7066.0;185.0;2.69
TO;17;00251;Abreulândia;2391.0;2576.0;185.0;7.74
PI;22;01101;Avelino Lopes;10681.0;10866.0;185.0;1.73
SC;42;01273;Arabutã;4193.0;4378.0;185.0;4.41
MA;21;04008;Esperantinópolis;18126.0;18311.0;185.0;1.02
SP;35;04701;Balbinos;3702.0;3887.0;185.0;5.0
GO;52;14879;Nova Iguaçu de Goiás;2826.0;3010.0;184.0;6.51
PR;41;03156;Bom Jesus do Sul;3796.0;3980.0;184.0;4.85
MG;31;62302;São João da Mata;2731.0;2914.0;183.0;6.7
SC;42;04194;Chapadão do Lageado;2767.0;2950.0;183.0;6.61
SP;35;48104;Santo Antônio do Jardim;5943.0;6126.0;183.0;3.08
PR;41;03479;Cafezal do Sul;4290.0;4473.0;183.0;4.27
AL;27;01209;Cacimbinhas;10300.0;10482.0;182.0;1.77
SC;42;02206;Benedito Novo;10338.0;10520.0;182.0;1.76
MA;21;10906;São Francisco do Maranhão;11883.0;12064.0;181.0;1.52
RS;43;00570;Alto Feliz;2891.0;3072.0;181.0;6.26
MG;31;42601;Monsenhor Paulo;8161.0;8340.0;179.0;2.19
SP;35;27405;Lucélia;19882.0;20061.0;179.0;0.9
RN;24;00703;Alto do Rodrigues;12305.0;12484.0;179.0;1.45
RS;43;20305;Selbach;4929.0;5107.0;178.0;3.61
PB;25;16151;Sossêgo;3169.0;3345.0;176.0;5.55
SC;42;18251;Timbó Grande;7167.0;7342.0;175.0;2.44
RN;24;06809;Lajes Pintadas;4612.0;4787.0;175.0;3.79
MG;31;56205;Rochedo de Minas;2116.0;2291.0;175.0;8.27
SC;42;18954;Urupema;2482.0;2656.0;174.0;7.01
MG;31;09451;Cabeceira Grande;6453.0;6627.0;174.0;2.7
MT;51;06802;Porto dos Gaúchos;5420.0;5593.0;173.0;3.19
GO;52;03939;Buriti de Goiás;2560.0;2732.0;172.0;6.72
GO;52;11008;Itapirapuã;7835.0;8007.0;172.0;2.2
SE;28;03401;Japoatã;13236.0;13407.0;171.0;1.29
RN;24;11429;Santana do Seridó;2526.0;2696.0;170.0;6.73
MG;31;39706;Maravilhas;7163.0;7333.0;170.0;2.37
PI;22;09658;São Francisco de Assis do Piauí;5402.0;5572.0;170.0;3.15
PR;41;25902;São Pedro do Paraná;2491.0;2661.0;170.0;6.82
SP;35;41653;Quadra;3236.0;3405.0;169.0;5.22
TO;17;18709;Rio dos Bois;2570.0;2738.0;168.0;6.54
SP;35;33700;Ocauçu;4163.0;4331.0;168.0;4.04
MG;31;18205;Conquista;6526.0;6694.0;168.0;2.57
PI;22;06100;Matias Olímpio;10473.0;10641.0;168.0;1.6
BA;29;28307;Santanópolis;8549.0;8716.0;167.0;1.95
MG;31;62252;São João da Lagoa;4656.0;4822.0;166.0;3.57
TO;17;04600;Chapada de Areia;1335.0;1501.0;166.0;12.43
MG;31;17836;Cônego Marinho;7071.0;7237.0;166.0;2.35
SP;35;10906;Cássia dos Coqueiros;2634.0;2799.0;165.0;6.26
SC;42;11876;Paial;1763.0;1927.0;164.0;9.3
SP;35;01806;Américo de Campos;5706.0;5870.0;164.0;2.87
MG;31;20508;Cristina;10210.0;10374.0;164.0;1.61
MG;31;38708;Luminárias;5422.0;5586.0;164.0;3.02
PB;25;17100;Várzea;2504.0;2668.0;164.0;6.55
RS;43;05306;Chapada;9377.0;9540.0;163.0;1.74
SP;35;46256;Santa Cruz da Esperança;1953.0;2116.0;163.0;8.35
MG;31;06002;Bela Vista de Minas;10004.0;10167.0;163.0;1.63
SP;35;12506;Coroados;5238.0;5400.0;162.0;3.09
MG;31;29400;Ibertioga;5036.0;5198.0;162.0;3.22
AM;13;00201;Atalaia do Norte;15153.0;15314.0;161.0;1.06
MG;31;63607;São José do Mantimento;2592.0;2753.0;161.0;6.21
BA;29;18902;Lajedão;3685.0;3845.0;160.0;4.34
MG;31;21308;Descoberto;4768.0;4928.0;160.0;3.36
MG;31;13800;Carmésia;2446.0;2605.0;159.0;6.5
SP;35;24303;Jaboticabal;71662.0;71821.0;159.0;0.22
SP;35;31605;Monte Castelo;4063.0;4222.0;159.0;3.91
SP;35;10203;Capão Bonito;46178.0;46337.0;159.0;0.34
MG;31;59704;Santa Rosa da Serra;3224.0;3382.0;158.0;4.9
SP;35;01400;Álvaro de Carvalho;4650.0;4808.0;158.0;3.4
PR;41;27965;Turvo;14074.0;14231.0;157.0;1.12
RN;24;06155;Jundiá;3582.0;3739.0;157.0;4.38
PB;25;02151;Boa Vista;6221.0;6377.0;156.0;2.51
RO;11;00262;Rio Crespo;3316.0;3471.0;155.0;4.67
PI;22;08502;Porto;11897.0;12052.0;155.0;1.3
PI;22;00608;Angical do Piauí;6672.0;6827.0;155.0;2.32
RS;43;14753;Poço das Antas;2017.0;2171.0;154.0;7.64
MG;31;47808;Passa Vinte;2079.0;2233.0;154.0;7.41
PB;25;16755;Tenório;2813.0;2966.0;153.0;5.44
PB;25;17407;Zabelê;2075.0;2228.0;153.0;7.37
RS;43;21329;Taquaruçu do Sul;2966.0;3119.0;153.0;5.16
PR;41;09906;Icaraíma;8839.0;8991.0;152.0;1.72
PR;41;09757;Ibema;6066.0;6218.0;152.0;2.51
MG;31;52303;Porto Firme;10417.0;10569.0;152.0;1.46
BA;29;08804;Contendas do Sincorá;4181.0;4333.0;152.0;3.64
PR;41;23709;Santa Isabel do Ivaí;8760.0;8912.0;152.0;1.74
MG;31;67400;Silvianópolis;6027.0;6179.0;152.0;2.52
RN;24;02303;Caraúbas;19576.0;19727.0;151.0;0.77
MG;31;02704;Cachoeira de Pajeú;8959.0;9110.0;151.0;1.69
MG;31;04304;Areado;13731.0;13881.0;150.0;1.09
PB;25;07804;Junco do Seridó;6643.0;6793.0;150.0;2.26
GO;52;20280;São Patrício;1993.0;2143.0;150.0;7.53
PI;22;03230;Currais;4704.0;4854.0;150.0;3.19
PB;25;00734;Amparo;2085.0;2234.0;149.0;7.15
PR;41;10409;Indianópolis;4299.0;4448.0;149.0;3.47
MA;21;06508;Matinha;21885.0;22034.0;149.0;0.68
PB;25;15708;Serra Grande;2794.0;2942.0;148.0;5.3
SC;42;19358;Vitor Meireles;5222.0;5370.0;148.0;2.83
RS;43;11981;Mariana Pimentel;3768.0;3916.0;148.0;3.93
PB;25;15104;São Sebastião de Lagoa de Roça;10893.0;11040.0;147.0;1.35
BA;29;31905;Tucano;48589.0;48736.0;147.0;0.3
RJ;33;02452;Macuco;5269.0;5415.0;146.0;2.77
RN;24;03509;Espírito Santo;10475.0;10620.0;145.0;1.38
PB;25;13943;São Domingos do Cariri;2441.0;2585.0;144.0;5.9
BA;29;29255;São Gabriel;18456.0;18600.0;144.0;0.78
RS;43;21006;Tapera;10448.0;10592.0;144.0;1.38
MG;31;60108;Santo Antônio do Grama;4085.0;4229.0;144.0;3.53
RS;43;15800;Roca Sales;10275.0;10418.0;143.0;1.39
RS;43;15750;Riozinho;4330.0;4473.0;143.0;3.3
MG;31;62575;São João do Manteninha;5188.0;5331.0;143.0;2.76
SP;35;09254;Cajati;28372.0;28515.0;143.0;0.5
PI;22;01176;Barra D'Alcântara;3852.0;3995.0;143.0;3.71
PI;22;11357;Várzea Branca;4913.0;5055.0;142.0;2.89
BA;29;05305;Cafarnaum;17324.0;17466.0;142.0;0.82
MG;31;09253;Bugre;3900.0;4041.0;141.0;3.62
BA;29;02302;Aratuípe;8536.0;8677.0;141.0;1.65
RN;24;13201;Senador Georgino Avelino;3924.0;4065.0;141.0;3.59
ES;32;02256;Governador Lindenberg;10869.0;11009.0;140.0;1.29
RS;43;11270;Lagoa dos Três Cantos;1598.0;1738.0;140.0;8.76
MA;21;02036;Bom Jesus das Selvas;28459.0;28599.0;140.0;0.49
MG;31;07703;Bom Jesus do Amparo;5491.0;5631.0;140.0;2.55
SP;35;49300;São João do Pau d'Alho;2103.0;2242.0;139.0;6.61
PI;22;01572;Belém do Piauí;3284.0;3423.0;139.0;4.23
SP;35;54755;Trabiju;1544.0;1682.0;138.0;8.94
SC;42;07577;Iomerê;2739.0;2877.0;138.0;5.04
PA;15;07961;Terra Alta;10262.0;10400.0;138.0;1.34
BA;29;33059;Várzea da Roça;13663.0;13800.0;137.0;1.0
MG;31;63201;São José do Alegre;3996.0;4133.0;137.0;3.43
MG;31;54309;Resplendor;17089.0;17226.0;137.0;0.8
BA;29;07400;Catolândia;3297.0;3434.0;137.0;4.16
GO;52;12253;Lagoa Santa;1254.0;1390.0;136.0;10.85
MA;21;07258;Nova Colinas;4885.0;5021.0;136.0;2.78
SP;35;55901;Uru;1251.0;1387.0;136.0;10.87
PR;41;19251;Pinhal de São Bento;2625.0;2761.0;136.0;5.18
MG;31;60801;São Bento Abade;4577.0;4713.0;136.0;2.97
PA;15;05635;Piçarra;12697.0;12832.0;135.0;1.06
SC;42;18905;Urubici;10699.0;10834.0;135.0;1.26
MA;21;05989;Lajeado Novo;6923.0;7057.0;134.0;1.94
PR;41;20903;Quedas do Iguaçu;30605.0;30738.0;133.0;0.43
RN;24;00505;Alexandria;13507.0;13640.0;133.0;0.98
SP;35;20707;Indiaporã;3903.0;4035.0;132.0;3.38
RS;43;16501;Salvador do Sul;6747.0;6879.0;132.0;1.96
RS;43;11304;Lagoa Vermelha;27527.0;27659.0;132.0;0.48
PR;41;11100;Itambé;5979.0;6111.0;132.0;2.21
TO;17;14302;Nazaré;4390.0;4521.0;131.0;2.98
RS;43;01958;Barra Funda;2367.0;2498.0;131.0;5.53
MG;31;67301;Silveirânia;2192.0;2323.0;131.0;5.98
PR;41;12306;Japira;4841.0;4972.0;131.0;2.71
PB;25;11400;Picuí;18202.0;18333.0;131.0;0.72
PA;15;03044;Floresta do Araguaia;17768.0;17898.0;130.0;0.73
PB;25;05501;Vista Serrana;3511.0;3641.0;130.0;3.7
MA;21;10278;Santo Amaro do Maranhão;13820.0;13949.0;129.0;0.93
MG;31;59506;Santa Rita do Itueto;5697.0;5826.0;129.0;2.26
BA;29;11303;Gentio do Ouro;10755.0;10884.0;129.0;1.2
MG;31;46503;Pains;8014.0;8142.0;128.0;1.6
PB;25;14701;São José do Sabugi;4010.0;4138.0;128.0;3.19
RS;43;11734;Mampituba;3003.0;3131.0;128.0;4.26
RS;43;01404;Arvorezinha;10194.0;10322.0;128.0;1.26
PR;41;25456;São José das Palmeiras;3830.0;3957.0;127.0;3.32
TO;17;15507;Oliveira de Fátima;1037.0;1164.0;127.0;12.25
SP;35;47106;Santa Mercedes;2831.0;2956.0;125.0;4.42
SC;42;12403;Pedras Grandes;4120.0;4245.0;125.0;3.03
SP;35;21705;Itaberá;17858.0;17983.0;125.0;0.7
BA;29;22201;Muniz Ferreira;7065.0;7190.0;125.0;1.77
BA;29;18704;Lafaiete Coutinho;3950.0;4075.0;125.0;3.16
SC;42;14409;Rio das Antas;6129.0;6253.0;124.0;2.02
MT;51;03304;Comodoro;18114.0;18238.0;124.0;0.68
SE;28;03807;Malhada dos Bois;3456.0;3579.0;123.0;3.56
RS;43;13359;Nova Roma do Sul;3343.0;3466.0;123.0;3.68
PI;22;07793;Pau D'Arco do Piauí;3757.0;3880.0;123.0;3.27
SP;35;27504;Lucianópolis;2249.0;2372.0;123.0;5.47
PR;41;12959;Juranda;7649.0;7771.0;122.0;1.59
PI;22;09757;São Gonçalo do Gurguéia;2825.0;2947.0;122.0;4.32
MG;31;25002;Ewbank da Câmara;3753.0;3875.0;122.0;3.25
BA;29;28059;Santa Luzia;13776.0;13896.0;120.0;0.87
PR;41;07546;Espigão Alto do Iguaçu;4677.0;4797.0;120.0;2.57
SC;42;11256;Morro Grande;2890.0;3010.0;120.0;4.15
SC;42;15307;Salete;7370.0;7489.0;119.0;1.61
RS;43;04101;Campos Borges;3494.0;3613.0;119.0;3.41
PB;25;12705;Remígio;17766.0;17885.0;119.0;0.67
SP;35;03356;Arco-Íris;1925.0;2044.0;119.0;6.18
RN;24;13557;Serrinha dos Pintos;4540.0;4659.0;119.0;2.62
RS;43;14464;Pinhal da Serra;2130.0;2248.0;118.0;5.54
MG;31;45455;Olhos-d'Água;5267.0;5385.0;118.0;2.24
BA;29;11006;Floresta Azul;10941.0;11059.0;118.0;1.08
ES;32;00359;Alto Rio Novo;7317.0;7434.0;117.0;1.6
SP;35;56800;Viradouro;17297.0;17414.0;117.0;0.68
SE;28;06909;São Francisco;3127.0;3243.0;116.0;3.71
PB;25;03803;Caldas Brandão;5637.0;5753.0;116.0;2.06
PI;22;10508;São Pedro do Piauí;13639.0;13755.0;116.0;0.85
MG;31;16407;Claraval;4542.0;4658.0;116.0;2.55
CE;23;07403;Jucás;23807.0;23922.0;115.0;0.48
PI;22;02752;Colônia do Gurguéia;6036.0;6150.0;114.0;1.89
RS;43;11429;Lajeado do Bugre;2487.0;2601.0;114.0;4.58
RS;43;14548;Pinto Bandeira;2609.0;2723.0;114.0;4.37
PI;22;04709;Inhuma;14845.0;14958.0;113.0;0.76
PI;22;00806;Antônio Almeida;3039.0;3152.0;113.0;3.72
MG;31;53301;Presidente Kubitschek;2959.0;3071.0;112.0;3.79
PE;26;06309;Granito;6855.0;6967.0;112.0;1.63
SP;35;14205;Dolcinópolis;2096.0;2207.0;111.0;5.3
SP;35;16002;Flórida Paulista;12848.0;12958.0;110.0;0.86
CE;23;09409;Novo Oriente;27435.0;27545.0;110.0;0.4
PR;41;08106;Flórida;2543.0;2652.0;109.0;4.29
PR;41;20358;Pranchita;5628.0;5737.0;109.0;1.94
SE;28;02502;General Maynard;2929.0;3037.0;108.0;3.69
SC;42;00903;Angelina;5250.0;5358.0;108.0;2.06
RS;43;20354;Sentinela do Sul;5198.0;5306.0;108.0;2.08
PR;41;22602;Rondon;8989.0;9097.0;108.0;1.2
GO;52;11701;Jandaia;6164.0;6272.0;108.0;1.75
BA;29;20304;Malhada de Pedras;8563.0;8670.0;107.0;1.25
PI;22;05300;Jerumenha;4390.0;4497.0;107.0;2.44
PI;22;02505;Caracol;10212.0;10318.0;106.0;1.04
PI;22;02539;Caraúbas do Piauí;5525.0;5630.0;105.0;1.9
PR;41;16000;Miraselva;1862.0;1966.0;104.0;5.59
PR;41;15309;Mariópolis;6268.0;6371.0;103.0;1.64
MS;50;07976;Taquarussu;3522.0;3625.0;103.0;2.92
MG;31;35001;Jaguaraçu;2990.0;3092.0;102.0;3.41
RS;43;17756;Santo Antônio do Planalto;1987.0;2089.0;102.0;5.13
MA;21;09551;Ribamar Fiquene;7318.0;7420.0;102.0;1.39
SP;35;07209;Borá;805.0;907.0;102.0;12.67
SC;42;19101;Vargeão;3532.0;3634.0;102.0;2.89
RS;43;04671;Capivari do Sul;3890.0;3991.0;101.0;2.6
MG;31;14600;Carrancas;3948.0;4049.0;101.0;2.56
RN;24;06106;Jucurutu;17692.0;17793.0;101.0;0.57
MG;31;22801;Dom Viçoso;2994.0;3095.0;101.0;3.37
GO;52;13855;Morro Agudo de Goiás;2356.0;2456.0;100.0;4.24
SP;35;51306;Sebastianópolis do Sul;3031.0;3130.0;99.0;3.27
SE;28;00704;Brejo Grande;7742.0;7841.0;99.0;1.28
GO;52;21304;Três Ranchos;2822.0;2921.0;99.0;3.51
PI;22;00509;Amarante;17135.0;17234.0;99.0;0.58
SC;42;05159;Doutor Pedrinho;3539.0;3637.0;98.0;2.77
GO;52;01702;Aragarças;18292.0;18390.0;98.0;0.54
PB;25;00502;Alagoinha;13627.0;13725.0;98.0;0.72
RN;24;09506;Pedra Grande;3521.0;3618.0;97.0;2.75
SP;35;57204;Chavantes;12114.0;12211.0;97.0;0.8
BA;29;01304;Andaraí;12983.0;13080.0;97.0;0.75
MG;31;25952;Fervedouro;10349.0;10445.0;96.0;0.93
PR;41;15507;Marumbi;4603.0;4699.0;96.0;2.09
PI;22;02455;Capitão Gervásio Oliveira;3878.0;3974.0;96.0;2.48
TO;17;12454;Luzinópolis;2622.0;2717.0;95.0;3.62
PR;41;08205;Formosa do Oeste;7541.0;7635.0;94.0;1.25
MT;51;08204;Torixoréu;4071.0;4164.0;93.0;2.28
SP;35;15657;Fernão;1563.0;1656.0;93.0;5.95
PI;22;04808;Ipiranga do Piauí;9327.0;9420.0;93.0;1.0
MG;31;14006;Carmo da Mata;10927.0;11019.0;92.0;0.84
PR;41;27957;Tupãssi;7985.0;8077.0;92.0;1.15
MG;31;03603;Arantina;2823.0;2915.0;92.0;3.26
MG;31;22900;Dona Euzébia;6001.0;6093.0;92.0;1.53
CE;23;07205;Jati;7769.0;7861.0;92.0;1.18
TO;17;18899;Santa Rita do Tocantins;2128.0;2219.0;91.0;4.28
CE;23;02057;Barroquinha;14476.0;14567.0;91.0;0.63
PI;22;10409;São Miguel do Tapuio;17463.0;17554.0;91.0;0.52
RN;24;11809;São Fernando;3401.0;3492.0;91.0;2.68
SC;42;03105;Caibi;6214.0;6304.0;90.0;1.45
SC;42;15406;Salto Veloso;4301.0;4390.0;89.0;2.07
RS;43;06973;Erebango;2965.0;3054.0;89.0;3.0
PI;22;03271;Curral Novo do Piauí;4984.0;5073.0;89.0;1.79
MG;31;22405;Divisa Nova;5763.0;5851.0;88.0;1.53
RN;24;03202;Doutor Severiano;6956.0;7044.0;88.0;1.27
MG;31;11705;Canaã;4628.0;4715.0;87.0;1.88
PR;41;02703;Barra do Jacaré;2727.0;2814.0;87.0;3.19
PR;41;21257;Ramilândia;4134.0;4221.0;87.0;2.1
GO;52;07535;Faina;6983.0;7070.0;87.0;1.25
SP;35;17307;Guaimbê;5425.0;5512.0;87.0;1.6
TO;17;05557;Combinado;4669.0;4756.0;87.0;1.86
PR;41;02752;Bela Vista da Caroba;3945.0;4031.0;86.0;2.18
RN;24;07609;Messias Targino;4188.0;4274.0;86.0;2.05
GO;52;20058;São João da Paraúna;1688.0;1774.0;86.0;5.09
TO;17;18907;Santa Rosa do Tocantins;4568.0;4653.0;85.0;1.86
RN;24;09332;Santa Maria;4762.0;4847.0;85.0;1.78
RN;24;02709;Cerro Corá;10916.0;11000.0;84.0;0.77
CE;23;03204;Caririaçu;26236.0;26320.0;84.0;0.32
SC;42;04756;Cunhataí;1884.0;1968.0;84.0;4.46
GO;52;20702;Sítio d'Abadia;2843.0;2927.0;84.0;2.95
RN;24;03756;Fernando Pedroza;2854.0;2938.0;84.0;2.94
RS;43;12138;Mato Castelhano;2470.0;2553.0;83.0;3.36
RN;24;00802;Angicos;11549.0;11632.0;83.0;0.72
MG;31;00708;Água Comprida;2025.0;2108.0;83.0;4.1
SP;35;52700;Tabatinga;14686.0;14769.0;83.0;0.57
MG;31;20706;Cruzeiro da Fortaleza;3438.0;3521.0;83.0;2.41
PI;22;09807;São Gonçalo do Piauí;4754.0;4837.0;83.0;1.75
PB;25;06509;Gurjão;3159.0;3242.0;83.0;2.63
RS;43;04713;Caraá;7312.0;7394.0;82.0;1.12
RS;43;12955;Nova Boa Vista;1960.0;2042.0;82.0;4.18
SP;35;51207;Sarutaiá;3622.0;3704.0;82.0;2.26
PB;25;05352;Damião;4900.0;4982.0;82.0;1.67
MA;21;09700;Sambaíba;5487.0;5568.0;81.0;1.48
PI;22;11407;Várzea Grande;4336.0;4417.0;81.0;1.87
SC;42;05431;Formosa do Sul;2601.0;2682.0;81.0;3.11
MG;31;36959;Juvenília;5708.0;5789.0;81.0;1.42
RS;43;10363;Imigrante;3000.0;3080.0;80.0;2.67
PR;41;13007;Jussara;6610.0;6690.0;80.0;1.21
MG;31;53509;Alto Jequitibá;8318.0;8397.0;79.0;0.95
PI;22;09450;Santo Antônio dos Milagres;2059.0;2138.0;79.0;3.84
SP;35;44707;Sagres;2395.0;2474.0;79.0;3.3
MG;31;66907;Serrania;7542.0;7621.0;79.0;1.05
MG;31;49606;Pequi;4076.0;4155.0;79.0;1.94
SC;42;18103;Timbé do Sul;5308.0;5386.0;78.0;1.47
TO;17;13304;Miranorte;12623.0;12701.0;78.0;0.62
GO;52;14705;Nova América;2259.0;2337.0;78.0;3.45
AL;27;05705;Olho d'Água das Flores;20617.0;20695.0;78.0;0.38
MT;51;08303;União do Sul;3760.0;3838.0;78.0;2.07
RS;43;12377;Monte Alegre dos Campos;3102.0;3180.0;78.0;2.51
BA;29;01809;Antônio Gonçalves;10785.0;10862.0;77.0;0.71
SP;35;14502;Duartina;12251.0;12328.0;77.0;0.63
PR;41;13106;Kaloré;4506.0;4582.0;76.0;1.69
PB;25;05402;Desterro;7991.0;8067.0;76.0;0.95
TO;17;20937;Taipas do Tocantins;1945.0;2021.0;76.0;3.91
GO;52;10158;Ipiranga de Goiás;2843.0;2919.0;76.0;2.67
SP;35;55356;Ubarana;5289.0;5365.0;76.0;1.44
SE;28;00209;Aquidabã;20056.0;20131.0;75.0;0.37
PR;41;07603;Faxinal;16314.0;16389.0;75.0;0.46
SE;28;06107;Rosário do Catete;9221.0;9295.0;74.0;0.8
CE;23;05704;Ipaumirim;12009.0;12083.0;74.0;0.62
CE;23;11009;Poranga;11992.0;12065.0;73.0;0.61
SP;35;00600;Águas de São Pedro;2707.0;2780.0;73.0;2.7
MA;21;11805;Sítio Novo;17002.0;17074.0;72.0;0.42
RS;43;01859;Barra do Guarita;3089.0;3161.0;72.0;2.33
PR;41;13205;Lapa;44932.0;45003.0;71.0;0.16
MG;31;01201;Aiuruoca;6162.0;6233.0;71.0;1.15
TO;17;18006;Porto Alegre do Tocantins;2796.0;2866.0;70.0;2.5
MG;31;65404;Sapucaí-Mirim;6241.0;6311.0;70.0;1.12
PE;26;03900;Carnaíba;18574.0;18644.0;70.0;0.38
PI;22;05409;Joaquim Pires;13817.0;13886.0;69.0;0.5
MG;31;56106;Ritápolis;4925.0;4994.0;69.0;1.4
MG;31;53400;Presidente Olegário;18697.0;18765.0;68.0;0.36
AL;27;01357;Campestre;6598.0;6665.0;67.0;1.02
PR;41;02208;Atalaia;3913.0;3980.0;67.0;1.71
RS;43;08854;Gentil;1677.0;1744.0;67.0;4.0
SP;35;49250;São João de Iracema;1780.0;1846.0;66.0;3.71
SP;35;29658;Mesópolis;1886.0;1952.0;66.0;3.5
PI;22;06308;Miguel Leão;1253.0;1318.0;65.0;5.19
MA;21;06375;Maranhãozinho;13697.0;13761.0;64.0;0.47
PE;26;15201;Terra Nova;8856.0;8920.0;64.0;0.72
SC;42;17758;Sul Brasil;2768.0;2832.0;64.0;2.31
RS;43;18440;São Jorge;2848.0;2912.0;64.0;2.25
SC;42;06751;Ibiam;1945.0;2008.0;63.0;3.24
MG;31;16704;Coimbra;7054.0;7117.0;63.0;0.89
SP;35;09908;Cananéia;12226.0;12289.0;63.0;0.52
MG;31;26950;Frei Lagonegro;3329.0;3391.0;62.0;1.86
PR;41;10805;Iretama;10622.0;10684.0;62.0;0.58
RS;43;18432;São João do Polêsine;2588.0;2649.0;61.0;2.36
BA;29;04506;Brotas de Macaúbas;11705.0;11765.0;60.0;0.51
MG;31;04908;Baependi;18307.0;18366.0;59.0;0.32
RS;43;11643;Linha Nova;1624.0;1683.0;59.0;3.63
PE;26;08057;Jatobá;13963.0;14020.0;57.0;0.41
SP;35;23305;Itariri;15471.0;15528.0;57.0;0.37
SP;35;56958;Vitória Brasil;1737.0;1794.0;57.0;3.28
GO;52;21908;Varjão;3659.0;3716.0;57.0;1.56
SC;42;03154;Calmon;3387.0;3443.0;56.0;1.65
SE;28;06800;São Domingos;10271.0;10327.0;56.0;0.55
SP;35;16507;Gabriel Monteiro;2708.0;2763.0;55.0;2.03
AL;27;02207;Coqueiro Seco;5526.0;5581.0;55.0;1.0
PR;41;05300;Céu Azul;11032.0;11087.0;55.0;0.5
PR;41;28609;Verê;7878.0;7932.0;54.0;0.69
SC;42;01604;Arroio Trinta;3502.0;3556.0;54.0;1.54
TO;17;18659;Rio da Conceição;1714.0;1768.0;54.0;3.15
RS;43;10652;Itati;2584.0;2638.0;54.0;2.09
SC;42;06108;Grão-Pará;6223.0;6277.0;54.0;0.87
PB;25;13851;Santo André;2569.0;2622.0;53.0;2.06
MG;31;41207;Matutina;3761.0;3814.0;53.0;1.41
PB;25;04850;Coxixola;1771.0;1824.0;53.0;2.99
SP;35;40259;Pontalinda;4074.0;4127.0;53.0;1.3
MG;31;62005;São Gonçalo do Sapucaí;23906.0;23959.0;53.0;0.22
RN;24;14308;Timbaúba dos Batistas;2295.0;2348.0;53.0;2.31
RS;43;06205;Cruzeiro do Sul;11549.0;11600.0;51.0;0.44
PI;22;07934;Pedro Laurentino;2407.0;2458.0;51.0;2.12
PR;41;10508;Ipiranga;14091.0;14142.0;51.0;0.36
RJ;33;01603;Duas Barras;10930.0;10980.0;50.0;0.46
PB;25;05279;Curral de Cima;5204.0;5254.0;50.0;0.96
PR;41;22305;Rio Negro;31274.0;31324.0;50.0;0.16
RJ;33;05406;Sapucaia;17679.0;17729.0;50.0;0.28
SP;35;20905;Ipaussu;13663.0;13712.0;49.0;0.36
SC;42;09201;Lacerdópolis;2199.0;2248.0;49.0;2.23
SE;28;04102;Moita Bonita;11001.0;11050.0;49.0;0.45
SC;42;02578;Bom Jesus do Oeste;2138.0;2187.0;49.0;2.29
PB;25;05238;Cuité de Mamanguape;6202.0;6251.0;49.0;0.79
BA;29;31103;Tanquinho;7669.0;7717.0;48.0;0.63
PI;22;03800;Flores do Piauí;4366.0;4414.0;48.0;1.1
GO;52;04656;Campinaçu;3660.0;3708.0;48.0;1.31
MA;21;04602;Governador Eugênio Barros;13883.0;13930.0;47.0;0.34
MG;31;14105;Carmo de Minas;13750.0;13797.0;47.0;0.34
SP;35;08801;Cafelândia;16607.0;16654.0;47.0;0.28
PR;41;26652;Sulina;3394.0;3440.0;46.0;1.36
PB;25;04074;Caraúbas;3899.0;3944.0;45.0;1.15
TO;17;10904;Itapiratins;3532.0;3577.0;45.0;1.27
PI;22;09559;São Braz do Piauí;4313.0;4358.0;45.0;1.04
SP;35;15301;Estrela do Norte;2658.0;2703.0;45.0;1.69
PR;41;01051;Anahy;2874.0;2918.0;44.0;1.53
PB;25;15203;São Sebastião do Umbuzeiro;3235.0;3279.0;44.0;1.36
PB;25;12606;Quixaba;1699.0;1743.0;44.0;2.59
RS;43;14498;Pinheirinho do Vale;4497.0;4540.0;43.0;0.96
MT;51;06109;Nossa Senhora do Livramento;12897.0;12940.0;43.0;0.33
PR;41;00806;Alvorada do Sul;10283.0;10326.0;43.0;0.42
PA;15;07474;São João de Pirabas;20647.0;20689.0;42.0;0.2
MG;31;10202;Cajuri;4047.0;4088.0;41.0;1.01
PR;41;06001;Congonhinhas;8279.0;8320.0;41.0;0.5
MT;51;05200;Juscimeira;11439.0;11480.0;41.0;0.36
GO;52;12105;Joviânia;7118.0;7159.0;41.0;0.58
MG;31;20102;Couto de Magalhães de Minas;4204.0;4245.0;41.0;0.98
MT;51;03437;Curvelândia;4862.0;4903.0;41.0;0.84
MG;31;01300;Alagoa;2709.0;2749.0;40.0;1.48
TO;17;20655;Silvanópolis;5068.0;5108.0;40.0;0.79
PR;41;25555;São Manoel do Paraná;2098.0;2138.0;40.0;1.91
MT;51;07404;São Pedro da Cipa;4151.0;4191.0;40.0;0.96
PE;26;15904;Tuparetama;7966.0;8005.0;39.0;0.49
RS;43;19711;São Valentim do Sul;2168.0;2207.0;39.0;1.8
MG;31;01409;Albertina;2913.0;2952.0;39.0;1.34
MG;31;09600;Cachoeira da Prata;3654.0;3693.0;39.0;1.07
PE;26;01003;Angelim;10202.0;10241.0;39.0;0.38
MG;31;70479;Uruana de Minas;3243.0;3282.0;39.0;1.2
MG;31;64209;São Romão;10276.0;10315.0;39.0;0.38
TO;17;20499;São Valério;4383.0;4422.0;39.0;0.89
PI;22;06357;Milton Brandão;6504.0;6542.0;38.0;0.58
RN;24;03004;Cruzeta;7967.0;8005.0;38.0;0.48
RJ;33;03005;Miracema;26843.0;26881.0;38.0;0.14
GO;52;14804;Nova Aurora;2064.0;2101.0;37.0;1.79
BA;29;10776;Feira da Mata;5595.0;5631.0;36.0;0.64
RN;24;01503;Barcelona;3950.0;3986.0;36.0;0.91
GO;52;11602;Ivolândia;2658.0;2693.0;35.0;1.32
MG;31;61007;São Domingos do Prata;17357.0;17392.0;35.0;0.2
RN;24;12104;São João do Sabugi;5922.0;5956.0;34.0;0.57
MG;31;33402;Itapagipe;13656.0;13690.0;34.0;0.25
SC;42;04152;Celso Ramos;2771.0;2805.0;34.0;1.23
RS;43;01503;Augusto Pestana;7116.0;7149.0;33.0;0.46
SP;35;03950;Aspásia;1809.0;1842.0;33.0;1.82
PR;41;21604;Renascença;6812.0;6845.0;33.0;0.48
MG;31;44409;Natércia;4658.0;4691.0;33.0;0.71
GO;52;15405;Ouro Verde de Goiás;4025.0;4057.0;32.0;0.8
MG;31;22702;Dom Silvério;5196.0;5228.0;32.0;0.62
AL;27;04807;Maribondo;13648.0;13679.0;31.0;0.23
MG;31;39904;Maria da Fé;14216.0;14247.0;31.0;0.22
MG;31;60504;Santo Antônio do Rio Abaixo;1777.0;1808.0;31.0;1.74
RN;24;07708;Montanhas;11413.0;11444.0;31.0;0.27
SC;42;17550;Serra Alta;3272.0;3303.0;31.0;0.95
SE;28;04706;Nossa Senhora de Lourdes;6238.0;6268.0;30.0;0.48
PI;22;01309;Barreiras do Piauí;3234.0;3264.0;30.0;0.93
SC;42;15554;Santa Helena;2395.0;2425.0;30.0;1.25
MG;31;66402;Seritinga;1789.0;1819.0;30.0;1.68
MG;31;11150;Campo Azul;3684.0;3714.0;30.0;0.81
RS;43;08003;Faxinal do Soturno;6672.0;6702.0;30.0;0.45
BA;29;16609;Itapitanga;10250.0;10279.0;29.0;0.28
PI;22;07306;Paes Landim;4059.0;4088.0;29.0;0.71
SP;35;47205;Santana da Ponte Pensa;1641.0;1670.0;29.0;1.77
AL;27;07909;Santa Luzia do Norte;6891.0;6919.0;28.0;0.41
SP;35;43253;Ribeirão Grande;7422.0;7450.0;28.0;0.38
PB;25;12077;Poço de José de Moura;3978.0;4006.0;28.0;0.7
RS;43;07401;Esmeralda;3168.0;3195.0;27.0;0.85
PE;26;16100;Verdejante;9142.0;9169.0;27.0;0.3
MG;31;70008;Ubaí;11681.0;11708.0;27.0;0.23
PI;22;02604;Castelo do Piauí;19262.0;19288.0;26.0;0.13
MA;21;04503;Governador Archer;10205.0;10231.0;26.0;0.25
MG;31;49408;Pedro Teixeira;1785.0;1810.0;25.0;1.4
SP;35;52551;Suzanápolis;3383.0;3408.0;25.0;0.74
RS;43;15172;Protásio Alves;2000.0;2025.0;25.0;1.25
RS;43;23705;Vista Gaúcha;2759.0;2783.0;24.0;0.87
PB;25;12200;Prata;3891.0;3915.0;24.0;0.62
PR;41;02604;Barracão;9735.0;9759.0;24.0;0.25
SC;42;02156;Belmonte;2635.0;2658.0;23.0;0.87
SC;42;10902;Modelo;4057.0;4080.0;23.0;0.57
BA;29;17359;Jaborandi;9252.0;9275.0;23.0;0.25
MG;31;17207;Conceição das Pedras;2749.0;2772.0;23.0;0.84
SC;42;15604;Santa Rosa de Lima;2065.0;2088.0;23.0;1.11
SP;35;18107;Guarantã;6404.0;6427.0;23.0;0.36
MS;50;02902;Cassilândia;20966.0;20988.0;22.0;0.1
MG;31;45505;Olímpio Noronha;2533.0;2555.0;22.0;0.87
PR;41;25100;São João do Triunfo;13704.0;13726.0;22.0;0.16
TO;17;12157;Lavandeira;1605.0;1626.0;21.0;1.31
SP;35;02309;Anhembi;5653.0;5674.0;21.0;0.37
MG;31;23403;Doresópolis;1440.0;1461.0;21.0;1.46
RS;43;23606;Vista Alegre do Prata;1569.0;1590.0;21.0;1.34
RN;24;13805;Taboleiro Grande;2317.0;2338.0;21.0;0.91
ES;32;04104;Pinheiros;23895.0;23915.0;20.0;0.08
RJ;33;02106;Itaocara;22899.0;22919.0;20.0;0.09
BA;29;19959;Maetinga;6953.0;6973.0;20.0;0.29
PR;41;03206;Bom Sucesso;6561.0;6581.0;20.0;0.3
RS;43;22558;Vanini;1984.0;2004.0;20.0;1.01
MG;31;61502;São Geraldo;10263.0;10282.0;19.0;0.19
RN;24;08805;Parazinho;4782.0;4801.0;19.0;0.4
MG;31;27909;Grupiara;1373.0;1392.0;19.0;1.38
MG;31;09105;Bueno Brandão;10892.0;10911.0;19.0;0.17
RS;43;16733;Santa Cecília do Sul;1655.0;1674.0;19.0;1.15
MT;51;00805;Apiacás;8571.0;8590.0;19.0;0.22
RS;43;06056;Cristal;7280.0;7299.0;19.0;0.26
MG;31;55009;Rio Doce;2465.0;2484.0;19.0;0.77
SP;35;50506;São Pedro do Turvo;7198.0;7217.0;19.0;0.26
CE;23;13351;Tejuçuoca;17136.0;17154.0;18.0;0.11
PB;25;11004;Pedra Branca;3721.0;3739.0;18.0;0.48
SP;35;14924;Elisiário;3120.0;3138.0;18.0;0.58
SP;35;01202;Álvares Florence;3897.0;3915.0;18.0;0.46
SP;35;31704;Monteiro Lobato;4120.0;4138.0;18.0;0.44
MG;31;66600;Serra da Saudade;815.0;833.0;18.0;2.21
PI;22;06951;Novo Santo Antônio;2809.0;2827.0;18.0;0.64
PR;41;09708;Ibaiti;28813.0;28830.0;17.0;0.06
SC;42;14102;Presidente Nereu;2284.0;2301.0;17.0;0.74
RN;24;14803;Vera Cruz;10719.0;10735.0;16.0;0.15
SC;42;08708;Jacinto Machado;10608.0;10624.0;16.0;0.15
MA;21;10302;Santo Antônio dos Lopes;14288.0;14304.0;16.0;0.11
PB;25;14651;São José do Brejo do Cruz;1684.0;1699.0;15.0;0.89
BA;29;01205;Anagé;25423.0;25438.0;15.0;0.06
MG;31;16209;Chiador;2785.0;2800.0;15.0;0.54
RN;24;07906;Monte das Gameleiras;2261.0;2276.0;15.0;0.66
PI;22;05524;Júlio Borges;5373.0;5388.0;15.0;0.28
MG;31;38401;Leopoldina;51130.0;51145.0;15.0;0.03
RS;43;04655;Capão do Cipó;3104.0;3119.0;15.0;0.48
GO;52;16452;Perolândia;2950.0;2964.0;14.0;0.47
BA;29;23605;Paramirim;20337.0;20351.0;14.0;0.07
SC;42;09607;Lauro Müller;14367.0;14381.0;14.0;0.1
SE;28;02007;Divina Pastora;4326.0;4340.0;14.0;0.32
RS;43;14076;Passo do Sobrado;6011.0;6025.0;14.0;0.23
PR;41;22909;Salto do Itararé;5178.0;5192.0;14.0;0.27
SP;35;49201;São João das Duas Pontes;2566.0;2580.0;14.0;0.55
MG;31;29202;Heliodora;6121.0;6134.0;13.0;0.21
RJ;33;05901;Trajano de Moraes;10289.0;10302.0;13.0;0.13
RS;43;20552;Sertão Santana;5850.0;5863.0;13.0;0.22
MG;31;15805;Centralina;10195.0;10207.0;12.0;0.12
RS;43;06551;Dom Pedro de Alcântara;2550.0;2562.0;12.0;0.47
PI;22;07751;Passagem Franca do Piauí;4123.0;4135.0;12.0;0.29
TO;17;11803;Juarina;2231.0;2243.0;12.0;0.54
SP;35;32900;Nova Europa;9300.0;9311.0;11.0;0.12
BA;29;06204;Canarana;24195.0;24206.0;11.0;0.05
SE;28;01900;Cumbe;3813.0;3824.0;11.0;0.29
PR;41;22008;Rio Azul;14015.0;14025.0;10.0;0.07
AP;16;00550;Pracuúba;3793.0;3803.0;10.0;0.26
MG;31;11002;Campestre;20686.0;20696.0;10.0;0.05
CE;23;05100;Guaramiranga;5644.0;5654.0;10.0;0.18
PI;22;05359;João Costa;2960.0;2970.0;10.0;0.34
RJ;33;02056;Italva;14063.0;14073.0;10.0;0.07
MT;51;06315;Novo Santo Antônio;2005.0;2015.0;10.0;0.5
BA;29;03235;Barro Alto;13444.0;13453.0;9.0;0.07
PB;25;14602;São José do Bonfim;3233.0;3242.0;9.0;0.28
GO;52;15207;Novo Brasil;3519.0;3527.0;8.0;0.23
RN;24;14456;Triunfo Potiguar;3368.0;3376.0;8.0;0.24
SC;42;08955;Jardinópolis;1769.0;1776.0;7.0;0.4
RS;43;12427;Mormaço;2749.0;2756.0;7.0;0.25
MG;31;68101;Tapira;4112.0;4118.0;6.0;0.15
PI;22;10201;São José do Piauí;6591.0;6597.0;6.0;0.09
SP;35;54706;Torrinha;9330.0;9335.0;5.0;0.05
MG;31;40100;Marilac;4219.0;4224.0;5.0;0.12
MG;31;41603;Mercês;10368.0;10373.0;5.0;0.05
PE;26;02308;Bonito;37469.0;37474.0;5.0;0.01
SP;35;55703;União Paulista;1599.0;1603.0;4.0;0.25
SC;42;12601;Peritiba;2988.0;2992.0;4.0;0.13
RJ;33;05604;Silva Jardim;21349.0;21352.0;3.0;0.01
CE;23;06801;Jaguaribara;10353.0;10356.0;3.0;0.03
RS;43;02253;Boa Vista do Sul;2776.0;2779.0;3.0;0.11
PI;22;04501;Guadalupe;10268.0;10270.0;2.0;0.02
SP;35;05203;Bariri;31593.0;31595.0;2.0;0.01
BA;29;22300;Muritiba;28705.0;28707.0;2.0;0.01
PB;25;12721;Pedro Régis;5765.0;5766.0;1.0;0.02
MA;21;01806;Benedito Leite;5469.0;5469.0;0.0;0.0
MG;31;14709;Carvalhópolis;3341.0;3341.0;0.0;0.0
PA;15;04109;Magalhães Barata;8115.0;8115.0;0.0;0.0
GO;52;06800;Damolândia;2725.0;2724.0;-1.0;-0.04
BA;29;17201;Ituaçu;17915.0;17914.0;-1.0;-0.01
RN;24;01859;Caiçara do Norte;6295.0;6293.0;-2.0;-0.03
SP;35;18008;Guarani d'Oeste;1970.0;1968.0;-2.0;-0.1
SC;42;10852;Mirim Doce;2513.0;2511.0;-2.0;-0.08
PR;41;03008;Boa Esperança;4560.0;4558.0;-2.0;-0.04
RN;24;14704;Várzea;5236.0;5233.0;-3.0;-0.06
SP;35;55802;Urânia;8836.0;8833.0;-3.0;-0.03
GO;52;01603;Araçu;3802.0;3799.0;-3.0;-0.08
TO;17;21208;Tocantinópolis;22619.0;22615.0;-4.0;-0.02
PI;22;05904;Manoel Emídio;5213.0;5209.0;-4.0;-0.08
RS;43;03673;Campestre da Serra;3247.0;3242.0;-5.0;-0.15
RN;24;00307;Afonso Bezerra;10844.0;10839.0;-5.0;-0.05
MG;31;70602;Vargem Bonita;2163.0;2158.0;-5.0;-0.23
MG;31;67004;Serranos;1995.0;1990.0;-5.0;-0.25
PI;22;08700;Redenção do Gurguéia;8400.0;8394.0;-6.0;-0.07
SP;35;15129;Emilianópolis;3020.0;3014.0;-6.0;-0.2
MG;31;38302;Leandro Ferreira;3205.0;3199.0;-6.0;-0.19
PB;25;10907;Paulista;11840.0;11834.0;-6.0;-0.05
MG;31;34806;Jacuí;7502.0;7495.0;-7.0;-0.09
RS;43;12179;Mato Queimado;1802.0;1795.0;-7.0;-0.39
RS;43;17301;Santa Vitória do Palmar;30990.0;30983.0;-7.0;-0.02
RS;43;04952;Caseiros;3007.0;3000.0;-7.0;-0.23
SP;35;07753;Brejo Alegre;2573.0;2565.0;-8.0;-0.31
PI;22;09500;Santo Inácio do Piauí;3654.0;3646.0;-8.0;-0.22
PE;26;02803;Buíque;52105.0;52097.0;-8.0;-0.02
RJ;33;03104;Natividade;15082.0;15074.0;-8.0;-0.05
SC;42;16008;São Carlos;10291.0;10282.0;-9.0;-0.09
PI;22;09203;Santa Filomena;6096.0;6087.0;-9.0;-0.15
PI;22;10938;Sussuapara;6229.0;6220.0;-9.0;-0.14
SP;35;19907;Iepê;7628.0;7619.0;-9.0;-0.12
TO;17;11951;Lagoa do Tocantins;3525.0;3516.0;-9.0;-0.26
MG;31;03306;Aracitaba;2058.0;2049.0;-9.0;-0.44
MG;31;25408;Felício dos Santos;5142.0;5133.0;-9.0;-0.18
PR;41;04428;Candói;14983.0;14973.0;-10.0;-0.07
PB;25;10600;Ouro Velho;2928.0;2918.0;-10.0;-0.34
SP;35;45100;Salmourão;4818.0;4808.0;-10.0;-0.21
PR;41;11308;Itaúna do Sul;3583.0;3572.0;-11.0;-0.31
MG;31;00401;Acaiaca;3920.0;3909.0;-11.0;-0.28
RN;24;05306;Januário Cicco;9062.0;9051.0;-11.0;-0.12
SC;42;10803;Meleiro;7018.0;7006.0;-12.0;-0.17
MG;31;23502;Douradoquara;1841.0;1829.0;-12.0;-0.65
SP;35;34104;Oriente;6097.0;6085.0;-12.0;-0.2
PB;25;14008;São João do Cariri;4239.0;4226.0;-13.0;-0.31
RS;43;07864;Fagundes Varela;2579.0;2566.0;-13.0;-0.5
GO;52;11206;Itapuranga;26127.0;26113.0;-14.0;-0.05
SP;35;20806;Inúbia Paulista;3630.0;3615.0;-15.0;-0.41
PE;26;10905;Pesqueira;62737.0;62722.0;-15.0;-0.02
PR;41;03057;Boa Vista da Aparecida;7939.0;7924.0;-15.0;-0.19
MG;31;00203;Abaeté;22690.0;22675.0;-15.0;-0.07
MG;31;43005;Monte Belo;13061.0;13046.0;-15.0;-0.11
SP;35;07159;Bom Sucesso de Itararé;3571.0;3555.0;-16.0;-0.45
SP;35;53500;Tapiraí;8012.0;7996.0;-16.0;-0.2
MG;31;29905;Ibitiúra de Minas;3382.0;3365.0;-17.0;-0.5
PE;26;00609;Alagoinha;13559.0;13542.0;-17.0;-0.13
PI;22;10359;São Lourenço do Piauí;4427.0;4410.0;-17.0;-0.38
GO;52;04201;Cachoeira de Goiás;1422.0;1405.0;-17.0;-1.2
RN;24;08607;Paraná;3952.0;3934.0;-18.0;-0.46
RS;43;10306;Ilópolis;4175.0;4157.0;-18.0;-0.43
SP;35;32827;Nova Campina;8515.0;8497.0;-18.0;-0.21
RO;11;01104;Itapuã do Oeste;8566.0;8548.0;-18.0;-0.21
MG;31;21100;Delfim Moreira;7971.0;7952.0;-19.0;-0.24
MG;31;02902;Antônio Carlos;11114.0;11095.0;-19.0;-0.17
SC;42;10555;Marema;2203.0;2184.0;-19.0;-0.86
MG;31;30705;Indianópolis;6190.0;6171.0;-19.0;-0.31
RS;43;12757;Nova Alvorada;3182.0;3163.0;-19.0;-0.6
MG;31;36504;Jordânia;10324.0;10304.0;-20.0;-0.19
MG;31;21506;Desterro do Melo;3015.0;2994.0;-21.0;-0.7
SP;35;34807;Ouro Verde;7800.0;7779.0;-21.0;-0.27
RS;43;04622;Capão Bonito do Sul;1754.0;1733.0;-21.0;-1.2
MG;31;70305;Umburatiba;2705.0;2684.0;-21.0;-0.78
SP;35;33106;Nova Guataporanga;2177.0;2156.0;-21.0;-0.96
PB;25;07408;Jericó;7538.0;7516.0;-22.0;-0.29
PI;22;04154;Francisco Macedo;2951.0;2929.0;-22.0;-0.75
RN;24;05108;Jandaíra;6585.0;6562.0;-23.0;-0.35
MG;31;25507;São Gonçalo do Rio Preto;3056.0;3032.0;-24.0;-0.79
PR;41;19707;Planaltina do Paraná;4095.0;4070.0;-25.0;-0.61
PA;15;06906;Santarém Novo;6141.0;6116.0;-25.0;-0.41
PB;25;13653;Joca Claudino;2564.0;2539.0;-25.0;-0.98
MG;31;66956;Serranópolis de Minas;4425.0;4399.0;-26.0;-0.59
MG;31;28600;Guarda-Mor;6565.0;6539.0;-26.0;-0.4
SE;28;02700;Ilha das Flores;8348.0;8321.0;-27.0;-0.32
SC;42;07858;Irati;2096.0;2069.0;-27.0;-1.29
MG;31;23858;Entre Folhas;5207.0;5179.0;-28.0;-0.54
TO;17;17008;Pindorama do Tocantins;4506.0;4478.0;-28.0;-0.62
SP;35;44400;Rubiácea;2729.0;2700.0;-29.0;-1.06
RS;43;05587;Colinas;2452.0;2423.0;-29.0;-1.18
RN;24;10801;Riacho de Santana;4156.0;4127.0;-29.0;-0.7
PR;41;01655;Arapuã;3557.0;3527.0;-30.0;-0.84
PR;41;16901;Nova Esperança;26615.0;26585.0;-30.0;-0.11
MG;31;14907;Casa Grande;2244.0;2214.0;-30.0;-1.34
PR;41;28633;Doutor Ulysses;5727.0;5697.0;-30.0;-0.52
MG;31;45406;Olaria;1976.0;1945.0;-31.0;-1.57
MG;31;71402;Vieiras;3731.0;3700.0;-31.0;-0.83
MG;31;00906;Águas Formosas;18479.0;18448.0;-31.0;-0.17
PE;26;03306;Calçado;11125.0;11093.0;-32.0;-0.29
PA;15;04406;Marapanim;26605.0;26573.0;-32.0;-0.12
MS;50;00252;Alcinópolis;4569.0;4537.0;-32.0;-0.7
BA;29;22250;Muquém do São Francisco;10475.0;10443.0;-32.0;-0.31
PB;25;12036;Poço Dantas;3863.0;3830.0;-33.0;-0.85
RS;43;12500;Mostardas;12124.0;12090.0;-34.0;-0.28
RN;24;00406;Água Nova;2980.0;2946.0;-34.0;-1.14
MG;31;27354;Glaucilândia;2962.0;2928.0;-34.0;-1.15
PR;41;09104;Guaporema;2226.0;2191.0;-35.0;-1.57
SP;35;28304;Magda;3200.0;3165.0;-35.0;-1.09
SC;42;09805;Leoberto Leal;3365.0;3330.0;-35.0;-1.04
PR;41;13429;Lidianópolis;3973.0;3938.0;-35.0;-0.88
PI;22;07850;Pavussu;3663.0;3628.0;-35.0;-0.96
BA;29;17409;Jacaraci;14473.0;14436.0;-37.0;-0.26
GO;52;06602;Cumari;2964.0;2927.0;-37.0;-1.25
PR;41;27882;Tunas do Paraná;6256.0;6219.0;-37.0;-0.59
MG;31;44359;Naque;6341.0;6303.0;-38.0;-0.6
RS;43;05157;Cerro Grande;2417.0;2379.0;-38.0;-1.57
PB;25;10501;Olivedos;3618.0;3580.0;-38.0;-1.05
SC;42;15059;Rio Rufino;2436.0;2397.0;-39.0;-1.6
RN;24;07401;Martins;8218.0;8179.0;-39.0;-0.47
RN;24;11502;Santo Antônio;22216.0;22177.0;-39.0;-0.18
PB;25;04504;Condado;6491.0;6451.0;-40.0;-0.62
RN;24;01909;Caiçara do Rio do Vento;3308.0;3268.0;-40.0;-1.21
SP;35;52601;Tabapuã;11363.0;11323.0;-40.0;-0.35
RN;24;13300;Serra de São Bento;5743.0;5703.0;-40.0;-0.7
MA;21;01350;Bacurituba;5293.0;5252.0;-41.0;-0.77
TO;17;11100;Itaporã do Tocantins;2445.0;2404.0;-41.0;-1.68
PR;41;26207;Sapopema;6736.0;6695.0;-41.0;-0.61
MA;21;04073;Feira Nova do Maranhão;8089.0;8048.0;-41.0;-0.51
PI;22;07405;Palmeira do Piauí;4993.0;4952.0;-41.0;-0.82
MA;21;08108;Paulo Ramos;20383.0;20341.0;-42.0;-0.21
RN;24;04804;Ipueira;2077.0;2035.0;-42.0;-2.02
PI;22;09906;São João da Serra;6157.0;6114.0;-43.0;-0.7
RS;43;12351;Montauri;1542.0;1499.0;-43.0;-2.79
MG;31;61304;São Francisco de Sales;5776.0;5732.0;-44.0;-0.76
PR;41;08957;Guamiranga;7900.0;7856.0;-44.0;-0.56
MS;50;02605;Camapuã;13628.0;13583.0;-45.0;-0.33
MG;31;50109;Piau;2841.0;2796.0;-45.0;-1.58
SC;42;13906;Presidente Castello Branco;1734.0;1689.0;-45.0;-2.6
CE;23;10308;Parambu;31491.0;31445.0;-46.0;-0.15
GO;52;12808;Mara Rosa;10746.0;10700.0;-46.0;-0.43
CE;23;04608;General Sampaio;6780.0;6734.0;-46.0;-0.68
RS;43;07450;Esperança do Sul;3272.0;3226.0;-46.0;-1.41
PE;26;09006;Macaparana;23925.0;23879.0;-46.0;-0.19
RS;43;14134;Paulo Bento;2191.0;2144.0;-47.0;-2.15
SP;35;04404;Avanhandava;11310.0;11263.0;-47.0;-0.42
MG;31;06606;Bertópolis;4498.0;4451.0;-47.0;-1.04
MG;31;17405;Conceição de Ipanema;4456.0;4409.0;-47.0;-1.05
SP;35;32157;Nantes;2707.0;2660.0;-47.0;-1.74
RS;43;08052;Faxinalzinho;2567.0;2520.0;-47.0;-1.83
SC;42;10050;Macieira;1826.0;1778.0;-48.0;-2.63
RS;43;17558;Santo Antônio do Palma;2139.0;2091.0;-48.0;-2.24
RS;43;00554;Alto Alegre;1848.0;1800.0;-48.0;-2.6
TO;17;09807;Ipueiras;1639.0;1590.0;-49.0;-2.99
RS;43;02584;Bozano;2200.0;2151.0;-49.0;-2.23
MG;31;14550;Carneirinho;9471.0;9422.0;-49.0;-0.52
MA;21;11748;Senador Alexandre Costa;10256.0;10207.0;-49.0;-0.48
MG;31;30804;Ingaí;2629.0;2580.0;-49.0;-1.86
PI;22;08601;Prata do Piauí;3092.0;3042.0;-50.0;-1.62
MG;31;04452;Aricanduva;4770.0;4719.0;-51.0;-1.07
PI;22;01051;Assunção do Piauí;7503.0;7452.0;-51.0;-0.68
RN;24;02105;Campo Redondo;10266.0;10215.0;-51.0;-0.5
MA;21;13009;Vitorino Freire;30897.0;30845.0;-52.0;-0.17
SP;35;27900;Lutécia;2714.0;2661.0;-53.0;-1.95
RS;43;20800;Soledade;30044.0;29991.0;-53.0;-0.18
RS;43;07054;Ernestina;3088.0;3034.0;-54.0;-1.75
SP;35;45506;Sandovalina;3699.0;3645.0;-54.0;-1.46
SC;42;10308;Major Vieira;7479.0;7425.0;-54.0;-0.72
RN;24;04101;Galinhos;2159.0;2104.0;-55.0;-2.55
SC;42;00051;Abdon Batista;2653.0;2598.0;-55.0;-2.07
PB;25;13307;Santa Helena;5920.0;5865.0;-55.0;-0.93
RS;43;11791;Maratá;2527.0;2470.0;-57.0;-2.26
BA;29;18308;Jitaúna;14413.0;14355.0;-58.0;-0.4
PI;22;08205;Pio IX;17671.0;17613.0;-58.0;-0.33
RS;43;20701;Sobradinho;14285.0;14226.0;-59.0;-0.41
TO;17;12801;Maurilândia do Tocantins;3154.0;3095.0;-59.0;-1.87
MG;31;59902;Santo Antônio do Amparo;17345.0;17285.0;-60.0;-0.35
SC;42;15752;São Bernardino;2744.0;2684.0;-60.0;-2.19
SP;35;50001;São Luiz do Paraitinga;10397.0;10337.0;-60.0;-0.58
AM;13;02207;Juruá;10802.0;10742.0;-60.0;-0.56
RS;43;18507;São José do Norte;25503.0;25443.0;-60.0;-0.24
SC;42;15901;São Bonifácio;3008.0;2946.0;-62.0;-2.06
MG;31;03207;Araçaí;2243.0;2181.0;-62.0;-2.76
PR;41;12702;Jataizinho;11875.0;11813.0;-62.0;-0.52
SP;35;32868;Nova Castilho;1125.0;1062.0;-63.0;-5.6
SC;42;05555;Frei Rogério;2474.0;2411.0;-63.0;-2.55
MG;31;67806;Soledade de Minas;5676.0;5613.0;-63.0;-1.11
MG;31;45356;Novo Oriente de Minas;10339.0;10275.0;-64.0;-0.62
MA;21;10104;Santa Quitéria do Maranhão;24021.0;23957.0;-64.0;-0.27
SP;35;05351;Barra do Chapéu;5244.0;5179.0;-65.0;-1.24
SC;42;10209;Major Gercino;3279.0;3214.0;-65.0;-1.98
MG;31;67905;Tabuleiro;4079.0;4014.0;-65.0;-1.59
PI;22;04105;Francisco Ayres;4477.0;4412.0;-65.0;-1.45
RN;24;06007;José da Penha;5868.0;5803.0;-65.0;-1.11
PR;41;12603;Jardim Olinda;1409.0;1343.0;-66.0;-4.68
RS;43;14159;Paverama;8044.0;7978.0;-66.0;-0.82
SP;35;08306;Cabrália Paulista;4365.0;4299.0;-66.0;-1.51
RS;43;17806;Santo Augusto;13968.0;13902.0;-66.0;-0.47
MS;50;05608;Miranda;25602.0;25536.0;-66.0;-0.26
PB;25;04108;Carrapateira;2378.0;2312.0;-66.0;-2.78
SP;35;34500;Oscar Bressane;2537.0;2470.0;-67.0;-2.64
RS;43;09654;Hulha Negra;6043.0;5976.0;-67.0;-1.11
RS;43;06429;Dois Irmãos das Missões;2157.0;2090.0;-67.0;-3.11
MG;31;47600;Passa Quatro;15582.0;15515.0;-67.0;-0.43
MG;31;58003;Santa Maria de Itabira;10552.0;10485.0;-67.0;-0.63
RS;43;07500;Espumoso;15240.0;15173.0;-67.0;-0.44
GO;52;20405;São Simão;17088.0;17020.0;-68.0;-0.4
PI;22;05607;Landri Sales;5281.0;5213.0;-68.0;-1.29
BA;29;02054;Araçás;11625.0;11557.0;-68.0;-0.58
PR;41;03404;Cafeara;2695.0;2627.0;-68.0;-2.52
SP;35;06201;Bento de Abreu;2674.0;2606.0;-68.0;-2.54
PI;22;06407;Monsenhor Gil;10324.0;10255.0;-69.0;-0.67
SP;35;13850;Dirce Reis;1689.0;1620.0;-69.0;-4.09
TO;17;20002;Santa Terezinha do Tocantins;2475.0;2406.0;-69.0;-2.79
PR;41;06704;Cruzeiro do Sul;4563.0;4494.0;-69.0;-1.51
MG;31;30051;Icaraí de Minas;10746.0;10677.0;-69.0;-0.64
PI;22;06654;Morro Cabeça no Tempo;4447.0;4377.0;-70.0;-1.57
RS;43;18606;São José do Ouro;6904.0;6834.0;-70.0;-1.01
RJ;33;01207;Carmo;17269.0;17198.0;-71.0;-0.41
SP;35;53906;Tarabai;6607.0;6536.0;-71.0;-1.07
RS;43;05959;Cotiporã;3917.0;3846.0;-71.0;-1.81
MG;31;71105;Veríssimo;3483.0;3411.0;-72.0;-2.07
RJ;33;04409;Rio Claro;17473.0;17401.0;-72.0;-0.41
SC;42;01802;Atalanta;3300.0;3227.0;-73.0;-2.21
RS;43;23358;Vila Lângaro;2152.0;2079.0;-73.0;-3.39
SC;42;00507;Águas de Chapecó;6110.0;6036.0;-74.0;-1.21
CE;23;00606;Altaneira;6856.0;6782.0;-74.0;-1.08
PI;22;06670;Morro do Chapéu do Piauí;6499.0;6425.0;-74.0;-1.14
SP;35;39608;Planalto;4463.0;4389.0;-74.0;-1.66
PB;25;16607;Tavares;14176.0;14101.0;-75.0;-0.53
GO;52;13400;Moiporá;1760.0;1685.0;-75.0;-4.26
MG;31;28808;Guidoval;7206.0;7131.0;-75.0;-1.04
MA;21;09056;Porto Rico do Maranhão;6030.0;5954.0;-76.0;-1.26
GO;52;13053;Mimoso de Goiás;2690.0;2614.0;-76.0;-2.83
SP;35;00303;Aguaí;32148.0;32072.0;-76.0;-0.24
GO;52;12006;Jaupaci;3000.0;2924.0;-76.0;-2.53
PI;22;08858;Riacho Frio;4241.0;4165.0;-76.0;-1.79
PI;22;05516;Juazeiro do Piauí;5290.0;5214.0;-76.0;-1.44
GO;52;15801;Palmelo;2335.0;2259.0;-76.0;-3.25
PI;22;02117;Campo Alegre do Fidalgo;4693.0;4616.0;-77.0;-1.64
CE;23;09904;Pacujá;6253.0;6175.0;-78.0;-1.25
SC;42;10704;Matos Costa;2839.0;2761.0;-78.0;-2.75
GO;52;00506;Aloândia;2051.0;1973.0;-78.0;-3.8
PR;41;01606;Arapoti;25855.0;25777.0;-78.0;-0.3
PB;25;06251;Gado Bravo;8258.0;8179.0;-79.0;-0.96
SC;42;06603;Guarujá do Sul;4908.0;4829.0;-79.0;-1.61
MS;50;03108;Corguinho;4862.0;4783.0;-79.0;-1.62
SP;35;52304;Sud Mennucci;7435.0;7355.0;-80.0;-1.08
RS;43;00661;André da Rocha;1216.0;1135.0;-81.0;-6.66
BA;29;10750;Fátima;17976.0;17895.0;-81.0;-0.45
PB;25;13000;Salgadinho;3436.0;3355.0;-81.0;-2.36
PB;25;10006;Nazarezinho;7284.0;7203.0;-81.0;-1.11
MA;21;05948;Lago dos Rodrigues;8840.0;8758.0;-82.0;-0.93
SP;35;32843;Nova Canaã Paulista;2114.0;2032.0;-82.0;-3.88
RS;43;00901;Aratiba;6565.0;6483.0;-82.0;-1.25
MG;31;54408;Ressaquinha;4630.0;4548.0;-82.0;-1.77
SP;35;11904;Clementina;7065.0;6982.0;-83.0;-1.17
PR;41;01853;Ariranha do Ivaí;2413.0;2329.0;-84.0;-3.48
MG;31;46602;Paiva;1558.0;1474.0;-84.0;-5.39
PE;26;07406;Itacuruba;4369.0;4284.0;-85.0;-1.95
SP;35;40101;Pongaí;3481.0;3395.0;-86.0;-2.47
RS;43;08433;Forquetinha;2479.0;2393.0;-86.0;-3.47
MG;31;50208;Piedade de Ponte Nova;4062.0;3976.0;-86.0;-2.12
PI;22;03453;Dom Inocêncio;9245.0;9159.0;-86.0;-0.93
MG;31;45802;Onça de Pitangui;3055.0;2969.0;-86.0;-2.82
MT;51;01209;Araguainha;1096.0;1010.0;-86.0;-7.85
PR;41;10904;Itaguajé;4568.0;4481.0;-87.0;-1.9
SP;35;15194;Espírito Santo do Turvo;4244.0;4157.0;-87.0;-2.05
PB;25;06202;Frei Martinho;2933.0;2846.0;-87.0;-2.97
PR;41;21109;Quinta do Sol;5088.0;5001.0;-87.0;-1.71
MG;31;62658;São João do Pacuí;4060.0;3972.0;-88.0;-2.17
MA;21;03109;Cedral;10297.0;10208.0;-89.0;-0.86
RJ;33;04607;Santa Maria Madalena;10321.0;10232.0;-89.0;-0.86
PI;22;02091;Caldeirão Grande do Piauí;5592.0;5503.0;-89.0;-1.59
PR;41;15903;Mirador;2327.0;2238.0;-89.0;-3.82
MA;21;12274;Tufilândia;5596.0;5507.0;-89.0;-1.59
TO;17;03602;Brasilândia do Tocantins;2064.0;1974.0;-90.0;-4.36
MG;31;44706;Nova Era;17528.0;17438.0;-90.0;-0.51
PA;15;03200;Igarapé-Açu;35887.0;35797.0;-90.0;-0.25
SC;42;11850;Ouro Verde;2271.0;2181.0;-90.0;-3.96
PR;41;22172;Rio Branco do Ivaí;3898.0;3808.0;-90.0;-2.31
MA;21;04305;Godofredo Viana;10276.0;10186.0;-90.0;-0.88
PR;41;10052;Iguatu;2234.0;2144.0;-90.0;-4.03
MG;31;53806;Queluzito;1861.0;1770.0;-91.0;-4.89
PI;22;05573;Lagoa de São Francisco;6422.0;6331.0;-91.0;-1.42
RN;24;05009;Jaçanã;7925.0;7834.0;-91.0;-1.15
PR;41;26900;Tapira;5836.0;5745.0;-91.0;-1.56
PR;41;14708;Maria Helena;5956.0;5865.0;-91.0;-1.53
PR;41;03222;Bom Sucesso do Sul;3293.0;3202.0;-91.0;-2.76
PI;22;05532;Jurema;4517.0;4425.0;-92.0;-2.04
MG;31;08404;Botelhos;14920.0;14828.0;-92.0;-0.62
RS;43;12625;Muliterno;1813.0;1721.0;-92.0;-5.07
MG;31;08008;Bom Sucesso;17243.0;17151.0;-92.0;-0.53
SC;42;15075;Riqueza;4860.0;4768.0;-92.0;-1.89
SC;42;13351;Ponte Alta do Norte;3303.0;3210.0;-93.0;-2.82
SC;42;09854;Lindóia do Sul;4642.0;4549.0;-93.0;-2.0
MG;31;12901;Caputira;9030.0;8936.0;-94.0;-1.04
TO;17;06258;Crixás do Tocantins;1564.0;1470.0;-94.0;-6.01
BA;29;26707;Rio de Contas;13278.0;13184.0;-94.0;-0.71
PR;41;03040;Boa Ventura de São Roque;6472.0;6378.0;-94.0;-1.45
PR;41;23600;Santa Inês;1842.0;1748.0;-94.0;-5.1
RJ;33;01405;Conceição de Macabu;21200.0;21104.0;-96.0;-0.45
PB;25;12309;Princesa Isabel;21210.0;21114.0;-96.0;-0.45
GO;52;01207;Anhanguera;1020.0;924.0;-96.0;-9.41
MG;31;45703;Oliveira Fortes;2123.0;2027.0;-96.0;-4.52
SP;35;40408;Populina;4223.0;4127.0;-96.0;-2.27
GO;52;21700;Uruana;13826.0;13729.0;-97.0;-0.7
MG;31;58706;Santana do Garambéu;2234.0;2137.0;-97.0;-4.34
RS;43;08458;Fortaleza dos Valos;4575.0;4477.0;-98.0;-2.14
MG;31;12703;Capitão Enéas;14206.0;14108.0;-98.0;-0.69
RS;43;00471;Almirante Tamandaré do Sul;2067.0;1969.0;-98.0;-4.74
MG;31;41900;Minduri;3840.0;3741.0;-99.0;-2.58
MG;31;11309;Campo do Meio;11476.0;11377.0;-99.0;-0.86
RS;43;12054;Marques de Souza;4068.0;3969.0;-99.0;-2.43
MT;51;07578;Rondolândia;3604.0;3505.0;-99.0;-2.75
SP;35;14957;Embaúba;2423.0;2323.0;-100.0;-4.13
MG;31;70651;Vargem Grande do Rio Pardo;4733.0;4633.0;-100.0;-2.11
MG;31;28105;Guapé;13872.0;13772.0;-100.0;-0.72
PR;41;12900;Jundiaí do Sul;3433.0;3333.0;-100.0;-2.91
RN;24;06403;Lagoa de Velhos;2668.0;2567.0;-101.0;-3.79
ES;32;05176;Vila Valério;13830.0;13728.0;-102.0;-0.74
GO;52;19506;Santa Rosa de Goiás;2922.0;2820.0;-102.0;-3.49
RS;43;22525;Vale Verde;3253.0;3150.0;-103.0;-3.17
RS;43;22327;Turuçu;3522.0;3419.0;-103.0;-2.92
PI;22;10383;São Miguel da Baixa Grande;2373.0;2269.0;-104.0;-4.38
TO;17;02703;Aurora do Tocantins;3446.0;3342.0;-104.0;-3.02
PR;41;07405;Enéas Marques;6103.0;5999.0;-104.0;-1.7
RS;43;19737;São Valério do Sul;2647.0;2543.0;-104.0;-3.93
SC;42;06801;Ibicaré;3373.0;3269.0;-104.0;-3.08
PI;22;05151;Jacobina do Piauí;5717.0;5613.0;-104.0;-1.82
SC;42;04905;Descanso;8634.0;8530.0;-104.0;-1.2
PE;26;04700;Correntes;17235.0;17131.0;-104.0;-0.6
MG;31;03702;Araponga;8152.0;8048.0;-104.0;-1.28
SP;35;44608;Sabino;5217.0;5112.0;-105.0;-2.01
SE;28;00100;Amparo do São Francisco;2275.0;2170.0;-105.0;-4.62
MG;31;50307;Piedade do Rio Grande;4709.0;4604.0;-105.0;-2.23
TO;17;20978;Talismã;2562.0;2456.0;-106.0;-4.14
PB;25;06400;Gurinhém;13872.0;13766.0;-106.0;-0.76
CE;23;01851;Banabuiú;17302.0;17195.0;-107.0;-0.62
SP;35;53658;Taquaral;2726.0;2619.0;-107.0;-3.93
PI;22;10300;São Julião;6132.0;6025.0;-107.0;-1.74
AL;27;00805;Belém;4829.0;4722.0;-107.0;-2.22
SC;42;11652;Novo Horizonte;2750.0;2643.0;-107.0;-3.89
RS;43;13086;Nova Pádua;2450.0;2343.0;-107.0;-4.37
PR;41;16505;Nova Aliança do Ivaí;1431.0;1323.0;-108.0;-7.55
MG;31;36553;José Raydan;4376.0;4268.0;-108.0;-2.47
RS;43;00703;Anta Gorda;6066.0;5957.0;-109.0;-1.8
RS;43;12617;Muitos Capões;2988.0;2879.0;-109.0;-3.65
PR;41;28500;Wenceslau Braz;19298.0;19188.0;-110.0;-0.57
RN;24;04002;Frutuoso Gomes;4233.0;4122.0;-111.0;-2.62
RS;43;13466;Novo Xingu;1757.0;1646.0;-111.0;-6.32
RS;43;12385;Monte Belo do Sul;2668.0;2557.0;-111.0;-4.16
RS;43;12443;Morrinhos do Sul;3182.0;3071.0;-111.0;-3.49
PI;22;07959;Nova Santa Rita;4187.0;4076.0;-111.0;-2.65
SP;35;55208;Turiúba;1930.0;1818.0;-112.0;-5.8
PI;22;07553;Paquetá;3925.0;3813.0;-112.0;-2.85
RS;43;17954;Santo Expedito do Sul;2461.0;2349.0;-112.0;-4.55
MG;31;58607;Santana do Deserto;3860.0;3747.0;-113.0;-2.93
SP;35;14700;Echaporã;6318.0;6205.0;-113.0;-1.79
RN;24;11700;São Bento do Trairí;3905.0;3792.0;-113.0;-2.89
PB;25;00106;Água Branca;9449.0;9335.0;-114.0;-1.21
PB;25;02201;Bom Jesus;2400.0;2286.0;-114.0;-4.75
PB;25;10303;Nova Palmeira;4373.0;4259.0;-114.0;-2.61
TO;17;03883;Carmolândia;2316.0;2201.0;-115.0;-4.97
SP;35;01509;Alvinlândia;3000.0;2885.0;-115.0;-3.83
GO;52;07501;Estrela do Norte;3320.0;3205.0;-115.0;-3.46
MG;31;18106;Congonhas do Norte;4946.0;4831.0;-115.0;-2.33
RS;43;16428;Sagrada Família;2595.0;2480.0;-115.0;-4.43
AL;27;02009;Coité do Nóia;10926.0;10810.0;-116.0;-1.06
MG;31;57658;Santa Helena de Minas;6055.0;5938.0;-117.0;-1.93
MA;21;04701;Graça Aranha;6140.0;6023.0;-117.0;-1.91
MG;31;22470;Dom Bosco;3814.0;3697.0;-117.0;-3.07
PR;41;26108;São Tomé;5349.0;5232.0;-117.0;-2.19
SC;42;18855;União do Oeste;2892.0;2774.0;-118.0;-4.08
RS;43;14704;Planalto;10524.0;10406.0;-118.0;-1.12
BA;29;10305;Elísio Medrado;7926.0;7808.0;-118.0;-1.49
RS;43;05934;Coronel Pilar;1725.0;1607.0;-118.0;-6.84
SP;35;03505;Areias;3696.0;3577.0;-119.0;-3.22
ES;32;00300;Alfredo Chaves;13955.0;13836.0;-119.0;-0.85
RN;24;01651;Bodó;2425.0;2306.0;-119.0;-4.91
PR;41;00202;Adrianópolis;6376.0;6256.0;-120.0;-1.88
PR;41;07520;Esperança Nova;1970.0;1849.0;-121.0;-6.14
SC;42;19200;Vidal Ramos;6310.0;6189.0;-121.0;-1.92
PB;25;10659;Parari;1842.0;1720.0;-122.0;-6.62
MT;51;07941;Tabaporã;9942.0;9818.0;-124.0;-1.25
MG;31;35803;Jequitinhonha;24131.0;24007.0;-124.0;-0.51
SP;35;11201;Catiguá;7127.0;7003.0;-124.0;-1.74
MG;31;53707;Quartel Geral;3303.0;3179.0;-124.0;-3.75
MG;31;69059;Tocos do Moji;3950.0;3826.0;-124.0;-3.14
PI;22;04550;Guaribas;4401.0;4276.0;-125.0;-2.84
RS;43;12252;Minas do Leão;7631.0;7505.0;-126.0;-1.65
MA;21;06003;Lima Campos;11423.0;11297.0;-126.0;-1.1
AP;16;00105;Amapá;8069.0;7943.0;-126.0;-1.56
PI;22;01988;Brejo do Piauí;4030.0;3904.0;-126.0;-3.13
MG;31;44904;Nova Módica;3790.0;3663.0;-127.0;-3.35
MG;31;50570;Pintópolis;7211.0;7084.0;-127.0;-1.76
SC;42;03253;Capão Alto;2753.0;2625.0;-128.0;-4.65
SC;42;17154;São Miguel da Boa Vista;1909.0;1781.0;-128.0;-6.71
RN;24;10603;Rafael Godeiro;3063.0;2934.0;-129.0;-4.21
MG;31;15607;Cedro do Abaeté;1210.0;1081.0;-129.0;-10.66
RS;43;19364;São Pedro das Missões;1886.0;1757.0;-129.0;-6.84
TO;17;07652;Figueirópolis;5340.0;5211.0;-129.0;-2.42
PI;22;05250;Jardim do Mulato;4309.0;4180.0;-129.0;-2.99
PI;22;09609;São Félix do Piauí;2972.0;2842.0;-130.0;-4.37
MA;21;08702;Pio XII;22016.0;21886.0;-130.0;-0.59
RS;43;05405;Chiapetta;4044.0;3913.0;-131.0;-3.24
GO;52;00175;Água Fria de Goiás;5085.0;4954.0;-131.0;-2.58
RS;43;01073;Arroio do Padre;2730.0;2599.0;-131.0;-4.8
SP;35;40309;Pontes Gestal;2518.0;2387.0;-131.0;-5.2
RS;43;13441;Novo Tiradentes;2277.0;2146.0;-131.0;-5.75
SC;42;02131;Bela Vista do Toldo;6004.0;5872.0;-132.0;-2.2
TO;17;16653;Pequizeiro;5054.0;4921.0;-133.0;-2.63
MG;31;03108;Antônio Prado de Minas;1671.0;1538.0;-133.0;-7.96
MG;31;58409;Santana de Cataguases;3622.0;3489.0;-133.0;-3.67
PB;25;14107;São João do Tigre;4396.0;4263.0;-133.0;-3.03
RS;43;17400;Santiago;49071.0;48938.0;-133.0;-0.27
RS;43;06072;Cristal do Sul;2826.0;2692.0;-134.0;-4.74
MG;31;14808;Carvalhos;4556.0;4422.0;-134.0;-2.94
BA;29;13101;Ibititá;17103.0;16969.0;-134.0;-0.78
RS;43;06759;Doutor Ricardo;2022.0;1888.0;-134.0;-6.63
PB;25;15609;Serra da Raiz;3228.0;3094.0;-134.0;-4.15
SP;35;23701;Itirapuã;5914.0;5779.0;-135.0;-2.28
AL;27;07008;Pindoba;2866.0;2731.0;-135.0;-4.71
MG;31;48806;Pedra do Anta;3446.0;3311.0;-135.0;-3.92
RS;43;15131;Pouso Novo;1875.0;1739.0;-136.0;-7.25
SP;35;37156;Pedrinhas Paulista;2940.0;2804.0;-136.0;-4.63
PI;22;00277;Alegrete do Piauí;4771.0;4634.0;-137.0;-2.87
PR;41;22107;Rio Bom;3334.0;3197.0;-137.0;-4.11
GO;52;19209;Santa Cruz de Goiás;3140.0;3002.0;-138.0;-4.39
BA;29;05107;Caém;10522.0;10384.0;-138.0;-1.31
GO;52;09457;Guarinos;2299.0;2161.0;-138.0;-6.0
GO;52;21577;Uirapuru;2936.0;2798.0;-138.0;-4.7
SC;42;11892;Painel;2353.0;2215.0;-138.0;-5.86
RS;43;21352;Tavares;5351.0;5212.0;-139.0;-2.6
SC;42;11009;Mondaí;10205.0;10066.0;-139.0;-1.36
PI;22;06209;Miguel Alves;32289.0;32150.0;-139.0;-0.43
RS;43;13003;Nova Bréscia;3184.0;3044.0;-140.0;-4.4
SE;28;06008;Ribeirópolis;17173.0;17033.0;-140.0;-0.82
PR;41;03958;Campina do Simão;4076.0;3936.0;-140.0;-3.43
PI;22;11605;Vila Nova do Piauí;3076.0;2935.0;-141.0;-4.58
RS;43;20321;Senador Salgado Filho;2814.0;2673.0;-141.0;-5.01
MG;31;32800;Itambé do Mato Dentro;2283.0;2142.0;-141.0;-6.18
AL;27;05804;Olho d'Água do Casado;8491.0;8349.0;-142.0;-1.67
PE;26;09303;Mirandiba;14308.0;14166.0;-142.0;-0.99
PB;25;14503;São José de Piranhas;19209.0;19067.0;-142.0;-0.74
PR;41;03305;Borrazópolis;7878.0;7735.0;-143.0;-1.82
RN;24;06908;Lucrécia;3633.0;3490.0;-143.0;-3.94
MG;31;25705;Felixlândia;14121.0;13978.0;-143.0;-1.01
PR;41;17107;Nova Londrina;13067.0;12923.0;-144.0;-1.1
MG;31;03801;Arapuá;2775.0;2631.0;-144.0;-5.19
RS;43;07831;Eugênio de Castro;2778.0;2633.0;-145.0;-5.22
PR;41;06571;Cruzeiro do Iguaçu;4278.0;4133.0;-145.0;-3.39
RN;24;13508;Serrinha;6581.0;6436.0;-145.0;-2.2
AL;27;03908;Jundiá;4237.0;4092.0;-145.0;-3.42
MG;31;15003;Cascalho Rico;2857.0;2712.0;-145.0;-5.08
BA;29;32408;Uibaí;13578.0;13432.0;-146.0;-1.08
MG;31;49200;Pedrinópolis;3490.0;3344.0;-146.0;-4.18
MA;21;00808;Anapurus;13939.0;13793.0;-146.0;-1.05
RS;43;05702;Condor;6552.0;6406.0;-146.0;-2.23
PI;22;10391;São Miguel do Fidalgo;2976.0;2829.0;-147.0;-4.94
GO;52;19357;Santa Isabel;3686.0;3538.0;-148.0;-4.02
PE;26;09501;Nazaré da Mata;30796.0;30648.0;-148.0;-0.48
PI;22;03859;Floresta do Piauí;2482.0;2333.0;-149.0;-6.0
SC;42;00754;Alto Bela Vista;2005.0;1856.0;-149.0;-7.43
RN;24;09605;Pedra Preta;2590.0;2441.0;-149.0;-5.75
RJ;33;04102;Porciúncula;17437.0;17288.0;-149.0;-0.85
SC;42;07908;Irineópolis;10434.0;10285.0;-149.0;-1.43
PR;41;28625;Alto Paraíso;3206.0;3055.0;-151.0;-4.71
MG;31;55900;Rio Preto;5292.0;5141.0;-151.0;-2.85
RS;43;14175;Pedras Altas;2212.0;2061.0;-151.0;-6.83
RJ;33;02304;Laje do Muriaé;7487.0;7336.0;-151.0;-2.02
CE;23;11231;Potiretama;6126.0;5974.0;-152.0;-2.48
PB;25;04405;Conceição;18412.0;18260.0;-152.0;-0.83
RS;43;04614;Canudos do Vale;1809.0;1656.0;-153.0;-8.46
PR;41;22651;Rosário do Ivaí;5588.0;5435.0;-153.0;-2.74
CE;23;03907;Chaval;12615.0;12462.0;-153.0;-1.21
RS;43;02238;Boa Vista do Incra;2425.0;2271.0;-154.0;-6.35
GO;52;06909;Davinópolis;2056.0;1902.0;-154.0;-7.49
RS;43;21832;Três Forquilhas;2914.0;2760.0;-154.0;-5.28
GO;52;12055;Jesúpolis;2278.0;2123.0;-155.0;-6.8
GO;52;00209;Água Limpa;2013.0;1858.0;-155.0;-7.7
MG;31;63904;São Pedro da União;5040.0;4885.0;-155.0;-3.08
BA;29;07707;Chorrochó;10734.0;10579.0;-155.0;-1.44
MA;21;11508;São Mateus do Maranhão;38985.0;38829.0;-156.0;-0.4
GO;52;19712;Santo Antônio da Barra;4423.0;4267.0;-156.0;-3.53
TO;17;15705;Palmeirante;4954.0;4798.0;-156.0;-3.15
RS;43;22855;Vespasiano Corrêa;1974.0;1818.0;-156.0;-7.9
MG;31;33907;Itaverava;5799.0;5642.0;-157.0;-2.71
SC;42;07601;Ipira;4735.0;4578.0;-157.0;-3.32
CE;23;07007;Jaguaruana;31859.0;31701.0;-158.0;-0.5
PI;22;00103;Agricolândia;5098.0;4940.0;-158.0;-3.1
RO;11;01468;Pimenteiras do Oeste;2315.0;2156.0;-159.0;-6.87
PB;25;09370;Mato Grosso;2702.0;2543.0;-159.0;-5.88
MG;31;06101;Belmiro Braga;3403.0;3244.0;-159.0;-4.67
AM;13;01654;Guajará;13974.0;13815.0;-159.0;-1.14
RS;43;05975;Coxilha;2826.0;2667.0;-159.0;-5.63
TO;17;05102;Chapada da Natividade;3277.0;3117.0;-160.0;-4.88
SC;42;12007;Palma Sola;7765.0;7605.0;-160.0;-2.06
PR;41;13452;Lindoeste;5335.0;5175.0;-160.0;-3.0
SP;35;33809;Óleo;2673.0;2512.0;-161.0;-6.02
MG;31;12109;Caparaó;5209.0;5048.0;-161.0;-3.09
PI;22;05276;Jatobá do Piauí;4656.0;4494.0;-162.0;-3.48
SP;35;43238;Ribeirão dos Índios;2187.0;2025.0;-162.0;-7.41
RS;43;21626;Travesseiro;2314.0;2152.0;-162.0;-7.0
BA;29;21450;Mirante;10349.0;10187.0;-162.0;-1.57
SP;35;03158;Arapeí;2493.0;2330.0;-163.0;-6.54
AL;27;08204;São Brás;6718.0;6555.0;-163.0;-2.43
GO;52;00829;Amaralina;3432.0;3268.0;-164.0;-4.78
BA;29;04753;Buritirama;19753.0;19589.0;-164.0;-0.83
MT;51;08352;Vale de São Domingos;3068.0;2904.0;-164.0;-5.35
SE;28;01108;Canhoba;3956.0;3791.0;-165.0;-4.17
CE;23;04269;Deputado Irapuan Pinheiro;9097.0;8932.0;-165.0;-1.81
TO;17;20853;Sucupira;1742.0;1577.0;-165.0;-9.47
PB;25;05204;Cuitegi;6895.0;6730.0;-165.0;-2.39
PA;15;07409;São Francisco do Pará;15060.0;14894.0;-166.0;-1.1
MG;31;47501;Passabém;1766.0;1600.0;-166.0;-9.4
SP;35;13306;Cruzália;2274.0;2108.0;-166.0;-7.3
SP;35;39707;Platina;3192.0;3025.0;-167.0;-5.23
PE;26;15003;Taquaritinga do Norte;24903.0;24736.0;-167.0;-0.67
PI;22;00301;Alto Longá;13646.0;13479.0;-167.0;-1.22
PB;25;08505;Livramento;7044.0;6877.0;-167.0;-2.37
MG;31;30002;Ibituruna;2866.0;2698.0;-168.0;-5.86
PI;22;01002;Arraial;4688.0;4520.0;-168.0;-3.58
MA;21;09304;Presidente Vargas;10717.0;10549.0;-168.0;-1.57
PR;41;28658;Virmond;3979.0;3811.0;-168.0;-4.22
MG;31;06655;Berizal;4370.0;4201.0;-169.0;-3.87
PI;22;09872;São João da Fronteira;5691.0;5522.0;-169.0;-2.97
SP;35;47007;Santa Maria da Serra;5413.0;5243.0;-170.0;-3.14
PB;25;09602;Monte Horebe;4508.0;4338.0;-170.0;-3.77
SE;28;07204;Siriri;8004.0;7834.0;-170.0;-2.12
SC;42;16107;São Domingos;9396.0;9226.0;-170.0;-1.81
RN;24;05504;Jardim de Angicos;2607.0;2437.0;-170.0;-6.52
RS;43;18051;São Domingos do Sul;2926.0;2754.0;-172.0;-5.88
RS;43;23507;Vista Alegre;2832.0;2660.0;-172.0;-6.07
PI;22;07603;Parnaguá;10276.0;10103.0;-173.0;-1.68
TO;17;11506;Jaú do Tocantins;3507.0;3334.0;-173.0;-4.93
PB;25;04157;Casserengue;7062.0;6889.0;-173.0;-2.45
RN;24;13409;Serra Negra do Norte;7770.0;7597.0;-173.0;-2.23
GO;52;09408;Guarani de Goiás;4258.0;4085.0;-173.0;-4.06
RN;24;03905;Francisco Dantas;2874.0;2700.0;-174.0;-6.05
GO;52;03962;Buritinópolis;3319.0;3145.0;-174.0;-5.24
PR;41;06100;Conselheiro Mairinck;3636.0;3461.0;-175.0;-4.81
MG;31;42205;Miraí;13808.0;13633.0;-175.0;-1.27
MG;31;18502;Consolação;1738.0;1563.0;-175.0;-10.07
RS;43;14787;Ponte Preta;1750.0;1575.0;-175.0;-10.0
SP;35;37008;Pedregulho;15700.0;15525.0;-175.0;-1.11
SP;35;25805;Júlio Mesquita;4430.0;4254.0;-176.0;-3.97
PB;25;09008;Manaíra;10610.0;10434.0;-176.0;-1.66
TO;17;18451;Pugmil;2369.0;2193.0;-176.0;-7.43
RN;24;11007;Rodolfo Fernandes;4418.0;4242.0;-176.0;-3.98
PI;22;09302;Santa Luz;5513.0;5336.0;-177.0;-3.21
SP;35;27256;Lourdes;2128.0;1950.0;-178.0;-8.36
GO;52;05703;Córrego do Ouro;2632.0;2454.0;-178.0;-6.76
BA;29;01353;Andorinha;15190.0;15012.0;-178.0;-1.17
PB;25;01153;Areia de Baraúnas;2183.0;2005.0;-178.0;-8.15
PB;25;13802;Santa Teresinha;4581.0;4402.0;-179.0;-3.91
PB;25;11608;Pilões;6995.0;6815.0;-180.0;-2.57
SP;35;33254;Novais;4592.0;4412.0;-180.0;-3.92
GO;52;00159;Adelândia;2477.0;2297.0;-180.0;-7.27
RS;43;06452;Dois Lajeados;3278.0;3097.0;-181.0;-5.52
RS;43;02154;Boa Vista das Missões;2114.0;1933.0;-181.0;-8.56
RS;43;09258;Guabiju;1598.0;1417.0;-181.0;-11.33
PI;22;09401;Santo Antônio de Lisboa;6020.0;5839.0;-181.0;-3.01
PB;25;17209;Vieirópolis;5045.0;4864.0;-181.0;-3.59
RS;43;12450;Morro Redondo;6227.0;6046.0;-181.0;-2.91
RS;43;03608;Cambará do Sul;6542.0;6361.0;-181.0;-2.77
SP;35;28106;Macaubal;7663.0;7481.0;-182.0;-2.38
SP;35;54607;Timburi;2646.0;2464.0;-182.0;-6.88
AL;27;07800;Roteiro;6656.0;6474.0;-182.0;-2.73
MG;31;61056;São Félix de Minas;3382.0;3200.0;-182.0;-5.38
TO;17;20309;São Sebastião do Tocantins;4283.0;4100.0;-183.0;-4.27
SP;35;42701;Restinga;6587.0;6404.0;-183.0;-2.78
MG;31;68200;Tapiraí;1873.0;1690.0;-183.0;-9.77
RS;43;09803;Ibiaçá;4710.0;4527.0;-183.0;-3.89
PI;22;07355;Pajeú do Piauí;3183.0;3000.0;-183.0;-5.75
GO;52;09291;Guaraíta;2372.0;2188.0;-184.0;-7.76
RN;24;00604;Almino Afonso;4871.0;4687.0;-184.0;-3.78
CE;23;04806;Granjeiro;5025.0;4841.0;-184.0;-3.66
PE;26;11533;Quixaba;6739.0;6554.0;-185.0;-2.75
MA;21;09205;Presidente Juscelino;11541.0;11356.0;-185.0;-1.6
RN;24;07500;Maxaranguape;10441.0;10255.0;-186.0;-1.78
PR;41;14906;Marilândia do Sul;8863.0;8677.0;-186.0;-2.1
TO;17;03826;Cachoeirinha;2148.0;1961.0;-187.0;-8.71
MG;31;61700;São Gonçalo do Abaeté;7562.0;7375.0;-187.0;-2.47
MG;31;38658;Lontra;8977.0;8790.0;-187.0;-2.08
MG;31;01904;Alpinópolis;18488.0;18300.0;-188.0;-1.02
BA;29;18100;Jeremoabo;37814.0;37626.0;-188.0;-0.5
MG;31;25309;Faria Lemos;3376.0;3188.0;-188.0;-5.57
SE;28;05505;Poço Verde;21983.0;21794.0;-189.0;-0.86
PI;22;10656;Sigefredo Pacheco;9649.0;9460.0;-189.0;-1.96
PE;26;07703;Itapetim;13980.0;13791.0;-189.0;-1.35
MG;31;52204;Porteirinha;37627.0;37438.0;-189.0;-0.5
PI;22;03420;Domingos Mourão;4264.0;4075.0;-189.0;-4.43
ES;32;03601;Mucurici;5655.0;5466.0;-189.0;-3.34
RS;43;12609;Muçum;4791.0;4601.0;-190.0;-3.97
MG;31;38682;Luislândia;6400.0;6210.0;-190.0;-2.97
MG;31;09808;Cachoeira Dourada;2505.0;2315.0;-190.0;-7.58
SP;35;49003;São Francisco;2793.0;2602.0;-191.0;-6.84
MG;31;42502;Monjolos;2360.0;2169.0;-191.0;-8.09
RS;43;10405;Independência;6618.0;6427.0;-191.0;-2.89
PE;26;03702;Canhotinho;24521.0;24329.0;-192.0;-0.78
PR;41;17404;Ourizona;3380.0;3187.0;-193.0;-5.71
RO;11;00320;São Miguel do Guaporé;21828.0;21635.0;-193.0;-0.88
MG;31;23106;Dores de Guanhães;5223.0;5029.0;-194.0;-3.71
MG;31;55405;Rio Novo;8712.0;8518.0;-194.0;-2.23
RS;43;22301;Tuparendi;8557.0;8363.0;-194.0;-2.27
PI;22;08551;Porto Alegre do Piauí;2559.0;2364.0;-195.0;-7.62
BA;29;12400;Ibipeba;16798.0;16603.0;-195.0;-1.16
SP;35;31001;Monções;2132.0;1937.0;-195.0;-9.15
SE;28;05000;Pedra Mole;2974.0;2778.0;-196.0;-6.59
PI;22;09104;Santa Cruz do Piauí;6027.0;5831.0;-196.0;-3.25
ES;32;02603;Iconha;12523.0;12326.0;-197.0;-1.57
RS;43;08706;Gaurama;5862.0;5665.0;-197.0;-3.36
MG;31;72202;Wenceslau Braz;2553.0;2356.0;-197.0;-7.72
PR;41;16604;Nova América da Colina;3478.0;3280.0;-198.0;-5.69
PE;26;08008;Jataúba;16042.0;15843.0;-199.0;-1.24
GO;52;11305;Itarumã;6300.0;6101.0;-199.0;-3.16
GO;52;14861;Nova Glória;8509.0;8310.0;-199.0;-2.34
MG;31;16902;Comendador Gomes;2972.0;2773.0;-199.0;-6.7
RS;43;22186;Tupanci do Sul;1573.0;1374.0;-199.0;-12.65
PB;25;05709;Dona Inês;10579.0;10380.0;-199.0;-1.88
PE;26;08602;Lagoa do Ouro;12132.0;11933.0;-199.0;-1.64
MG;31;66006;Senhora de Oliveira;5683.0;5483.0;-200.0;-3.52
PE;26;12471;Santa Cruz da Baixa Verde;11768.0;11567.0;-201.0;-1.71
PR;41;26405;Sertaneja;5817.0;5616.0;-201.0;-3.46
BA;29;00603;Aiquara;4648.0;4447.0;-201.0;-4.32
MG;31;02308;Alvinópolis;15261.0;15059.0;-202.0;-1.32
PI;22;09856;São João da Canabrava;4445.0;4242.0;-203.0;-4.57
RS;43;15321;Quevedos;2710.0;2507.0;-203.0;-7.49
MG;31;65305;São Vicente de Minas;7008.0;6804.0;-204.0;-2.91
MG;31;45604;Oliveira;39466.0;39262.0;-204.0;-0.52
GO;52;03575;Bonópolis;3503.0;3299.0;-204.0;-5.82
RN;24;09100;Passa e Fica;11100.0;10896.0;-204.0;-1.84
MA;21;11904;Sucupira do Norte;10444.0;10238.0;-206.0;-1.97
PB;25;03407;Cacimba de Areia;3498.0;3291.0;-207.0;-5.92
SP;35;54656;Torre de Pedra;2254.0;2046.0;-208.0;-9.23
PI;22;08874;Ribeira do Piauí;4263.0;4055.0;-208.0;-4.88
TO;17;16703;Colméia;9150.0;8941.0;-209.0;-2.28
MG;31;56403;Romaria;3596.0;3386.0;-210.0;-5.84
SC;42;15505;Santa Cecília;15757.0;15546.0;-211.0;-1.34
BA;29;21302;Milagres;11283.0;11071.0;-212.0;-1.88
RJ;33;00605;Bom Jesus do Itabapoana;35385.0;35173.0;-212.0;-0.6
BA;29;16500;Itapicuru;31891.0;31679.0;-212.0;-0.66
RS;43;02220;Boa Vista do Cadeado;2441.0;2229.0;-212.0;-8.68
BA;29;22508;Nazaré;27273.0;27060.0;-213.0;-0.78
PB;25;05303;Curral Velho;2505.0;2292.0;-213.0;-8.5
BA;29;15205;Itagibá;15523.0;15310.0;-213.0;-1.37
MG;31;04403;Argirita;2901.0;2688.0;-213.0;-7.34
TO;17;18881;Santa Maria do Tocantins;2894.0;2680.0;-214.0;-7.39
PR;41;28807;Xambrê;6012.0;5798.0;-214.0;-3.56
MG;31;50802;Piranga;17232.0;17018.0;-214.0;-1.24
SP;35;00402;Águas da Prata;7584.0;7369.0;-215.0;-2.83
PR;41;23956;Santa Mônica;3571.0;3356.0;-215.0;-6.02
SC;42;19150;Vargem;2843.0;2627.0;-216.0;-7.6
MT;51;03957;Glória D'Oeste;3121.0;2905.0;-216.0;-6.92
SP;35;42206;Rancharia;28804.0;28588.0;-216.0;-0.75
GO;52;09606;Heitoraí;3571.0;3354.0;-217.0;-6.08
SP;35;53104;Taiaçu;5894.0;5677.0;-217.0;-3.68
GO;52;16403;Paraúna;10876.0;10659.0;-217.0;-2.0
SC;42;19176;Vargem Bonita;4793.0;4576.0;-217.0;-4.53
AL;27;06000;Olivença;11029.0;10812.0;-217.0;-1.97
TO;17;08304;Goianorte;4956.0;4738.0;-218.0;-4.4
MG;31;52131;Ponto Chique;3966.0;3747.0;-219.0;-5.52
MS;50;06259;Novo Horizonte do Sul;4940.0;4721.0;-219.0;-4.43
PB;25;01575;Barra de Santana;8278.0;8059.0;-219.0;-2.65
MG;31;60207;Santo Antônio do Itambé;4135.0;3915.0;-220.0;-5.32
SC;42;11058;Monte Carlo;9337.0;9117.0;-220.0;-2.36
CE;23;01505;Arneiroz;7650.0;7429.0;-221.0;-2.89
MG;31;12059;Cantagalo;4195.0;3974.0;-221.0;-5.27
SC;42;02099;Barra Bonita;1889.0;1668.0;-221.0;-11.7
MG;31;19609;Coronel Pacheco;2983.0;2762.0;-221.0;-7.41
PI;22;11704;Wall Ferraz;4280.0;4059.0;-221.0;-5.16
BA;29;18753;Lagoa Real;14326.0;14105.0;-221.0;-1.54
RS;43;03806;Campinas do Sul;5506.0;5284.0;-222.0;-4.03
MG;31;27370;Goiabeira;3053.0;2830.0;-223.0;-7.3
TO;17;21307;Tupiratins;2097.0;1874.0;-223.0;-10.63
GO;52;08103;Formoso;4883.0;4660.0;-223.0;-4.57
RS;43;00034;Aceguá;4394.0;4170.0;-224.0;-5.1
SP;35;49607;São José do Barreiro;4077.0;3853.0;-224.0;-5.49
SP;35;10807;Casa Branca;28307.0;28083.0;-224.0;-0.79
AL;27;08808;São Sebastião;32010.0;31786.0;-224.0;-0.7
BA;29;12608;Ibiquera;3949.0;3725.0;-224.0;-5.67
RS;43;10462;Ipiranga do Sul;1944.0;1720.0;-224.0;-11.52
PE;26;15102;Terezinha;6737.0;6513.0;-224.0;-3.32
RS;43;11130;Jari;3573.0;3349.0;-224.0;-6.27
PB;25;07903;Juripiranga;10237.0;10012.0;-225.0;-2.2
PB;25;13968;São Domingos;2820.0;2595.0;-225.0;-7.98
PA;15;07102;São Caetano de Odivelas;16891.0;16666.0;-225.0;-1.33
PB;25;11905;Pitimbu;16976.0;16751.0;-225.0;-1.33
RS;43;23754;Vitória das Missões;3485.0;3260.0;-225.0;-6.46
RS;43;02055;Benjamin Constant do Sul;2307.0;2082.0;-225.0;-9.75
BA;29;14653;Itabela;28391.0;28165.0;-226.0;-0.8
SC;42;03402;Campo Belo do Sul;7483.0;7257.0;-226.0;-3.02
GO;52;16007;Panamá;2681.0;2455.0;-226.0;-8.43
SP;35;42800;Ribeira;3358.0;3132.0;-226.0;-6.73
TO;17;03206;Bernardo Sayão;4456.0;4229.0;-227.0;-5.09
MA;21;04206;Fortuna;17203.0;16976.0;-227.0;-1.32
SE;28;03104;Itabi;4972.0;4745.0;-227.0;-4.57
MS;50;02001;Batayporã;10939.0;10712.0;-227.0;-2.08
RS;43;17251;Santa Tereza;1732.0;1505.0;-227.0;-13.11
TO;17;15259;Novo Jardim;2457.0;2230.0;-227.0;-9.24
RS;43;10751;Ivorá;2156.0;1929.0;-227.0;-10.53
MG;31;26208;Formoso;8177.0;7949.0;-228.0;-2.79
RS;43;14308;Pejuçara;3973.0;3745.0;-228.0;-5.74
MT;51;07750;Salto do Céu;3908.0;3679.0;-229.0;-5.86
PR;41;21356;Rancho Alegre D'Oeste;2847.0;2618.0;-229.0;-8.04
CE;23;11355;Quixelô;16139.0;15910.0;-229.0;-1.42
CE;23;07502;Lavras da Mangabeira;31032.0;30802.0;-230.0;-0.74
PR;41;07751;Figueira;8293.0;8062.0;-231.0;-2.79
RS;43;06924;Engenho Velho;1527.0;1296.0;-231.0;-15.13
TO;17;18550;Riachinho;4191.0;3960.0;-231.0;-5.51
MS;50;07554;Santa Rita do Pardo;7259.0;7027.0;-232.0;-3.2
RS;43;02378;Bom Progresso;2328.0;2096.0;-232.0;-9.97
RS;43;07203;Erval Grande;5163.0;4930.0;-233.0;-4.51
PA;15;04455;Medicilândia;27328.0;27094.0;-234.0;-0.86
PR;41;24202;Santo Antônio do Caiuá;2727.0;2493.0;-234.0;-8.58
PR;41;10656;Iracema do Oeste;2578.0;2343.0;-235.0;-9.12
MG;31;19005;Cordislândia;3435.0;3200.0;-235.0;-6.84
RS;43;03707;Campina das Missões;6117.0;5882.0;-235.0;-3.84
AP;16;00212;Cutias;4696.0;4461.0;-235.0;-5.0
RS;43;03400;Caiçara;5071.0;4836.0;-235.0;-4.63
PI;22;02075;Cajazeiras do Piauí;3343.0;3108.0;-235.0;-7.03
PB;25;14800;São José dos Cordeiros;3646.0;3411.0;-235.0;-6.45
MS;50;07307;Rio Negro;5077.0;4841.0;-236.0;-4.65
MT;51;04500;Indiavaí;2449.0;2213.0;-236.0;-9.64
BA;29;09208;Coronel João Sá;17293.0;17056.0;-237.0;-1.37
RS;43;15313;Quatro Irmãos;1790.0;1552.0;-238.0;-13.3
MG;31;59308;Santa Rita de Jacutinga;4993.0;4755.0;-238.0;-4.77
MG;31;62807;São João Evangelista;15553.0;15315.0;-238.0;-1.53
RS;43;05835;Coqueiro Baixo;1528.0;1290.0;-238.0;-15.58
RS;43;09704;Humaitá;4919.0;4681.0;-238.0;-4.84
GO;52;15652;Palestina de Goiás;3371.0;3132.0;-239.0;-7.09
RS;43;04853;Carlos Gomes;1607.0;1368.0;-239.0;-14.87
SP;35;28700;Marabá Paulista;4812.0;4573.0;-239.0;-4.97
PE;26;14006;Serrita;18446.0;18207.0;-239.0;-1.3
MG;31;26802;Frei Gaspar;5879.0;5640.0;-239.0;-4.07
BA;29;11253;Gavião;4600.0;4360.0;-240.0;-5.22
MG;31;63409;São José do Goiabal;5636.0;5396.0;-240.0;-4.26
GO;52;15256;Novo Planalto;3956.0;3716.0;-240.0;-6.07
MA;21;06805;Mirinzal;14218.0;13978.0;-240.0;-1.69
MG;31;25804;Fernandes Tourinho;3030.0;2789.0;-241.0;-7.95
RS;43;15453;Relvado;2037.0;1796.0;-241.0;-11.83
PI;22;01606;Beneditinos;10170.0;9929.0;-241.0;-2.37
CE;23;04657;Graça;14042.0;13801.0;-241.0;-1.72
RS;43;04309;Cândido Godói;6535.0;6294.0;-241.0;-3.69
PB;25;15807;Serra Redonda;7070.0;6828.0;-242.0;-3.42
PR;41;06555;Corumbataí do Sul;4002.0;3760.0;-242.0;-6.05
SE;28;01603;Cedro de São João;5633.0;5391.0;-242.0;-4.3
RN;24;04903;Itaú;5564.0;5320.0;-244.0;-4.39
RS;43;05116;Centenário;2965.0;2721.0;-244.0;-8.23
ES;32;03700;Muniz Freire;18397.0;18153.0;-244.0;-1.33
BA;29;07004;Cardeal da Silva;8609.0;8365.0;-244.0;-2.83
RS;43;05850;Coqueiros do Sul;2457.0;2211.0;-246.0;-10.01
TO;17;14203;Natividade;9000.0;8754.0;-246.0;-2.73
PR;41;02802;Bela Vista do Paraíso;15079.0;14833.0;-246.0;-1.63
GO;52;14051;Mundo Novo;6435.0;6189.0;-246.0;-3.82
MG;31;02803;Andrelândia;12173.0;11927.0;-246.0;-2.02
MG;31;05202;Bandeira;4987.0;4741.0;-246.0;-4.93
MG;31;07000;Biquinhas;2630.0;2383.0;-247.0;-9.39
MS;50;02308;Brasilândia;11826.0;11579.0;-247.0;-2.09
CE;23;09300;Nova Russas;30947.0;30699.0;-248.0;-0.8
PA;15;02509;Chaves;21005.0;20757.0;-248.0;-1.18
GO;52;04409;Caiapônia;16762.0;16513.0;-249.0;-1.49
MG;31;43609;Morro da Garça;2660.0;2411.0;-249.0;-9.36
PI;22;03404;Dom Expedito Lopes;6569.0;6320.0;-249.0;-3.79
SP;35;14106;Dois Córregos;24761.0;24510.0;-251.0;-1.01
MG;31;20003;Córrego Novo;3127.0;2875.0;-252.0;-8.06
AM;13;00086;Anamã;10214.0;9962.0;-252.0;-2.47
BA;29;06907;Caravelas;20833.0;20580.0;-253.0;-1.21
SP;35;29104;Marinópolis;2113.0;1860.0;-253.0;-11.97
SP;35;21200;Iporanga;4299.0;4046.0;-253.0;-5.89
PI;22;04600;Hugo Napoleão;3771.0;3518.0;-253.0;-6.71
PB;25;13984;São Francisco;3391.0;3137.0;-254.0;-7.49
MA;21;05203;Igarapé Grande;10485.0;10231.0;-254.0;-2.42
SP;35;04909;Bananal;10223.0;9969.0;-254.0;-2.48
GO;52;00852;Americano do Brasil;5513.0;5259.0;-254.0;-4.61
RS;43;15958;Rolador;2546.0;2291.0;-255.0;-10.02
PI;22;10375;São Luis do Piauí;2564.0;2309.0;-255.0;-9.95
RS;43;09126;Gramado dos Loureiros;2269.0;2014.0;-255.0;-11.24
MG;31;46909;Papagaios;14175.0;13920.0;-255.0;-1.8
RN;24;10256;Porto do Mangue;5484.0;5228.0;-256.0;-4.67
SP;35;20004;Igaraçu do Tietê;23362.0;23106.0;-256.0;-1.1
RS;43;23200;Victor Graeff;3036.0;2780.0;-256.0;-8.43
ES;32;04401;Rio Novo do Sul;11325.0;11069.0;-256.0;-2.26
SP;35;32058;Motuca;4290.0;4034.0;-256.0;-5.97
RS;43;06379;Dilermando de Aguiar;3063.0;2806.0;-257.0;-8.39
MT;51;03601;Dom Aquino;8129.0;7872.0;-257.0;-3.16
BA;29;26509;Ribeira do Amparo;14098.0;13841.0;-257.0;-1.82
MG;31;15102;Cássia;17412.0;17155.0;-257.0;-1.48
PR;41;07801;Floraí;5050.0;4792.0;-258.0;-5.11
RS;43;10413;Inhacorá;2272.0;2014.0;-258.0;-11.36
MG;31;71808;Virginópolis;10572.0;10314.0;-258.0;-2.44
MG;31;46206;Ouro Verde de Minas;6016.0;5757.0;-259.0;-4.31
PR;41;16406;Nossa Senhora das Graças;3928.0;3669.0;-259.0;-6.59
PB;25;05105;Cuité;19978.0;19719.0;-259.0;-1.3
SE;28;01405;Carira;20199.0;19939.0;-260.0;-1.29
PE;26;04304;Cedro;10778.0;10518.0;-260.0;-2.41
SP;35;01103;Alto Alegre;4102.0;3841.0;-261.0;-6.36
PR;41;22800;Salgado Filho;4338.0;4075.0;-263.0;-6.06
RS;43;03301;Caibaté;4967.0;4704.0;-263.0;-5.29
SP;35;36000;Parapuã;10844.0;10580.0;-264.0;-2.43
SE;28;07006;São Miguel do Aleixo;3698.0;3434.0;-264.0;-7.14
SC;42;04178;Cerro Negro;3581.0;3317.0;-264.0;-7.37
RS;43;21634;Três Arroios;2855.0;2591.0;-264.0;-9.25
RN;24;13607;Severiano Melo;5752.0;5487.0;-265.0;-4.61
SP;35;15806;Flora Rica;1752.0;1487.0;-265.0;-15.13
RS;43;03202;Cacique Doble;4868.0;4603.0;-265.0;-5.44
RS;43;18424;São João da Urtiga;4726.0;4461.0;-265.0;-5.61
BA;29;19108;Lamarão;9281.0;9015.0;-266.0;-2.87
PB;25;08109;Lagoa;4681.0;4415.0;-266.0;-5.68
MG;31;43708;Morro do Pilar;3399.0;3133.0;-266.0;-7.83
MG;31;18700;Coqueiral;9289.0;9023.0;-266.0;-2.86
SP;35;44202;Riolândia;10575.0;10309.0;-266.0;-2.52
MG;31;37908;Lamim;3452.0;3184.0;-268.0;-7.76
PI;22;09955;São João da Varjota;4651.0;4383.0;-268.0;-5.76
RS;43;01552;Áurea;3665.0;3396.0;-269.0;-7.34
MG;31;63003;São José da Safira;4075.0;3806.0;-269.0;-6.6
PI;22;05003;Itainópolis;11059.0;10790.0;-269.0;-2.43
MG;31;01805;Alpercata;7172.0;6903.0;-269.0;-3.75
SP;35;15905;Floreal;3003.0;2733.0;-270.0;-8.99
PR;41;06852;Cruzmaltina;3162.0;2892.0;-270.0;-8.54
MA;21;07308;Nova Iorque;4590.0;4320.0;-270.0;-5.88
SC;42;07759;Iraceminha;4257.0;3986.0;-271.0;-6.37
RS;43;11759;Manoel Viana;7072.0;6801.0;-271.0;-3.83
BA;29;20007;Maiquinique;9004.0;8731.0;-273.0;-3.03
SP;35;38303;Piquerobi;3537.0;3264.0;-273.0;-7.72
SP;35;38907;Pirajuí;22704.0;22431.0;-273.0;-1.2
RS;43;13334;Nova Ramada;2437.0;2163.0;-274.0;-11.24
CE;23;12106;Santana do Cariri;17228.0;16954.0;-274.0;-1.59
PI;22;01804;Bocaina;4353.0;4078.0;-275.0;-6.32
PI;22;07207;Padre Marcos;6657.0;6382.0;-275.0;-4.13
SP;35;51801;Sete Barras;13005.0;12730.0;-275.0;-2.11
MG;31;43153;Monte Formoso;4656.0;4381.0;-275.0;-5.91
PR;41;07009;Curiúva;13923.0;13647.0;-276.0;-1.98
MA;21;04404;Gonçalves Dias;17482.0;17206.0;-276.0;-1.58
MG;31;70909;Varzelândia;19116.0;18840.0;-276.0;-1.44
MA;21;04628;Governador Luiz Rocha;7340.0;7063.0;-277.0;-3.77
PR;41;23204;Santa Cecília do Pavão;3642.0;3365.0;-277.0;-7.61
PB;25;14909;São Mamede;7748.0;7470.0;-278.0;-3.59
BA;29;00504;Érico Cardoso;10882.0;10604.0;-278.0;-2.55
PR;41;18808;Peabiru;13624.0;13346.0;-278.0;-2.04
PI;22;01408;Barro Duro;6919.0;6640.0;-279.0;-4.03
PR;41;23824;Santa Lúcia;3923.0;3644.0;-279.0;-7.11
BA;29;24058;Pé de Serra;13523.0;13243.0;-280.0;-2.07
AL;27;05101;Matriz de Camaragibe;24137.0;23857.0;-280.0;-1.16
RN;24;08706;Paraú;3859.0;3579.0;-280.0;-7.26
SP;35;40853;Pracinha;2858.0;2578.0;-280.0;-9.8
MG;31;59407;Santa Rita de Ibitipoca;3583.0;3301.0;-282.0;-7.87
BA;29;06899;Caraíbas;10222.0;9940.0;-282.0;-2.76
MA;21;05351;Itaipava do Grajaú;14110.0;13828.0;-282.0;-2.0
PR;41;24301;Santo Antônio do Paraíso;2408.0;2125.0;-283.0;-11.75
PB;25;10204;Nova Olinda;6070.0;5787.0;-283.0;-4.66
ES;32;02900;Itarana;10881.0;10597.0;-284.0;-2.61
MG;31;24609;Estrela Dalva;2470.0;2186.0;-284.0;-11.5
TO;17;10508;Itacajá;7104.0;6819.0;-285.0;-4.01
MG;31;02852;Angelândia;8003.0;7718.0;-285.0;-3.56
GO;52;14101;Mutunópolis;3849.0;3564.0;-285.0;-7.4
AL;27;04005;Junqueiro;24192.0;23907.0;-285.0;-1.18
PR;41;22503;Roncador;11537.0;11251.0;-286.0;-2.48
PR;41;28534;Ventania;9968.0;9681.0;-287.0;-2.88
RS;43;13391;Novo Cabrais;3855.0;3568.0;-287.0;-7.44
SP;35;13900;Divinolândia;11445.0;11158.0;-287.0;-2.51
RN;24;02808;Coronel Ezequiel;5405.0;5117.0;-288.0;-5.33
PE;26;10509;Passira;28628.0;28340.0;-288.0;-1.01
PR;41;13759;Lunardelli;5160.0;4872.0;-288.0;-5.58
SP;35;19204;Iacri;6419.0;6131.0;-288.0;-4.49
PI;22;03602;Eliseu Martins;4665.0;4377.0;-288.0;-6.17
MG;31;13909;Carmo da Cachoeira;11836.0;11547.0;-289.0;-2.44
ES;32;00508;Apiacá;7512.0;7223.0;-289.0;-3.85
MG;31;10707;Cambuquira;12602.0;12313.0;-289.0;-2.29
RN;24;09803;Pedro Velho;14114.0;13824.0;-290.0;-2.05
PI;22;02851;Coronel José Dias;4541.0;4250.0;-291.0;-6.41
GO;52;08509;Goiandira;5265.0;4973.0;-292.0;-5.55
RS;43;15073;Porto Vera Cruz;1852.0;1560.0;-292.0;-15.77
BA;29;30907;Tabocas do Brejo Velho;12271.0;11979.0;-292.0;-2.38
PB;25;06103;Fagundes;11341.0;11049.0;-292.0;-2.57
RS;43;19109;São Martinho;5773.0;5481.0;-292.0;-5.06
RS;43;05603;Colorado;3550.0;3258.0;-292.0;-8.23
PE;26;13800;São Vicente Férrer;16969.0;16677.0;-292.0;-1.72
PB;25;03753;Cajazeirinhas;3033.0;2740.0;-293.0;-9.66
RS;43;20578;Sete de Setembro;2124.0;1830.0;-294.0;-13.84
RS;43;16436;Saldanha Marinho;2869.0;2575.0;-294.0;-10.25
TO;17;01051;Angico;3170.0;2876.0;-294.0;-9.27
BA;29;26202;Riachão das Neves;21937.0;21642.0;-295.0;-1.34
TO;17;05607;Conceição do Tocantins;4182.0;3887.0;-295.0;-7.05
RS;43;10900;Jacutinga;3633.0;3338.0;-295.0;-8.12
MG;31;61205;São Francisco de Paula;6483.0;6187.0;-296.0;-4.57
SE;28;05208;Pinhão;5973.0;5677.0;-296.0;-4.96
MG;31;21704;Diogo de Vasconcelos;3848.0;3549.0;-299.0;-7.77
SP;35;40903;Pradópolis;17377.0;17078.0;-299.0;-1.72
MA;21;10807;São Félix de Balsas;4702.0;4402.0;-300.0;-6.38
PE;26;15706;Triunfo;15006.0;14705.0;-301.0;-2.01
RS;43;18465;São José do Herval;2204.0;1902.0;-302.0;-13.7
RS;43;22343;Ubiretama;2296.0;1994.0;-302.0;-13.15
GO;52;04904;Campos Belos;18410.0;18108.0;-302.0;-1.64
PR;41;11605;Ivatuba;3010.0;2708.0;-302.0;-10.03
SP;35;07407;Borborema;14529.0;14226.0;-303.0;-2.09
MT;51;02694;Canabrava do Norte;4788.0;4485.0;-303.0;-6.33
PI;22;10979;Tanque do Piauí;2620.0;2316.0;-304.0;-11.6
MG;31;22504;Dom Cavati;5209.0;4904.0;-305.0;-5.86
RN;24;01602;Bento Fernandes;5113.0;4807.0;-306.0;-5.98
PB;25;05907;Emas;3317.0;3011.0;-306.0;-9.23
MA;21;07001;Montes Altos;9413.0;9106.0;-307.0;-3.26
RS;43;01925;Barra do Rio Azul;2003.0;1696.0;-307.0;-15.33
PI;22;10052;São José do Divino;5148.0;4841.0;-307.0;-5.96
RS;43;20230;Sede Nova;3011.0;2704.0;-307.0;-10.2
BA;29;12509;Ibipitanga;14171.0;13863.0;-308.0;-2.17
MS;50;03751;Eldorado;11694.0;11386.0;-308.0;-2.63
BA;29;28950;São Domingos;8734.0;8426.0;-308.0;-3.53
RS;43;05355;Charqueadas;35320.0;35012.0;-308.0;-0.87
SP;35;55307;Turmalina;1978.0;1669.0;-309.0;-15.62
SE;28;02403;Gararu;11405.0;11096.0;-309.0;-2.71
PR;41;03024;Boa Esperança do Iguaçu;2764.0;2455.0;-309.0;-11.18
PR;41;07702;Fênix;4802.0;4492.0;-310.0;-6.46
MS;50;07935;Sonora;14827.0;14516.0;-311.0;-2.1
PB;25;05808;Duas Estradas;3638.0;3327.0;-311.0;-8.55
PB;25;13356;Santa Inês;3539.0;3227.0;-312.0;-8.82
MG;31;35209;Januária;65463.0;65150.0;-313.0;-0.48
RS;43;11718;Maçambará;4738.0;4425.0;-313.0;-6.61
MA;21;05922;Lagoa do Mato;10887.0;10572.0;-315.0;-2.89
SP;35;45605;Santa Adélia;14333.0;14018.0;-315.0;-2.2
PE;26;16183;Vertente do Lério;7873.0;7558.0;-315.0;-4.0
GO;52;21080;Teresina de Goiás;3016.0;2701.0;-315.0;-10.44
MG;31;10400;Camacho;3154.0;2838.0;-316.0;-10.02
MG;31;11903;Cana Verde;5589.0;5272.0;-317.0;-5.67
PB;25;05600;Diamante;6616.0;6299.0;-317.0;-4.79
RS;43;22350;União da Serra;1487.0;1170.0;-317.0;-21.32
RS;43;02303;Bom Jesus;11519.0;11202.0;-317.0;-2.75
SE;28;06602;Santo Amaro das Brotas;11410.0;11092.0;-318.0;-2.79
BA;29;29107;São Felipe;20601.0;20283.0;-318.0;-1.54
PB;25;13505;Santana de Mangueira;5328.0;5010.0;-318.0;-5.97
RS;43;10850;Jaboticaba;4098.0;3779.0;-319.0;-7.78
TO;17;14880;Nova Olinda;10686.0;10367.0;-319.0;-2.99
MG;31;57401;Santa Cruz do Escalvado;4992.0;4673.0;-319.0;-6.39
RS;43;09902;Ibiraiaras;7095.0;6776.0;-319.0;-4.5
SP;35;41109;Presidente Alves;4123.0;3804.0;-319.0;-7.74
SC;42;15687;Santa Terezinha do Progresso;2896.0;2576.0;-320.0;-11.05
BA;29;32002;Uauá;24985.0;24665.0;-320.0;-1.28
PI;22;09351;Santana do Piauí;4445.0;4125.0;-320.0;-7.2
AL;27;00706;Batalha;16769.0;16448.0;-321.0;-1.91
PB;25;04207;Catingueira;4812.0;4491.0;-321.0;-6.67
AL;27;06208;Palestina;4646.0;4325.0;-321.0;-6.91
RS;43;06700;Dona Francisca;3401.0;3079.0;-322.0;-9.47
PR;41;19301;Pinhão;30208.0;29886.0;-322.0;-1.07
CE;23;01802;Baixio;6026.0;5704.0;-322.0;-5.34
BA;29;24652;Pintadas;10649.0;10325.0;-324.0;-3.04
MG;31;39250;Mamonas;6321.0;5997.0;-324.0;-5.13
PR;41;12504;Jardim Alegre;12328.0;12004.0;-324.0;-2.63
TO;17;17800;Ponte Alta do Bom Jesus;4544.0;4220.0;-324.0;-7.13
PR;41;24905;São João do Caiuá;5911.0;5586.0;-325.0;-5.5
MG;31;60454;Santo Antônio do Retiro;6955.0;6629.0;-326.0;-4.69
BA;29;22755;Nova Ibiá;6827.0;6501.0;-326.0;-4.78
RS;43;14209;Pedro Osório;7811.0;7484.0;-327.0;-4.19
GO;52;10307;Israelândia;2887.0;2560.0;-327.0;-11.33
AL;27;05200;Messias;15733.0;15405.0;-328.0;-2.08
CE;23;04277;Ereré;6802.0;6474.0;-328.0;-4.82
PI;22;00053;Acauã;6749.0;6420.0;-329.0;-4.87
SP;35;27702;Luiziânia;5030.0;4701.0;-329.0;-6.54
PI;22;05599;Lagoa do Sítio;4850.0;4520.0;-330.0;-6.8
PR;41;28302;Uniflor;2466.0;2136.0;-330.0;-13.38
MG;31;31802;Itabirinha;10692.0;10362.0;-330.0;-3.09
RN;24;00901;Antônio Martins;6907.0;6577.0;-330.0;-4.78
PB;25;12747;Riachão;3258.0;2927.0;-331.0;-10.16
PA;15;03077;Garrafão do Norte;25034.0;24703.0;-331.0;-1.32
MG;31;33501;Itapecerica;21377.0;21046.0;-331.0;-1.55
GO;52;02353;Arenópolis;3277.0;2946.0;-331.0;-10.1
MG;31;71501;Mathias Lobato;3370.0;3038.0;-332.0;-9.85
MG;31;31406;Ipiaçu;4107.0;3775.0;-332.0;-8.08
MG;31;04106;Arceburgo;9509.0;9177.0;-332.0;-3.49
GO;52;21452;Trombas;3452.0;3120.0;-332.0;-9.62
PR;41;01309;Antônio Olinto;7351.0;7018.0;-333.0;-4.53
SC;42;15356;Saltinho;3966.0;3632.0;-334.0;-8.42
MG;31;08206;Bonfinópolis de Minas;5865.0;5528.0;-337.0;-5.75
RS;43;20453;Sério;2279.0;1941.0;-338.0;-14.83
RS;43;09951;Ibirapuitã;4061.0;3723.0;-338.0;-8.32
SC;42;01000;Anita Garibaldi;8623.0;8285.0;-338.0;-3.92
TO;17;07553;Fátima;3805.0;3467.0;-338.0;-8.88
PR;41;07124;Diamante do Sul;3510.0;3171.0;-339.0;-9.66
MA;21;09403;Primeira Cruz;13954.0;13614.0;-340.0;-2.44
MG;31;12653;Capitão Andrade;4925.0;4585.0;-340.0;-6.9
MG;31;20409;Cristiano Otoni;5007.0;4667.0;-340.0;-6.79
SP;35;19501;Ibirarema;6725.0;6385.0;-340.0;-5.06
SC;42;00804;Anchieta;6283.0;5943.0;-340.0;-5.41
BA;29;01403;Angical;14073.0;13732.0;-341.0;-2.42
RS;43;19125;São Martinho da Serra;3201.0;2860.0;-341.0;-10.65
MG;31;27057;Fronteira dos Vales;4687.0;4345.0;-342.0;-7.3
RO;11;00908;Castanheiras;3575.0;3233.0;-342.0;-9.57
MA;21;07902;Passagem Franca;17562.0;17220.0;-342.0;-1.95
RS;43;19802;São Vicente do Sul;8440.0;8097.0;-343.0;-4.06
GO;52;13772;Montividiu do Norte;4122.0;3779.0;-343.0;-8.32
MG;31;61650;São Geraldo do Baixio;3486.0;3143.0;-343.0;-9.84
MG;31;43203;Monte Santo de Minas;21234.0;20890.0;-344.0;-1.62
TO;17;07306;Dueré;4592.0;4248.0;-344.0;-7.49
SC;42;11801;Ouro;7376.0;7032.0;-344.0;-4.66
MT;51;04906;Jangada;7771.0;7426.0;-345.0;-4.44
MG;31;36801;Juramento;4113.0;3768.0;-345.0;-8.39
MG;31;03009;Antônio Dias;9565.0;9219.0;-346.0;-3.62
MG;31;27339;Gameleiras;5139.0;4793.0;-346.0;-6.73
RS;43;05447;Chuvisca;4944.0;4597.0;-347.0;-7.02
TO;17;18501;Recursolândia;3768.0;3421.0;-347.0;-9.21
MT;51;08808;Nova Guarita;4937.0;4590.0;-347.0;-7.03
RS;43;01909;Barra do Ribeiro;12572.0;12225.0;-347.0;-2.76
MA;21;11078;São João do Soter;17238.0;16889.0;-349.0;-2.02
GO;52;13905;Mossâmedes;5003.0;4654.0;-349.0;-6.98
BA;29;09109;Coribe;14339.0;13990.0;-349.0;-2.43
PR;41;25308;São Jorge do Ivaí;5517.0;5168.0;-349.0;-6.33
PR;41;14351;Manfrinópolis;3120.0;2770.0;-350.0;-11.22
MG;31;27602;Gouveia;11681.0;11331.0;-350.0;-3.0
RS;43;08250;Floriano Peixoto;2018.0;1668.0;-350.0;-17.34
PR;41;04600;Capitão Leônidas Marques;14998.0;14648.0;-350.0;-2.33
MA;21;05104;Icatu;25145.0;24794.0;-351.0;-1.4
RS;43;12005;Mariano Moro;2210.0;1858.0;-352.0;-15.93
MG;31;15409;Catas Altas da Noruega;3462.0;3110.0;-352.0;-10.17
MG;31;59100;Santana dos Montes;3822.0;3469.0;-353.0;-9.24
MG;31;65107;São Tomás de Aquino;7093.0;6740.0;-353.0;-4.98
PE;26;12000;Sairé;11240.0;10887.0;-353.0;-3.14
MG;31;64803;São Sebastião do Rio Preto;1613.0;1259.0;-354.0;-21.95
MS;50;05004;Jardim;24335.0;23981.0;-354.0;-1.45
PI;22;05102;Itaueira;10678.0;10323.0;-355.0;-3.32
GO;52;21502;Turvânia;4835.0;4480.0;-355.0;-7.34
PI;22;04204;Francisco Santos;8592.0;8237.0;-355.0;-4.13
MG;31;13107;Caranaíba;3288.0;2933.0;-355.0;-10.8
CE;23;03105;Cariré;17987.0;17632.0;-355.0;-1.97
RS;43;22103;Tucunduva;5898.0;5542.0;-356.0;-6.04
BA;29;27903;Santa Inês;10656.0;10300.0;-356.0;-3.34
MG;31;63508;São José do Jacuri;6553.0;6197.0;-356.0;-5.43
SC;42;05605;Galvão;3567.0;3210.0;-357.0;-10.01
SP;35;16903;General Salgado;10669.0;10312.0;-357.0;-3.35
GO;52;02155;Araguapaz;7510.0;7153.0;-357.0;-4.75
RS;43;23457;Vila Nova do Sul;4221.0;3863.0;-358.0;-8.48
PR;41;05102;Centenário do Sul;11190.0;10832.0;-358.0;-3.2
TO;17;02406;Arraias;10645.0;10287.0;-358.0;-3.36
PI;22;10623;Sebastião Barros;3560.0;3202.0;-358.0;-10.06
RS;43;18457;São José das Missões;2720.0;2362.0;-358.0;-13.16
PI;22;09153;Santa Cruz dos Milagres;3794.0;3435.0;-359.0;-9.46
BA;29;07806;Cícero Dantas;31266.0;30907.0;-359.0;-1.15
RS;43;06353;Dezesseis de Novembro;2866.0;2507.0;-359.0;-12.53
SP;35;08900;Caiabu;4072.0;3712.0;-360.0;-8.84
MG;31;26604;Francisco Dumont;4863.0;4503.0;-360.0;-7.4
PR;41;08551;Godoy Moreira;3337.0;2977.0;-360.0;-10.79
SC;42;02875;Brunópolis;2850.0;2489.0;-361.0;-12.67
RS;43;06304;David Canabarro;4683.0;4321.0;-362.0;-7.73
MG;31;57302;Santa Bárbara do Tugúrio;4570.0;4208.0;-362.0;-7.92
MS;50;02803;Caracol;5398.0;5036.0;-362.0;-6.71
MG;31;15474;Catuti;5102.0;4739.0;-363.0;-7.11
SP;35;00907;Altair;3815.0;3451.0;-364.0;-9.54
SP;35;02606;Aparecida d'Oeste;4450.0;4086.0;-364.0;-8.18
GO;52;03104;Baliza;3715.0;3351.0;-364.0;-9.8
TO;17;15754;Palmeirópolis;7339.0;6975.0;-364.0;-4.96
PR;41;27809;Tomazina;8791.0;8426.0;-365.0;-4.15
RS;43;19158;São Miguel das Missões;7421.0;7056.0;-365.0;-4.92
RN;24;13706;Sítio Novo;5020.0;4654.0;-366.0;-7.29
SC;42;09706;Lebon Régis;11838.0;11472.0;-366.0;-3.09
MG;31;71071;Veredinha;5549.0;5181.0;-368.0;-6.63
RS;43;19703;São Valentim;3632.0;3264.0;-368.0;-10.13
BA;29;33000;Valente;24730.0;24362.0;-368.0;-1.49
SC;42;02503;Bom Jardim da Serra;4395.0;4026.0;-369.0;-8.4
RN;24;07302;Marcelino Vieira;8265.0;7896.0;-369.0;-4.46
MG;31;63300;São José do Divino;3834.0;3464.0;-370.0;-9.65
BA;29;09604;Crisópolis;20099.0;19729.0;-370.0;-1.84
PR;41;21703;Reserva;24943.0;24573.0;-370.0;-1.48
TO;17;03891;Carrasco Bonito;3688.0;3318.0;-370.0;-10.03
GO;52;02601;Aurilândia;3654.0;3284.0;-370.0;-10.13
SP;35;24204;Jaborandi;6592.0;6221.0;-371.0;-5.63
GO;52;12956;Matrinchã;4414.0;4042.0;-372.0;-8.43
SP;35;27801;Lupércio;4353.0;3981.0;-372.0;-8.55
PB;25;02300;Bom Sucesso;5035.0;4661.0;-374.0;-7.43
PR;41;07108;Diamante do Norte;5516.0;5142.0;-374.0;-6.78
BA;29;01700;Antônio Cardoso;11521.0;11146.0;-375.0;-3.25
BA;29;12905;Ibirataia;19168.0;18792.0;-376.0;-1.96
MG;31;08701;Brás Pires;4637.0;4260.0;-377.0;-8.13
PB;25;11103;Pedra Lavrada;7236.0;6859.0;-377.0;-5.21
PR;41;15101;Mariluz;10224.0;9847.0;-377.0;-3.69
PB;25;01302;Aroeiras;19082.0;18705.0;-377.0;-1.98
MT;51;06216;Nova Canaã do Norte;12084.0;11707.0;-377.0;-3.12
MG;31;61403;São Francisco do Glória;5178.0;4800.0;-378.0;-7.3
SP;35;48401;Santópolis do Aguapeí;4277.0;3899.0;-378.0;-8.84
AL;27;03403;Jacaré dos Homens;5461.0;5083.0;-378.0;-6.92
SP;35;23008;Itapura;4357.0;3979.0;-378.0;-8.68
PR;41;27304;Terra Rica;15221.0;14842.0;-379.0;-2.49
PR;41;04055;Campo Bonito;4407.0;4027.0;-380.0;-8.62
PI;22;10904;Socorro do Piauí;4522.0;4141.0;-381.0;-8.43
AL;27;00102;Água Branca;19389.0;19008.0;-381.0;-1.97
SC;42;13401;Ponte Serrada;11031.0;10649.0;-382.0;-3.46
MG;31;19104;Corinto;23914.0;23532.0;-382.0;-1.6
GO;52;20207;São Miguel do Araguaia;22283.0;21900.0;-383.0;-1.72
MG;31;46552;Pai Pedro;5934.0;5551.0;-383.0;-6.45
RS;43;21493;Toropi;2938.0;2554.0;-384.0;-13.07
MG;31;31505;Ipuiúna;9521.0;9135.0;-386.0;-4.05
PR;41;09203;Guaraci;5135.0;4748.0;-387.0;-7.54
ES;32;04955;São Roque do Canaã;11273.0;10886.0;-387.0;-3.43
MG;31;25606;Felisburgo;6877.0;6489.0;-388.0;-5.64
RS;43;09571;Herveiras;2954.0;2565.0;-389.0;-13.17
RN;24;11106;Ruy Barbosa;3595.0;3206.0;-389.0;-10.82
MG;31;32602;Itamarati de Minas;4079.0;3690.0;-389.0;-9.54
TO;17;01903;Araguacema;6317.0;5927.0;-390.0;-6.17
RN;24;08409;Olho d'Água do Borges;4295.0;3905.0;-390.0;-9.08
SC;42;12270;Passos Maia;4425.0;4034.0;-391.0;-8.84
MG;31;45372;Novorizonte;4963.0;4571.0;-392.0;-7.9
PI;22;08106;Pimenteiras;11733.0;11341.0;-392.0;-3.34
MG;31;12208;Capela Nova;4755.0;4362.0;-393.0;-8.26
MG;31;58805;Santana do Jacaré;4607.0;4214.0;-393.0;-8.53
SC;42;04459;Coronel Martins;2458.0;2065.0;-393.0;-15.99
PR;41;18303;Paranapoema;2791.0;2398.0;-393.0;-14.08
PR;41;13403;Leópolis;4145.0;3752.0;-393.0;-9.48
SC;42;12106;Palmitos;16020.0;15626.0;-394.0;-2.46
MG;31;15201;Conceição da Barra de Minas;3954.0;3560.0;-394.0;-9.96
PE;26;06705;Ibirajuba;7534.0;7140.0;-394.0;-5.23
PB;25;14206;São José da Lagoa Tapada;7520.0;7126.0;-394.0;-5.24
RS;43;06957;Entre Rios do Sul;3080.0;2685.0;-395.0;-12.82
GO;52;14903;Nova Roma;3471.0;3076.0;-395.0;-11.38
MG;31;54002;Raul Soares;23818.0;23423.0;-395.0;-1.66
PB;25;03308;Cachoeira dos Índios;9546.0;9151.0;-395.0;-4.14
RS;43;15404;Redentora;10135.0;9738.0;-397.0;-3.92
RS;43;15057;Porto Mauá;2542.0;2142.0;-400.0;-15.74
RN;24;12807;São Rafael;8111.0;7711.0;-400.0;-4.93
AL;27;07602;Quebrangulo;11480.0;11080.0;-400.0;-3.48
PB;25;06608;Ibiara;6031.0;5631.0;-400.0;-6.63
PI;22;06902;Novo Oriente do Piauí;6498.0;6097.0;-401.0;-6.17
MG;31;52907;Pratápolis;8807.0;8406.0;-401.0;-4.55
PB;25;00908;Arara;12613.0;12212.0;-401.0;-3.18
MG;31;04502;Arinos;17674.0;17272.0;-402.0;-2.27
SP;35;28908;Mariápolis;3916.0;3513.0;-403.0;-10.29
PI;22;10102;São José do Peixe;3700.0;3297.0;-403.0;-10.89
RN;24;05405;Japi;5522.0;5117.0;-405.0;-7.33
RS;43;20651;Silveira Martins;2434.0;2028.0;-406.0;-16.68
MG;31;46404;Paineiras;4631.0;4224.0;-407.0;-8.79
RS;43;10579;Itapuca;2344.0;1937.0;-407.0;-17.36
BA;29;33604;Xique-Xique;45164.0;44757.0;-407.0;-0.9
ES;32;00102;Afonso Cláudio;31091.0;30684.0;-407.0;-1.31
MG;31;69505;Tumiritinga;6293.0;5886.0;-407.0;-6.47
MG;31;17702;Conceição do Rio Verde;12949.0;12541.0;-408.0;-3.15
SP;35;21507;Irapuã;7275.0;6867.0;-408.0;-5.61
CE;23;11603;Redenção;27622.0;27214.0;-408.0;-1.48
TO;17;15002;Nova Rosalândia;3770.0;3362.0;-408.0;-10.82
PA;15;03507;Irituia;31364.0;30955.0;-409.0;-1.3
PR;41;23105;Santa Amélia;3803.0;3394.0;-409.0;-10.75
PI;22;00905;Aroazes;5779.0;5369.0;-410.0;-7.09
RS;43;11239;Lagoa Bonita do Sul;2662.0;2251.0;-411.0;-15.44
MA;21;12902;Vitória do Mearim;31217.0;30805.0;-412.0;-1.32
MG;31;65560;Sem-Peixe;2847.0;2433.0;-414.0;-14.54
RN;24;13904;Taipu;11836.0;11422.0;-414.0;-3.5
MG;31;08909;Brazópolis;14661.0;14246.0;-415.0;-2.83
BA;29;19009;Lajedinho;3943.0;3527.0;-416.0;-10.55
PR;41;20101;Porto Amazonas;4514.0;4098.0;-416.0;-9.22
PE;26;03603;Camutanga;8168.0;7750.0;-418.0;-5.12
CE;23;00101;Abaiara;10456.0;10038.0;-418.0;-4.0
BA;29;07558;Caturama;9260.0;8841.0;-419.0;-4.52
GO;52;07105;Diorama;2481.0;2062.0;-419.0;-16.89
PI;22;04907;Isaías Coelho;8193.0;7774.0;-419.0;-5.11
PE;26;03405;Calumbi;5648.0;5228.0;-420.0;-7.44
MA;21;11953;Sucupira do Riachão;5406.0;4985.0;-421.0;-7.79
MT;51;03700;Feliz Natal;10942.0;10521.0;-421.0;-3.85
MG;31;05004;Baldim;7913.0;7492.0;-421.0;-5.32
MG;31;04809;Augusto de Lima;4960.0;4538.0;-422.0;-8.51
PI;22;08809;Regeneração;17556.0;17133.0;-423.0;-2.41
PR;41;15457;Marquinho;4928.0;4504.0;-424.0;-8.6
MT;51;06851;Porto Estrela;3649.0;3224.0;-425.0;-11.65
MS;50;05103;Jateí;4011.0;3586.0;-425.0;-10.6
MG;31;63805;São Miguel do Anta;6760.0;6334.0;-426.0;-6.3
BA;29;18209;Jiquiriçá;14055.0;13629.0;-426.0;-3.03
MA;21;03901;Duque Bacelar;10649.0;10223.0;-426.0;-4.0
MS;50;04106;Guia Lopes da Laguna;10366.0;9940.0;-426.0;-4.11
RS;43;12104;Mata;5125.0;4698.0;-427.0;-8.33
SP;35;17109;Glicério;4565.0;4138.0;-427.0;-9.35
RO;11;00130;Machadinho D'Oeste;31135.0;30707.0;-428.0;-1.37
MG;31;66501;Serra Azul de Minas;4220.0;3792.0;-428.0;-10.14
RS;43;07559;Estação;6011.0;5582.0;-429.0;-7.14
MG;31;35506;Jequeri;12848.0;12419.0;-429.0;-3.34
AL;27;05309;Minador do Negrão;5275.0;4845.0;-430.0;-8.15
MG;31;66105;Senhora do Porto;3497.0;3067.0;-430.0;-12.3
MT;51;06273;Novo Horizonte do Norte;3780.0;3349.0;-431.0;-11.4
MG;31;02506;Amparo do Serra;4972.0;4541.0;-431.0;-8.67
MG;31;19807;Córrego Danta;3391.0;2960.0;-431.0;-12.71
MG;31;00104;Abadia dos Dourados;6704.0;6272.0;-432.0;-6.44
MG;31;06804;Bias Fortes;3793.0;3361.0;-432.0;-11.39
PI;22;02026;Buriti dos Montes;7866.0;7434.0;-432.0;-5.49
SP;35;45001;Salesópolis;15635.0;15202.0;-433.0;-2.77
PR;41;07553;Farol;3472.0;3039.0;-433.0;-12.47
RJ;33;02809;Mendes;17935.0;17502.0;-433.0;-2.41
RS;43;02600;Braga;3702.0;3268.0;-434.0;-11.72
PR;41;07850;Flor da Serra do Sul;4798.0;4364.0;-434.0;-9.05
SP;35;10005;Cândido Mota;29884.0;29449.0;-435.0;-1.46
TO;17;04105;Centenário;2566.0;2131.0;-435.0;-16.95
RN;24;04309;Governador Dix-Sept Rosado;12374.0;11938.0;-436.0;-3.52
RS;43;20602;Severiano de Almeida;3842.0;3406.0;-436.0;-11.35
AL;27;07107;Piranhas;23045.0;22609.0;-436.0;-1.89
PB;25;08703;Mãe d'Água;4019.0;3583.0;-436.0;-10.85
MA;21;09759;Santa Filomena do Maranhão;7133.0;6697.0;-436.0;-6.11
RN;24;00109;Acari;11035.0;10597.0;-438.0;-3.97
BA;29;15908;Itanagra;6352.0;5914.0;-438.0;-6.9
PI;22;02778;Colônia do Piauí;7433.0;6994.0;-439.0;-5.91
BA;29;28208;Santana;25194.0;24755.0;-439.0;-1.74
RS;43;06320;Derrubadas;3190.0;2751.0;-439.0;-13.76
MA;21;11631;São Raimundo do Doca Bezerra;6090.0;5650.0;-440.0;-7.22
RJ;33;01108;Cantagalo;19830.0;19390.0;-440.0;-2.22
AL;27;02702;Feliz Deserto;4403.0;3963.0;-440.0;-9.99
MT;51;00102;Acorizal;5454.0;5014.0;-440.0;-8.07
TO;17;15150;Novo Alegre;2286.0;1846.0;-440.0;-19.25
PR;41;09500;Guaraqueçaba;7871.0;7430.0;-441.0;-5.6
BA;29;07608;Central;16789.0;16348.0;-441.0;-2.63
BA;29;27606;Santa Brígida;15407.0;14965.0;-442.0;-2.87
BA;29;19157;Lapão;26178.0;25736.0;-442.0;-1.69
MG;31;53202;Presidente Juscelino;3908.0;3465.0;-443.0;-11.34
PR;41;21307;Rancho Alegre;3955.0;3512.0;-443.0;-11.2
MG;31;49150;Pedras de Maria da Cruz;10876.0;10433.0;-443.0;-4.07
MA;21;02309;Buriti Bravo;22899.0;22455.0;-444.0;-1.94
RS;43;16105;Ronda Alta;10221.0;9777.0;-444.0;-4.34
GO;52;07600;Fazenda Nova;6322.0;5877.0;-445.0;-7.04
PR;41;14401;Mangueirinha;17048.0;16603.0;-445.0;-2.61
GO;52;16908;Pilar de Goiás;2773.0;2328.0;-445.0;-16.05
MG;31;57609;Santa Fé de Minas;3968.0;3522.0;-446.0;-11.24
RS;43;10553;Itacurubi;3441.0;2995.0;-446.0;-12.96
MT;51;08105;Tesouro;3472.0;3025.0;-447.0;-12.87
RO;11;01476;Primavera de Rondônia;3524.0;3076.0;-448.0;-12.71
PR;41;20408;Presidente Castelo Branco;4784.0;4336.0;-448.0;-9.36
SP;35;32108;Murutinga do Sul;4186.0;3737.0;-449.0;-10.73
SP;35;03604;Areiópolis;10579.0;10130.0;-449.0;-4.24
MT;51;07156;Reserva do Cabaçal;2572.0;2122.0;-450.0;-17.5
PB;25;02607;Igaracy;6099.0;5648.0;-451.0;-7.39
PE;26;13305;São Joaquim do Monte;20488.0;20037.0;-451.0;-2.2
MG;31;36405;Joaquim Felício;4305.0;3854.0;-451.0;-10.48
SP;35;47601;Santa Rosa de Viterbo;23862.0;23411.0;-451.0;-1.89
PR;41;10300;Inajá;2988.0;2536.0;-452.0;-15.13
PR;41;00707;Alto Piquiri;10179.0;9727.0;-452.0;-4.44
GO;52;08301;Divinópolis de Goiás;4909.0;4457.0;-452.0;-9.21
SC;42;00408;Água Doce;6961.0;6508.0;-453.0;-6.51
AL;27;09004;Tanque d'Arca;6249.0;5796.0;-453.0;-7.25
BA;29;18803;Laje;21505.0;21052.0;-453.0;-2.11
AL;27;06406;Pão de Açúcar;24277.0;23823.0;-454.0;-1.87
RS;43;22376;Unistalda;2450.0;1995.0;-455.0;-18.57
PB;25;02904;Brejo dos Santos;6198.0;5742.0;-456.0;-7.36
SE;28;05307;Pirambu;8369.0;7913.0;-456.0;-5.45
SC;42;13302;Ponte Alta;4894.0;4437.0;-457.0;-9.34
SC;42;11108;Monte Castelo;8194.0;7736.0;-458.0;-5.59
PR;41;20309;Porto Vitória;4020.0;3562.0;-458.0;-11.39
RO;11;01500;Seringueiras;11629.0;11171.0;-458.0;-3.94
RN;24;05702;Jardim do Seridó;12113.0;11655.0;-458.0;-3.78
TO;17;22081;Wanderlândia;10981.0;10522.0;-459.0;-4.18
RN;24;12708;São Pedro;6235.0;5776.0;-459.0;-7.36
SP;35;10708;Cardoso;11805.0;11345.0;-460.0;-3.9
TO;17;03701;Brejinho de Nazaré;5185.0;4725.0;-460.0;-8.87
MG;31;52170;Ponto dos Volantes;11345.0;10883.0;-462.0;-4.07
RN;24;03400;Equador;5822.0;5360.0;-462.0;-7.94
PE;26;07653;Itambé;35398.0;34935.0;-463.0;-1.31
BA;29;19405;Licínio de Almeida;12297.0;11834.0;-463.0;-3.77
MG;31;38351;Leme do Prado;4804.0;4341.0;-463.0;-9.64
SP;35;22802;Itaporanga;14549.0;14085.0;-464.0;-3.19
RN;24;10702;Riacho da Cruz;3165.0;2701.0;-464.0;-14.66
PR;41;21901;Ribeirão do Pinhal;13524.0;13060.0;-464.0;-3.43
BA;29;18555;Jussari;6353.0;5888.0;-465.0;-7.32
PR;41;18709;Paulo Frontin;6808.0;6343.0;-465.0;-6.83
BA;29;03607;Biritinga;15612.0;15146.0;-466.0;-2.98
MG;31;64100;São Pedro do Suaçuí;5570.0;5103.0;-467.0;-8.38
RS;43;10876;Jacuizinho;2507.0;2040.0;-467.0;-18.63
AL;27;04906;Mar Vermelho;3623.0;3155.0;-468.0;-12.92
MG;31;02209;Alvarenga;4444.0;3975.0;-469.0;-10.55
PI;22;02109;Campinas do Piauí;5408.0;4938.0;-470.0;-8.69
PR;41;07157;Diamante D'Oeste;5027.0;4557.0;-470.0;-9.35
MG;31;28204;Guaraciaba;10223.0;9753.0;-470.0;-4.6
PB;25;13109;Salgado de São Félix;11976.0;11505.0;-471.0;-3.93
RJ;33;06206;Vassouras;34447.0;33976.0;-471.0;-1.37
PR;41;25407;São José da Boa Vista;6511.0;6040.0;-471.0;-7.23
CE;23;09003;Mucambo;14138.0;13666.0;-472.0;-3.34
GO;52;04250;Cachoeira Dourada;8254.0;7782.0;-472.0;-5.72
MA;21;02408;Cajapió;10593.0;10121.0;-472.0;-4.46
PI;22;09005;Rio Grande do Piauí;6273.0;5801.0;-472.0;-7.52
MT;51;07263;Santo Afonso;2991.0;2519.0;-472.0;-15.78
PB;25;16508;Taperoá;14543.0;14068.0;-475.0;-3.27
PI;22;03008;Cristalândia do Piauí;7831.0;7356.0;-475.0;-6.07
SP;35;04305;Avaí;4959.0;4483.0;-476.0;-9.6
PE;26;14303;Moreilândia;11017.0;10540.0;-477.0;-4.33
MG;31;05707;Barra Longa;6143.0;5666.0;-477.0;-7.76
BA;29;12004;Ibiassucê;10908.0;10429.0;-479.0;-4.39
GO;52;09804;Hidrolina;4025.0;3545.0;-480.0;-11.93
MT;51;06000;Nortelândia;6436.0;5956.0;-480.0;-7.46
PI;22;07504;Palmeirais;13745.0;13264.0;-481.0;-3.5
RS;43;15206;Putinga;4229.0;3747.0;-482.0;-11.4
ES;32;04252;Ponto Belo;6979.0;6497.0;-482.0;-6.91
MG;31;49952;Periquito;7036.0;6553.0;-483.0;-6.86
CE;23;10803;Pereiro;15757.0;15274.0;-483.0;-3.07
RS;43;04002;Campo Novo;5459.0;4975.0;-484.0;-8.87
GO;52;19456;Santa Rita do Novo Destino;3173.0;2689.0;-484.0;-15.25
RS;43;11122;Jaquirana;4177.0;3690.0;-487.0;-11.66
MG;31;57377;Santa Cruz de Salinas;4397.0;3910.0;-487.0;-11.08
RN;24;10009;Pilões;3453.0;2965.0;-488.0;-14.13
SC;42;19606;Xavantina;4142.0;3653.0;-489.0;-11.81
MG;31;38906;Machacalis;6976.0;6487.0;-489.0;-7.01
MG;31;65503;Sardoá;5594.0;5104.0;-490.0;-8.76
PB;25;04801;Coremas;15174.0;14683.0;-491.0;-3.24
PR;41;08452;Foz do Jordão;5420.0;4926.0;-494.0;-9.11
RS;43;14555;Pirapó;2757.0;2260.0;-497.0;-18.03
SP;35;38105;Pindorama;15039.0;14542.0;-497.0;-3.3
CE;23;11702;Reriutaba;19103.0;18606.0;-497.0;-2.6
PI;22;09377;Santa Rosa do Piauí;5149.0;4650.0;-499.0;-9.69
MG;31;38005;Laranjal;6465.0;5963.0;-502.0;-7.76
TO;17;03107;Barrolândia;5349.0;4846.0;-503.0;-9.4
MT;51;01258;Araputanga;15290.0;14786.0;-504.0;-3.3
BA;29;33109;Várzea do Poço;8606.0;8101.0;-505.0;-5.87
RS;43;06130;Cruzaltense;2141.0;1635.0;-506.0;-23.63
PI;22;02251;Canavieira;3921.0;3414.0;-507.0;-12.93
PR;41;24707;São Jerônimo da Serra;11337.0;10830.0;-507.0;-4.47
PI;22;05201;Jaicós;18035.0;17527.0;-508.0;-2.82
SP;35;18909;Guzolândia;4754.0;4246.0;-508.0;-10.69
MG;31;22207;Divinolândia de Minas;7024.0;6516.0;-508.0;-7.23
PR;41;14005;Mamborê;13961.0;13452.0;-509.0;-3.65
SE;28;03906;Malhador;12042.0;11533.0;-509.0;-4.23
MA;21;05005;Humberto de Campos;26189.0;25680.0;-509.0;-1.94
BA;29;07301;Castro Alves;25222.0;24712.0;-510.0;-2.02
SP;35;04206;Auriflama;14202.0;13692.0;-510.0;-3.59
BA;29;10909;Firmino Alves;5384.0;4873.0;-511.0;-9.49
RJ;33;00902;Cambuci;15128.0;14616.0;-512.0;-3.38
MG;31;32107;Itacarambi;17720.0;17208.0;-512.0;-2.89
MG;31;29657;Ibiracatu;5594.0;5081.0;-513.0;-9.17
SP;35;14304;Dourado;8609.0;8096.0;-513.0;-5.96
BA;29;24108;Pedrão;6749.0;6235.0;-514.0;-7.62
RN;24;06700;Lajes;10381.0;9866.0;-515.0;-4.96
RS;43;19307;São Paulo das Missões;6364.0;5846.0;-518.0;-8.14
BA;29;08705;Condeúba;17571.0;17053.0;-518.0;-2.95
PE;26;11200;Poção;11019.0;10500.0;-519.0;-4.71
BA;29;03953;Bom Jesus da Serra;10249.0;9730.0;-519.0;-5.06
BA;29;26657;Ribeirão do Largo;10260.0;9740.0;-520.0;-5.07
MT;51;08055;Terra Nova do Norte;11136.0;10616.0;-520.0;-4.67
GO;52;22203;Vila Boa;4735.0;4215.0;-520.0;-10.98
MG;31;60603;Santo Hipólito;3238.0;2717.0;-521.0;-16.09
RS;43;11502;Lavras do Sul;7679.0;7157.0;-522.0;-6.8
SC;42;17907;Tangará;8665.0;8143.0;-522.0;-6.02
PI;22;00251;Alagoinha do Piauí;7341.0;6819.0;-522.0;-7.11
PR;41;00103;Abatiá;7764.0;7241.0;-523.0;-6.74
SC;42;13609;Porto União;33493.0;32970.0;-523.0;-1.56
PB;25;13208;Santa Cruz;6471.0;5947.0;-524.0;-8.1
SC;42;02602;Bom Retiro;8942.0;8418.0;-524.0;-5.86
TO;17;00350;Aliança do Tocantins;5671.0;5147.0;-524.0;-9.24
TO;17;20259;São Salvador do Tocantins;2910.0;2385.0;-525.0;-18.04
MT;51;07206;Rio Branco;5060.0;4535.0;-525.0;-10.38
RN;24;05900;João Dias;2601.0;2076.0;-525.0;-20.18
RS;43;01800;Barracão;5357.0;4831.0;-526.0;-9.82
RS;43;16204;Rondinha;5518.0;4991.0;-527.0;-9.55
MG;31;12406;Capetinga;7089.0;6562.0;-527.0;-7.43
MG;31;58102;Santa Maria do Salto;5284.0;4755.0;-529.0;-10.01
MG;31;48400;Paulistas;4918.0;4389.0;-529.0;-10.76
RS;43;12302;Miraguaí;4957.0;4427.0;-530.0;-10.69
SP;35;17000;Getulina;10765.0;10232.0;-533.0;-4.95
PA;15;01758;Brejo Grande do Araguaia;7317.0;6783.0;-534.0;-7.3
BA;29;31509;Teofilândia;21710.0;21176.0;-534.0;-2.46
PE;26;14402;Solidão;5744.0;5210.0;-534.0;-9.3
RS;43;00208;Ajuricaba;7255.0;6720.0;-535.0;-7.37
RN;24;02907;Coronel João Pessoa;4772.0;4237.0;-535.0;-11.21
PB;25;03605;Caiçara;7139.0;6602.0;-537.0;-7.52
MG;31;33758;Itaú de Minas;14945.0;14406.0;-539.0;-3.61
MA;21;11250;São José dos Basílios;7496.0;6957.0;-539.0;-7.19
MG;31;58300;Santana da Vargem;7231.0;6691.0;-540.0;-7.47
RN;24;07005;Luís Gomes;9610.0;9070.0;-540.0;-5.62
AL;27;00904;Belo Monte;6476.0;5936.0;-540.0;-8.34
PR;41;19004;Pérola d'Oeste;6761.0;6221.0;-540.0;-7.99
BA;29;06600;Candiba;13557.0;13016.0;-541.0;-3.99
GO;52;10604;Itaguaru;5446.0;4904.0;-542.0;-9.95
RS;43;22905;Viadutos;5311.0;4769.0;-542.0;-10.21
BA;29;16203;Itapé;10883.0;10341.0;-542.0;-4.98
MG;31;48509;Pavão;8589.0;8047.0;-542.0;-6.31
SP;35;41604;Promissão;35674.0;35131.0;-543.0;-1.52
TO;17;16307;Pau D'Arco;4588.0;4043.0;-545.0;-11.88
ES;32;02702;Itaguaçu;14134.0;13589.0;-545.0;-3.86
RS;43;08656;Garruchos;3234.0;2688.0;-546.0;-16.88
PB;25;02102;Boa Ventura;5756.0;5207.0;-549.0;-9.54
PR;41;17271;Nova Tebas;7398.0;6848.0;-550.0;-7.43
BA;29;01957;Apuarema;7463.0;6913.0;-550.0;-7.37
PR;41;15739;Mato Rico;3818.0;3267.0;-551.0;-14.43
PR;41;20150;Porto Barreiro;3663.0;3110.0;-553.0;-15.1
BA;29;21807;Mortugaba;11696.0;11143.0;-553.0;-4.73
PB;25;00809;Araçagi;17199.0;16646.0;-553.0;-3.22
RN;24;04606;Ielmo Marinho;12171.0;11615.0;-556.0;-4.57
RS;43;07815;Estrela Velha;3628.0;3070.0;-558.0;-15.38
SP;35;22703;Itápolis;40051.0;39493.0;-558.0;-1.39
MG;31;50000;Pescador;4128.0;3570.0;-558.0;-13.52
PB;25;17001;Umbuzeiro;9682.0;9124.0;-558.0;-5.76
GO;52;18102;Portelândia;3839.0;3280.0;-559.0;-14.56
GO;52;09150;Gouvelândia;4949.0;4390.0;-559.0;-11.3
SE;28;00407;Arauá;10878.0;10318.0;-560.0;-5.15
RS;43;14779;Pontão;3857.0;3296.0;-561.0;-14.54
MG;31;57500;Santa Efigênia de Minas;4600.0;4039.0;-561.0;-12.2
RS;43;07104;Herval;6753.0;6191.0;-562.0;-8.32
PR;41;02901;Bituruna;16096.0;15533.0;-563.0;-3.5
MA;21;06755;Miranda do Norte;24427.0;23864.0;-563.0;-2.3
PR;41;26009;São Sebastião da Amoreira;8626.0;8063.0;-563.0;-6.53
RS;43;03509;Camaquã;62764.0;62200.0;-564.0;-0.9
MG;31;42254;Miravânia;4549.0;3985.0;-564.0;-12.4
SP;35;43501;Riversul;6163.0;5599.0;-564.0;-9.15
SC;42;16800;São José do Cerrito;9273.0;8708.0;-565.0;-6.09
PB;25;02409;Bonito de Santa Fé;10818.0;10252.0;-566.0;-5.23
MG;31;65909;Senador Modestino Gonçalves;4574.0;4008.0;-566.0;-12.37
BA;29;21609;Morpará;8563.0;7996.0;-567.0;-6.62
MG;31;59209;Santa Rita de Caldas;9027.0;8460.0;-567.0;-6.28
MG;31;64506;São Sebastião do Maranhão;10647.0;10079.0;-568.0;-5.33
SE;28;05604;Porto da Folha;27146.0;26576.0;-570.0;-2.1
BA;29;09406;Cotegipe;13636.0;13063.0;-573.0;-4.2
BA;29;33257;Vereda;6576.0;6003.0;-573.0;-8.71
MG;31;43450;Montezuma;7464.0;6888.0;-576.0;-7.72
MG;31;39607;Mantena;27111.0;26535.0;-576.0;-2.12
MG;31;55108;Rio do Prado;5217.0;4639.0;-578.0;-11.08
PE;26;13602;São José do Egito;31582.0;31004.0;-578.0;-1.83
PE;26;03009;Cabrobó;30873.0;30294.0;-579.0;-1.88
RN;24;14506;Umarizal;10659.0;10078.0;-581.0;-5.45
PR;41;08601;Goioerê;29018.0;28437.0;-581.0;-2.0
MG;31;44672;Nova Belém;3732.0;3151.0;-581.0;-15.57
PE;26;07901;Jaboatão dos Guararapes;644620.0;644037.0;-583.0;-0.09
MG;31;36520;José Gonçalves de Minas;4553.0;3969.0;-584.0;-12.83
BA;29;20403;Manoel Vitorino;14445.0;13860.0;-585.0;-4.05
GO;52;18706;Rianápolis;4566.0;3980.0;-586.0;-12.83
MG;31;08800;Braúnas;5030.0;4441.0;-589.0;-11.71
SC;42;15000;Rio Negrinho;39851.0;39261.0;-590.0;-1.48
PA;15;05494;Palestina do Pará;7475.0;6885.0;-590.0;-7.89
BA;29;30303;Serra Dourada;17656.0;17066.0;-590.0;-3.34
MG;31;70438;União de Minas;4418.0;3828.0;-590.0;-13.35
ES;32;01001;Boa Esperança;14199.0;13608.0;-591.0;-4.16
TO;17;01309;Aragominas;5882.0;5290.0;-592.0;-10.06
PB;25;08000;Juru;9826.0;9234.0;-592.0;-6.02
SP;35;56602;Vera Cruz;10769.0;10176.0;-593.0;-5.51
RS;43;05124;Cerrito;6402.0;5808.0;-594.0;-9.28
CE;23;09805;Pacoti;11780.0;11186.0;-594.0;-5.04
MG;31;12000;Candeias;14595.0;14001.0;-594.0;-4.07
RS;43;10504;Iraí;8078.0;7482.0;-596.0;-7.38
CE;23;08708;Morada Nova;62041.0;61443.0;-598.0;-0.96
RN;24;05207;Janduís;5345.0;4746.0;-599.0;-11.21
MT;51;03809;Figueirópolis D'Oeste;3787.0;3187.0;-600.0;-15.84
MG;31;15706;Central de Minas;6772.0;6171.0;-601.0;-8.87
RS;43;08409;Formigueiro;7014.0;6413.0;-601.0;-8.57
PB;25;00205;Aguiar;5604.0;5003.0;-601.0;-10.72
GO;52;00902;Amorinópolis;3608.0;3007.0;-601.0;-16.66
SP;35;54409;Terra Roxa;8505.0;7904.0;-601.0;-7.07
SE;28;04904;Pacatuba;13105.0;12502.0;-603.0;-4.6
MG;31;54507;Riacho dos Machados;9360.0;8756.0;-604.0;-6.45
SP;35;33304;Nova Luzitânia;3441.0;2837.0;-604.0;-17.55
MG;31;24807;Estrela do Sul;7446.0;6840.0;-606.0;-8.14
SP;35;02705;Apiaí;25191.0;24585.0;-606.0;-2.41
PB;25;16003;Solânea;27380.0;26774.0;-606.0;-2.21
SE;28;05901;Riachuelo;9355.0;8748.0;-607.0;-6.49
MG;31;16506;Claro dos Poções;7775.0;7166.0;-609.0;-7.83
GO;52;03401;Bom Jardim de Goiás;8435.0;7826.0;-609.0;-7.22
MG;31;38500;Liberdade;5346.0;4737.0;-609.0;-11.39
RS;43;19208;São Nicolau;5727.0;5118.0;-609.0;-10.63
MT;51;05580;Marcelândia;12006.0;11396.0;-610.0;-5.08
PE;26;01409;Barreiros;40732.0;40121.0;-611.0;-1.5
MG;31;48301;Paula Cândido;9271.0;8659.0;-612.0;-6.6
RS;43;13607;Paim Filho;4243.0;3629.0;-614.0;-14.47
MT;51;03254;Colniza;26381.0;25766.0;-615.0;-2.33
RS;43;10439;Ipê;6018.0;5399.0;-619.0;-10.29
RS;43;15107;Porto Xavier;10558.0;9938.0;-620.0;-5.87
AL;27;05903;Olho d'Água Grande;4950.0;4330.0;-620.0;-12.53
RS;43;23101;Vicente Dutra;5285.0;4665.0;-620.0;-11.73
MG;31;26307;Fortaleza de Minas;4098.0;3477.0;-621.0;-15.15
SE;28;04003;Maruim;16343.0;15719.0;-624.0;-3.82
BA;29;23308;Ouriçangas;8340.0;7716.0;-624.0;-7.48
RS;43;16303;Roque Gonzales;7203.0;6576.0;-627.0;-8.7
MG;31;72103;Volta Grande;5070.0;4443.0;-627.0;-12.37
PR;41;27908;Tuneiras do Oeste;8695.0;8067.0;-628.0;-7.22
BA;29;09000;Cordeiros;8174.0;7546.0;-628.0;-7.68
MG;31;46750;Palmópolis;6931.0;6301.0;-630.0;-9.09
MT;51;06505;Poconé;31848.0;31217.0;-631.0;-1.98
SP;35;16606;Gália;7011.0;6380.0;-631.0;-9.0
RO;11;01559;Teixeirópolis;4888.0;4256.0;-632.0;-12.93
MG;31;40605;Materlândia;4595.0;3963.0;-632.0;-13.75
PE;26;01300;Barra de Guabiraba;12896.0;12263.0;-633.0;-4.91
TO;17;18402;Presidente Kennedy;3681.0;3047.0;-634.0;-17.22
SP;35;09304;Cajobi;9768.0;9133.0;-635.0;-6.5
PR;41;16802;Nova Cantu;7425.0;6790.0;-635.0;-8.55
BA;29;18456;Jucuruçu;10290.0;9655.0;-635.0;-6.17
MG;31;12604;Capinópolis;15290.0;14655.0;-635.0;-4.15
MG;31;13503;Carbonita;9148.0;8512.0;-636.0;-6.95
MG;31;51909;Pocrane;8986.0;8350.0;-636.0;-7.08
BA;29;10602;Esplanada;33191.0;32554.0;-637.0;-1.92
MA;21;05609;Joselândia;15561.0;14924.0;-637.0;-4.09
TO;17;17206;Piraquê;2920.0;2282.0;-638.0;-21.85
BA;29;29701;Sátiro Dias;16646.0;16008.0;-638.0;-3.83
MG;31;20300;Cristália;5760.0;5121.0;-639.0;-11.09
MG;31;10806;Campanário;3564.0;2923.0;-641.0;-17.99
MG;31;55207;Rio Espera;6070.0;5429.0;-641.0;-10.56
PR;41;13734;Luiziana;7332.0;6690.0;-642.0;-8.76
RS;43;00455;Alegria;4294.0;3651.0;-643.0;-14.97
MA;21;05906;Lago Verde;15412.0;14769.0;-643.0;-4.17
PA;15;00131;Abel Figueiredo;6780.0;6136.0;-644.0;-9.5
MG;31;41009;Mato Verde;12684.0;12038.0;-646.0;-5.09
BA;29;24900;Planaltino;8670.0;8022.0;-648.0;-7.47
RS;43;09753;Ibarama;4380.0;3732.0;-648.0;-14.79
MG;31;15508;Caxambu;21705.0;21056.0;-649.0;-2.99
BA;29;04407;Brejolândia;9757.0;9108.0;-649.0;-6.65
AC;12;00385;Plácido de Castro;17209.0;16560.0;-649.0;-3.77
RS;43;01206;Arroio do Tigre;12708.0;12058.0;-650.0;-5.11
ES;32;03809;Muqui;14396.0;13745.0;-651.0;-4.52
RS;43;05009;Catuípe;9325.0;8674.0;-651.0;-6.98
MT;51;05234;Lambari D'Oeste;5441.0;4790.0;-651.0;-11.96
RS;43;05132;Cerro Branco;4454.0;3802.0;-652.0;-14.64
GO;52;05059;Castelândia;3638.0;2985.0;-653.0;-17.95
TO;17;02000;Araguaçu;8786.0;8133.0;-653.0;-7.43
PI;22;02307;Canto do Buriti;20020.0;19365.0;-655.0;-3.27
PR;41;20655;Quarto Centenário;4856.0;4201.0;-655.0;-13.49
SE;28;03302;Japaratuba;16864.0;16209.0;-655.0;-3.88
MG;31;18809;Coração de Jesus;26033.0;25377.0;-656.0;-2.52
GO;52;08905;Goiás;24727.0;24071.0;-656.0;-2.65
PI;22;06704;Nazaré do Piauí;7321.0;6665.0;-656.0;-8.96
PE;26;05806;Frei Miguelinho;14293.0;13636.0;-657.0;-4.6
PA;15;06583;Santa Maria das Barreiras;17206.0;16548.0;-658.0;-3.82
SP;35;28809;Maracaí;13332.0;12673.0;-659.0;-4.94
PR;41;12207;Janiópolis;6532.0;5870.0;-662.0;-10.13
MG;31;34004;Itinga;14407.0;13745.0;-662.0;-4.59
MT;51;06208;Nova Brasilândia;4597.0;3932.0;-665.0;-14.47
TO;17;00301;Aguiarnópolis;5162.0;4497.0;-665.0;-12.88
RS;43;14472;Pinhal Grande;4471.0;3805.0;-666.0;-14.9
RS;43;09159;Gramado Xavier;3970.0;3304.0;-666.0;-16.78
MA;21;00303;Aldeias Altas;23952.0;23286.0;-666.0;-2.78
SP;35;06706;Boa Esperança do Sul;13645.0;12978.0;-667.0;-4.89
MG;31;24302;Espinosa;31113.0;30443.0;-670.0;-2.15
AL;27;08956;Senador Rui Palmeira;12974.0;12303.0;-671.0;-5.17
PB;25;09800;Mulungu;9463.0;8791.0;-672.0;-7.1
BA;29;01155;América Dourada;15810.0;15137.0;-673.0;-4.26
CE;23;13708;Umari;7545.0;6871.0;-674.0;-8.93
PR;41;03602;Cambará;23886.0;23212.0;-674.0;-2.82
MG;31;71030;Verdelândia;8346.0;7672.0;-674.0;-8.08
SP;35;43808;Rinópolis;9935.0;9259.0;-676.0;-6.8
MT;51;02793;Carlinda;11011.0;10332.0;-679.0;-6.17
PE;26;02001;Bodocó;35158.0;34478.0;-680.0;-1.93
SP;35;35200;Palmeira d'Oeste;9584.0;8903.0;-681.0;-7.11
RS;43;00109;Agudo;16722.0;16041.0;-681.0;-4.07
PR;41;00905;Amaporã;5443.0;4762.0;-681.0;-12.51
PI;22;08908;Ribeiro Gonçalves;6845.0;6164.0;-681.0;-9.95
MG;31;70578;Vargem Alegre;6461.0;5780.0;-681.0;-10.54
MA;21;07407;Olho d'Água das Cunhãs;18601.0;17919.0;-682.0;-3.67
GO;52;10802;Itajá;5062.0;4380.0;-682.0;-13.47
SP;35;54201;Tejupá;4809.0;4127.0;-682.0;-14.18
CE;23;06900;Jaguaribe;34409.0;33726.0;-683.0;-1.98
PR;41;11555;Ivaté;7514.0;6831.0;-683.0;-9.09
RO;11;01450;Parecis;4810.0;4125.0;-685.0;-14.24
PI;22;07777;Patos do Piauí;6110.0;5425.0;-685.0;-11.21
MT;51;07297;São José do Povo;3561.0;2875.0;-686.0;-19.26
MG;31;53103;Presidente Bernardes;5537.0;4850.0;-687.0;-12.41
PR;41;27858;Três Barras do Paraná;11824.0;11135.0;-689.0;-5.83
PA;15;04976;Nova Ipixuna;14645.0;13955.0;-690.0;-4.71
MG;31;27503;Gonzaga;5921.0;5230.0;-691.0;-11.67
MG;31;45059;Nova Porteirinha;7398.0;6706.0;-692.0;-9.35
MG;31;67707;Sobrália;5830.0;5137.0;-693.0;-11.89
PR;41;18105;Paranacity;10250.0;9557.0;-693.0;-6.76
MG;31;26901;Frei Inocêncio;8920.0;8226.0;-694.0;-7.78
MG;31;44201;Nacip Raydan;3154.0;2459.0;-695.0;-22.04
PB;25;13604;Santana dos Garrotes;7266.0;6569.0;-697.0;-9.59
MG;31;20839;Cuparaque;4680.0;3983.0;-697.0;-14.89
PE;26;06903;Iguaracy;11779.0;11081.0;-698.0;-5.93
RS;43;09506;Guarani das Missões;8115.0;7415.0;-700.0;-8.63
PB;25;01906;Belém;17101.0;16401.0;-700.0;-4.09
CE;23;01604;Assaré;22398.0;21697.0;-701.0;-3.13
SC;42;15679;Santa Terezinha;8767.0;8066.0;-701.0;-8.0
GO;52;19605;Santa Tereza de Goiás;3995.0;3293.0;-702.0;-17.57
CE;23;06702;Jaguaretama;17934.0;17232.0;-702.0;-3.91
RS;43;05371;Charrua;3471.0;2768.0;-703.0;-20.25
SP;35;21606;Irapuru;7789.0;7085.0;-704.0;-9.04
PR;41;25753;São Pedro do Iguaçu;6491.0;5784.0;-707.0;-10.89
MG;31;08503;Botumirim;6497.0;5790.0;-707.0;-10.88
MG;31;49101;Pedralva;11467.0;10760.0;-707.0;-6.17
MT;51;01605;Barão de Melgaço;7961.0;7253.0;-708.0;-8.89
GO;52;16809;Petrolina de Goiás;10281.0;9573.0;-708.0;-6.89
BA;29;29354;São José da Vitória;6024.0;5315.0;-709.0;-11.77
PA;15;06401;Santa Cruz do Arari;8155.0;7445.0;-710.0;-8.71
MT;51;02850;Castanheira;8219.0;7506.0;-713.0;-8.68
RS;43;22152;Tunas;4395.0;3681.0;-714.0;-16.25
RS;43;06908;Encruzilhada do Sul;24534.0;23819.0;-715.0;-2.91
MG;31;44607;Nepomuceno;25733.0;25018.0;-715.0;-2.78
PR;41;00459;Altamira do Paraná;4306.0;3590.0;-716.0;-16.63
PB;25;14404;São José de Espinharas;4800.0;4083.0;-717.0;-14.94
MG;31;04700;Ataléia;14455.0;13736.0;-719.0;-4.97
TO;17;02158;Araguanã;5030.0;4310.0;-720.0;-14.31
BA;29;18605;Jussiape;8099.0;7379.0;-720.0;-8.89
RS;43;12203;Maximiliano de Almeida;4911.0;4191.0;-720.0;-14.66
RS;43;16709;Santa Bárbara do Sul;8843.0;8122.0;-721.0;-8.15
SP;35;12605;Coronel Macedo;5001.0;4280.0;-721.0;-14.42
MA;21;08454;Peritoró;21201.0;20479.0;-722.0;-3.41
MG;31;14303;Carmo do Paranaíba;29735.0;29011.0;-724.0;-2.43
MG;31;41504;Mendes Pimentel;6331.0;5606.0;-725.0;-11.45
TO;17;12405;Lizarda;3725.0;2999.0;-726.0;-19.49
RS;43;13425;Novo Machado;3925.0;3198.0;-727.0;-18.52
MG;31;33204;Itanhomi;11856.0;11128.0;-728.0;-6.14
BA;29;02203;Aramari;10561.0;9833.0;-728.0;-6.89
MG;31;27305;Galiléia;6951.0;6222.0;-729.0;-10.49
BA;29;15353;Itaguaçu da Bahia;13041.0;12311.0;-730.0;-5.6
PI;22;04006;Francinópolis;5235.0;4505.0;-730.0;-13.94
PR;41;01101;Andirá;20610.0;19878.0;-732.0;-3.55
CE;23;00903;Apuiarés;13661.0;12928.0;-733.0;-5.37
RN;24;14001;Tangará;14016.0;13281.0;-735.0;-5.24
AL;27;02900;Girau do Ponciano;36837.0;36102.0;-735.0;-2.0
MG;31;32008;Itacambira;4988.0;4252.0;-736.0;-14.76
PR;41;27007;Teixeira Soares;10283.0;9547.0;-736.0;-7.16
CE;23;03931;Choró;12853.0;12113.0;-740.0;-5.76
MG;31;47956;Patis;5579.0;4837.0;-742.0;-13.3
AL;27;03700;Jaramataia;5727.0;4985.0;-742.0;-12.96
MT;51;08907;Nova Maringá;6590.0;5846.0;-744.0;-11.29
MG;31;24708;Estrela do Indaiá;3516.0;2772.0;-744.0;-21.16
BA;29;23704;Paratinga;29998.0;29252.0;-746.0;-2.49
PB;25;02706;Borborema;4962.0;4214.0;-748.0;-15.07
MG;31;57104;Salto da Divisa;6859.0;6110.0;-749.0;-10.92
BA;29;19058;Lajedo do Tabocal;8244.0;7494.0;-750.0;-9.1
PR;41;20507;Primeiro de Maio;10832.0;10082.0;-750.0;-6.92
RS;43;20503;Sertão;6294.0;5541.0;-753.0;-11.96
PR;41;21752;Reserva do Iguaçu;7307.0;6553.0;-754.0;-10.32
BA;29;13002;Ibitiara;15392.0;14637.0;-755.0;-4.91
RS;43;13102;Nova Palma;6342.0;5586.0;-756.0;-11.92
MG;31;05509;Barão de Monte Alto;5720.0;4964.0;-756.0;-13.22
PR;41;28559;Vera Cruz do Oeste;8973.0;8215.0;-758.0;-8.45
MG;31;22108;Divino das Laranjeiras;4937.0;4178.0;-759.0;-15.37
RO;11;01484;São Felipe D'Oeste;6018.0;5258.0;-760.0;-12.63
PR;41;13254;Laranjal;6360.0;5600.0;-760.0;-11.95
GO;52;20686;Simolândia;6507.0;5742.0;-765.0;-11.76
BA;29;19900;Macururé;8021.0;7256.0;-765.0;-9.54
MG;31;26752;Franciscópolis;5800.0;5034.0;-766.0;-13.21
MA;21;06359;Marajá do Sena;7794.0;7027.0;-767.0;-9.84
MG;31;23809;Engenheiro Navarro;7122.0;6354.0;-768.0;-10.78
BA;29;06709;Cândido Sales;26015.0;25247.0;-768.0;-2.95
MG;31;39508;Manhumirim;21382.0;20613.0;-769.0;-3.6
MG;31;35076;Jampruca;5067.0;4296.0;-771.0;-15.22
PE;26;01805;Betânia;12003.0;11232.0;-771.0;-6.42
RS;43;05504;Ciríaco;4922.0;4149.0;-773.0;-15.7
MG;31;46255;Padre Carvalho;5834.0;5058.0;-776.0;-13.3
SP;35;49508;São José da Bela Vista;8406.0;7626.0;-780.0;-9.28
SP;35;31506;Monte Azul Paulista;18931.0;18151.0;-780.0;-4.12
MG;31;28501;Guarará;3929.0;3149.0;-780.0;-19.85
RS;43;15552;Rio dos Índios;3616.0;2835.0;-781.0;-21.6
BA;29;00306;Acajutiba;14577.0;13795.0;-782.0;-5.36
MG;31;20151;Crisólita;6047.0;5265.0;-782.0;-12.93
PI;22;04303;Fronteiras;11042.0;10259.0;-783.0;-7.09
AM;13;03569;Rio Preto da Eva;25719.0;24936.0;-783.0;-3.04
CE;23;04004;Coreaú;21738.0;20953.0;-785.0;-3.61
RS;43;19406;São Pedro do Sul;16368.0;15577.0;-791.0;-4.83
SP;35;48500;Santos;419400.0;418608.0;-792.0;-0.19
CE;23;01406;Aratuba;12016.0;11224.0;-792.0;-6.59
MA;21;03125;Central do Maranhão;7887.0;7094.0;-793.0;-10.05
TO;17;07702;Filadélfia;8505.0;7712.0;-793.0;-9.32
BA;29;23407;Palmas de Monte Alto;20872.0;20078.0;-794.0;-3.8
PE;26;04155;Casinhas;13766.0;12967.0;-799.0;-5.8
PR;41;01200;Antonina;18891.0;18091.0;-800.0;-4.23
MA;21;03257;Cidelândia;13681.0;12878.0;-803.0;-5.87
MG;31;62609;São João do Oriente;7874.0;7070.0;-804.0;-10.21
BA;29;31400;Teodoro Sampaio;7914.0;7110.0;-804.0;-10.16
PR;41;05201;Cerro Azul;16938.0;16134.0;-804.0;-4.75
BA;29;15304;Itagimirim;7154.0;6347.0;-807.0;-11.28
RN;24;14753;Venha-Ver;3821.0;3014.0;-807.0;-21.12
SP;35;29807;Mineiros do Tietê;12038.0;11230.0;-808.0;-6.71
BA;29;23209;Oliveira dos Brejinhos;21524.0;20715.0;-809.0;-3.76
PB;25;10105;Nova Floresta;10533.0;9724.0;-809.0;-7.68
MT;51;06265;Novo Mundo;7332.0;6520.0;-812.0;-11.07
SC;42;15208;Romelândia;5637.0;4823.0;-814.0;-14.44
RS;43;11908;Marcelino Ramos;5134.0;4320.0;-814.0;-15.86
BA;29;19603;Macajuba;11268.0;10454.0;-814.0;-7.22
RO;11;00403;Alto Paraíso;17135.0;16320.0;-815.0;-4.76
SP;35;09700;Campos do Jordão;47789.0;46974.0;-815.0;-1.71
BA;29;03102;Barra do Rocha;6591.0;5775.0;-816.0;-12.38
RS;43;14027;Paraíso do Sul;7336.0;6519.0;-817.0;-11.14
BA;29;09505;Cravolândia;5233.0;4415.0;-818.0;-15.63
BA;29;29404;São Miguel das Matas;11155.0;10334.0;-821.0;-7.36
BA;29;25006;Planalto;24156.0;23334.0;-822.0;-3.4
RS;43;15156;Progresso;6163.0;5340.0;-823.0;-13.35
MT;51;06828;Porto Esperidião;11031.0;10204.0;-827.0;-7.5
GO;52;11404;Itauçu;8563.0;7736.0;-827.0;-9.66
RN;24;11403;Santana do Matos;13284.0;12456.0;-828.0;-6.23
MG;31;07802;Bom Jesus do Galho;15364.0;14536.0;-828.0;-5.39
MG;31;55603;Rio Pardo de Minas;29099.0;28271.0;-828.0;-2.85
MG;31;11804;Canápolis;11436.0;10608.0;-828.0;-7.24
PE;26;12901;São Benedito do Sul;13941.0;13113.0;-828.0;-5.94
TO;17;07207;Dois Irmãos do Tocantins;7161.0;6327.0;-834.0;-11.65
RS;43;08805;General Câmara;8447.0;7612.0;-835.0;-9.89
CE;23;07635;Madalena;17731.0;16896.0;-835.0;-4.71
PA;15;07466;São João da Ponta;5265.0;4430.0;-835.0;-15.86
MA;21;05807;Lago do Junco;10343.0;9506.0;-837.0;-8.09
MG;31;46701;Palma;6545.0;5707.0;-838.0;-12.8
RJ;33;01801;Engenheiro Paulo de Frontin;13080.0;12242.0;-838.0;-6.41
BA;29;26905;Rio do Pires;11336.0;10497.0;-839.0;-7.4
MS;50;00807;Anaurilândia;8493.0;7653.0;-840.0;-9.89
BA;29;21054;Matina;11171.0;10330.0;-841.0;-7.53
ES;32;03304;Mantenópolis;13612.0;12770.0;-842.0;-6.19
RS;43;06734;Doutor Maurício Cardoso;5313.0;4470.0;-843.0;-15.87
PE;26;12802;Santa Terezinha;11089.0;10244.0;-845.0;-7.62
BA;29;14208;Irajuba;6946.0;6101.0;-845.0;-12.17
PR;41;09302;Guaraniaçu;14582.0;13735.0;-847.0;-5.81
MA;21;00600;Amarante do Maranhão;37932.0;37085.0;-847.0;-2.23
BA;29;21708;Morro do Chapéu;34441.0;33594.0;-847.0;-2.46
AL;27;06604;Paulo Jacinto;7426.0;6576.0;-850.0;-11.45
PR;41;11001;Itambaracá;6759.0;5908.0;-851.0;-12.59
CE;23;01703;Aurora;24566.0;23714.0;-852.0;-3.47
SP;35;05401;Barra do Turvo;7729.0;6876.0;-853.0;-11.04
RN;24;12906;São Tomé;10827.0;9972.0;-855.0;-7.9
TO;17;10706;Itaguatins;6029.0;5172.0;-857.0;-14.21
PR;41;25001;São João do Ivaí;11525.0;10667.0;-858.0;-7.44
PB;25;03506;Cacimba de Dentro;16923.0;16064.0;-859.0;-5.08
BA;29;04852;Cabaceiras do Paraguaçu;17420.0;16559.0;-861.0;-4.94
MG;31;16803;Coluna;9024.0;8163.0;-861.0;-9.54
TO;17;06100;Cristalândia;7234.0;6371.0;-863.0;-11.93
PA;15;05007;Nova Timboteua;13670.0;12806.0;-864.0;-6.32
BA;29;06857;Capela do Alto Alegre;11609.0;10744.0;-865.0;-7.45
SP;35;37404;Pereira Barreto;24962.0;24095.0;-867.0;-3.47
TO;17;13809;Palmeiras do Tocantins;5740.0;4872.0;-868.0;-15.12
MG;31;41405;Medina;21026.0;20156.0;-870.0;-4.14
PE;26;02209;Bom Jardim;38500.0;37629.0;-871.0;-2.26
PB;25;10402;Olho d'Água;6931.0;6060.0;-871.0;-12.57
BA;29;22607;Nilo Peçanha;12935.0;12063.0;-872.0;-6.74
SP;35;32603;Nhandeara;10725.0;9852.0;-873.0;-8.14
PB;25;02003;Belém do Brejo do Cruz;7143.0;6268.0;-875.0;-12.25
PR;41;03354;Braganey;5735.0;4854.0;-881.0;-15.36
BA;29;11857;Heliópolis;13192.0;12309.0;-883.0;-6.69
BA;29;31202;Taperoá;18928.0;18044.0;-884.0;-4.67
PA;15;06112;Quatipuru;12411.0;11524.0;-887.0;-7.15
CE;23;06504;Itapiúna;18732.0;17841.0;-891.0;-4.76
RS;43;11254;Lagoão;6233.0;5341.0;-892.0;-14.31
PE;26;08404;Jurema;14541.0;13648.0;-893.0;-6.14
RS;43;21303;Taquari;26092.0;25198.0;-894.0;-3.43
BA;29;02658;Banzaê;12854.0;11958.0;-896.0;-6.97
RS;43;11106;Jaguari;11475.0;10579.0;-896.0;-7.81
MA;21;12852;Vila Nova dos Martírios;11258.0;10362.0;-896.0;-7.96
CE;23;01307;Araripe;20679.0;19783.0;-896.0;-4.33
SE;28;00670;Boquim;25533.0;24636.0;-897.0;-3.51
SP;35;05302;Barra Bonita;35246.0;34346.0;-900.0;-2.55
SP;35;50902;São Simão;14346.0;13442.0;-904.0;-6.3
BA;29;32606;Urandi;16260.0;15355.0;-905.0;-5.57
PI;22;03503;Elesbão Veloso;14512.0;13607.0;-905.0;-6.24
PI;22;09708;São Francisco do Piauí;6298.0;5392.0;-906.0;-14.39
RS;43;00505;Alpestre;8027.0;7117.0;-910.0;-11.34
RS;43;17707;Santo Antônio das Missões;11210.0;10300.0;-910.0;-8.12
MA;21;11052;São João do Paraíso;10814.0;9904.0;-910.0;-8.42
PR;41;02406;Bandeirantes;32184.0;31273.0;-911.0;-2.83
RS;43;01305;Arroio Grande;18470.0;17558.0;-912.0;-4.94
MG;31;37304;Lagoa dos Patos;4225.0;3313.0;-912.0;-21.59
BA;29;21401;Mirangaba;16649.0;15734.0;-915.0;-5.5
BA;29;01908;Aporá;16838.0;15922.0;-916.0;-5.44
MG;31;19500;Coronel Murta;9117.0;8200.0;-917.0;-10.06
SP;35;53609;Tapiratiba;12737.0;11816.0;-921.0;-7.23
PR;41;17008;Nova Fátima;8147.0;7225.0;-922.0;-11.32
RS;43;00307;Alecrim;7045.0;6123.0;-922.0;-13.09
BA;29;14307;Iramaia;11675.0;10752.0;-923.0;-7.91
SP;35;51900;Severínia;15501.0;14576.0;-925.0;-5.97
MG;31;39300;Manga;19813.0;18886.0;-927.0;-4.68
SP;35;17604;Guapiara;17998.0;17071.0;-927.0;-5.15
MG;31;69208;Tombos;9537.0;8609.0;-928.0;-9.73
MG;31;29004;Guiricema;8707.0;7778.0;-929.0;-10.67
RN;24;09704;Pedro Avelino;7171.0;6242.0;-929.0;-12.95
BA;29;16104;Itaparica;20725.0;19789.0;-936.0;-4.52
GO;52;07253;Doverlândia;7892.0;6956.0;-936.0;-11.86
MG;31;36579;Josenópolis;4566.0;3630.0;-936.0;-20.5
PR;41;08650;Goioxim;7503.0;6566.0;-937.0;-12.49
PA;15;02707;Conceição do Araguaia;45557.0;44617.0;-940.0;-2.06
SP;35;16804;Gastão Vidigal;4193.0;3252.0;-941.0;-22.44
MG;31;29103;Gurinhatã;6137.0;5192.0;-945.0;-15.4
SP;35;03703;Ariranha;8547.0;7602.0;-945.0;-11.06
PB;25;14552;São José de Princesa;4364.0;3416.0;-948.0;-21.72
SP;35;05104;Barbosa;6593.0;5640.0;-953.0;-14.45
AL;27;04609;Maravilha;10490.0;9534.0;-956.0;-9.11
RN;24;09308;Patu;11964.0;11007.0;-957.0;-8.0
AL;27;06505;Passo de Camaragibe;14763.0;13804.0;-959.0;-6.5
PB;25;06707;Imaculada;11352.0;10392.0;-960.0;-8.46
MA;21;00402;Altamira do Maranhão;7407.0;6447.0;-960.0;-12.96
RO;11;00031;Cabixi;6313.0;5351.0;-962.0;-15.24
BA;29;20205;Malhada;16361.0;15398.0;-963.0;-5.89
RS;43;10702;Itatiba do Sul;4171.0;3208.0;-963.0;-23.09
MG;31;28402;Guarani;8678.0;7714.0;-964.0;-11.11
MG;31;16308;Cipotânea;6547.0;5581.0;-966.0;-14.75
MG;31;05608;Barbacena;126284.0;125317.0;-967.0;-0.77
TO;17;22107;Xambioá;11484.0;10517.0;-967.0;-8.42
MG;31;65552;Setubinha;10885.0;9917.0;-968.0;-8.89
MG;31;37106;Lagamar;7600.0;6631.0;-969.0;-12.75
BA;29;24504;Pindaí;15700.0;14731.0;-969.0;-6.17
SP;35;53302;Tambaú;22406.0;21435.0;-971.0;-4.33
RS;43;15503;Restinga Sêca;15911.0;14939.0;-972.0;-6.11
PE;26;01508;Belém de Maria;11353.0;10378.0;-975.0;-8.59
PE;26;14105;Sertânia;33787.0;32811.0;-976.0;-2.89
MT;51;05176;Juruena;11190.0;10213.0;-977.0;-8.73
MG;31;58508;Santana de Pirapama;8009.0;7030.0;-979.0;-12.22
AL;27;01100;Branquinha;10583.0;9603.0;-980.0;-9.26
CE;23;05266;Ibaretama;12939.0;11956.0;-983.0;-7.6
PR;41;08700;Grandes Rios;6625.0;5641.0;-984.0;-14.85
MG;31;30655;Indaiabira;7330.0;6346.0;-984.0;-13.42
BA;29;01106;Amélia Rodrigues;25125.0;24138.0;-987.0;-3.93
PB;25;11806;Pirpirituba;10327.0;9340.0;-987.0;-9.56
BA;29;11907;Iaçu;25595.0;24607.0;-988.0;-3.86
MG;31;29509;Ibiá;23218.0;22229.0;-989.0;-4.26
ES;32;01605;Conceição da Barra;28449.0;27458.0;-991.0;-3.48
RO;11;00940;Cujubim;15854.0;14863.0;-991.0;-6.25
SP;35;17802;Guaraçaí;8435.0;7441.0;-994.0;-11.78
RS;43;02501;Bossoroca;6884.0;5890.0;-994.0;-14.44
RS;43;11601;Liberato Salzano;5780.0;4781.0;-999.0;-17.28
GO;52;19407;Santa Rita do Araguaia;6924.0;5924.0;-1000.0;-14.44
MG;31;56007;Rio Vermelho;13645.0;12641.0;-1004.0;-7.36
PI;22;06050;Massapê do Piauí;6222.0;5218.0;-1004.0;-16.14
MG;31;39003;Machado;38688.0;37684.0;-1004.0;-2.6
SP;35;16705;Garça;43115.0;42110.0;-1005.0;-2.33
PA;15;01600;Bonito;13630.0;12622.0;-1008.0;-7.4
SP;35;29708;Miguelópolis;20451.0;19441.0;-1010.0;-4.94
PR;41;09658;Honório Serpa;5955.0;4941.0;-1014.0;-17.03
BA;29;25709;Presidente Jânio Quadros;13635.0;12621.0;-1014.0;-7.44
GO;52;04953;Campos Verdes;5020.0;4005.0;-1015.0;-20.22
PA;15;05700;Ponta de Pedras;25999.0;24984.0;-1015.0;-3.9
MG;31;35456;Jenipapo de Minas;7116.0;6100.0;-1016.0;-14.28
BA;29;20908;Mascote;14562.0;13544.0;-1018.0;-6.99
TO;17;13601;Monte do Carmo;6716.0;5694.0;-1022.0;-15.22
MG;31;41702;Mesquita;6069.0;5040.0;-1029.0;-16.96
GO;52;13509;Monte Alegre de Goiás;7730.0;6692.0;-1038.0;-13.43
BA;29;32101;Ubaíra;19664.0;18626.0;-1038.0;-5.28
BA;29;03300;Barro Preto;6873.0;5833.0;-1040.0;-15.13
TO;17;20903;Taguatinga;15051.0;14011.0;-1040.0;-6.91
CE;23;05209;Hidrolândia;18896.0;17855.0;-1041.0;-5.51
RS;43;20263;Segredo;7050.0;6009.0;-1041.0;-14.77
RS;43;00638;Amaral Ferrador;6353.0;5310.0;-1043.0;-16.42
PR;41;21000;Querência do Norte;11729.0;10685.0;-1044.0;-8.9
BA;29;17904;Jandaíra;10331.0;9285.0;-1046.0;-10.12
RO;11;00080;Costa Marques;13678.0;12627.0;-1051.0;-7.68
RS;43;15008;Porto Lucena;5413.0;4360.0;-1053.0;-19.45
MG;31;36009;Joaíma;14941.0;13888.0;-1053.0;-7.05
SP;35;50100;São Manuel;38342.0;37289.0;-1053.0;-2.75
AL;27;04401;Major Isidoro;18753.0;17700.0;-1053.0;-5.62
MA;21;05450;Jatobá;8526.0;7471.0;-1055.0;-12.37
MG;31;13305;Carangola;32296.0;31240.0;-1056.0;-3.27
BA;29;15809;Itambé;25450.0;24394.0;-1056.0;-4.15
SP;35;12308;Conchas;16288.0;15232.0;-1056.0;-6.48
PB;25;14305;São José de Caiana;6094.0;5034.0;-1060.0;-17.39
RS;43;09001;Giruá;17075.0;16013.0;-1062.0;-6.22
BA;29;06402;Candeal;8837.0;7772.0;-1065.0;-12.05
PR;41;28401;Uraí;11472.0;10406.0;-1066.0;-9.29
MG;31;61106;São Francisco;53828.0;52762.0;-1066.0;-1.98
MS;50;04304;Iguatemi;14875.0;13808.0;-1067.0;-7.17
TO;17;16604;Peixe;10384.0;9317.0;-1067.0;-10.28
SP;35;46306;Santa Cruz das Palmeiras;29932.0;28864.0;-1068.0;-3.57
CE;23;13252;Tarrafas;8597.0;7529.0;-1068.0;-12.42
MA;21;02556;Campestre do Maranhão;13369.0;12301.0;-1068.0;-7.99
MG;31;40852;Matias Cardoso;9964.0;8895.0;-1069.0;-10.73
PE;26;09709;Orobó;22878.0;21808.0;-1070.0;-4.68
SE;28;05802;Riachão do Dantas;19386.0;18313.0;-1073.0;-5.53
SC;42;05506;Fraiburgo;34556.0;33481.0;-1075.0;-3.11
RS;43;07302;Erval Seco;7863.0;6787.0;-1076.0;-13.68
CE;23;05902;Ipueiras;37876.0;36798.0;-1078.0;-2.85
BA;29;30006;Sebastião Laranjeiras;10444.0;9360.0;-1084.0;-10.38
MG;31;61601;São Geraldo da Piedade;4389.0;3305.0;-1084.0;-24.7
MS;50;05806;Nioaque;14304.0;13220.0;-1084.0;-7.58
CE;23;12700;Senador Pompeu;25350.0;24266.0;-1084.0;-4.28
MS;50;06408;Pedro Gomes;8026.0;6941.0;-1085.0;-13.52
BA;29;00900;Almadina;6304.0;5218.0;-1086.0;-17.23
TO;17;00400;Almas;7586.0;6499.0;-1087.0;-14.33
AL;27;02504;Dois Riachos;10894.0;9805.0;-1089.0;-10.0
MA;21;01905;Bequimão;20674.0;19584.0;-1090.0;-5.27
RS;43;05173;Cerro Grande do Sul;10268.0;9178.0;-1090.0;-10.62
MG;31;34707;Jacinto;12134.0;11042.0;-1092.0;-9.0
MA;21;10237;Santana do Maranhão;11661.0;10567.0;-1094.0;-9.38
MA;21;03703;Cururupu;32652.0;31558.0;-1094.0;-3.35
CE;23;00705;Alto Santo;15250.0;14155.0;-1095.0;-7.18
MG;31;36108;Joanésia;5425.0;4329.0;-1096.0;-20.2
SP;35;46900;Santa Lúcia;8248.0;7149.0;-1099.0;-13.32
MA;21;09601;Rosário;39576.0;38475.0;-1101.0;-2.78
AL;27;01506;Campo Grande;9244.0;8143.0;-1101.0;-11.91
MG;31;71907;Virgolândia;5658.0;4552.0;-1106.0;-19.55
RS;43;18408;São Jerônimo;22134.0;21028.0;-1106.0;-5.0
PB;25;01104;Areia;23742.0;22633.0;-1109.0;-4.67
SP;35;24600;Jacupiranga;17208.0;16097.0;-1111.0;-6.46
RS;43;13706;Palmeira das Missões;34328.0;33216.0;-1112.0;-3.24
MA;21;00436;Alto Alegre do Maranhão;25164.0;24048.0;-1116.0;-4.43
BA;29;13457;Igrapiúna;14270.0;13151.0;-1119.0;-7.84
MG;31;18908;Cordisburgo;8667.0;7547.0;-1120.0;-12.92
RS;43;18804;São Lourenço do Sul;43111.0;41989.0;-1122.0;-2.6
MG;31;27800;Grão Mogol;15024.0;13901.0;-1123.0;-7.47
SP;35;24105;Ituverava;38695.0;37571.0;-1124.0;-2.9
RS;43;01750;Barão do Triunfo;7018.0;5889.0;-1129.0;-16.09
BA;29;23803;Paripiranga;27740.0;26604.0;-1136.0;-4.1
AP;16;00808;Vitória do Jari;12428.0;11291.0;-1137.0;-9.15
BA;29;15700;Itamari;8190.0;7051.0;-1139.0;-13.91
BA;29;28109;Santa Maria da Vitória;39743.0;38604.0;-1139.0;-2.87
RO;11;00056;Cerejeiras;17029.0;15890.0;-1139.0;-6.69
MG;31;09204;Buenópolis;10292.0;9150.0;-1142.0;-11.1
SP;35;30201;Mirante do Paranapanema;17059.0;15917.0;-1142.0;-6.69
MG;31;54457;Riachinho;8007.0;6863.0;-1144.0;-14.29
PR;41;26306;Sengés;18414.0;17270.0;-1144.0;-6.21
RJ;33;05307;São Sebastião do Alto;8895.0;7750.0;-1145.0;-12.87
SP;35;42909;Ribeirão Bonito;12135.0;10989.0;-1146.0;-9.44
BA;29;22409;Mutuípe;21184.0;20037.0;-1147.0;-5.41
RS;43;11155;Jóia;8331.0;7184.0;-1147.0;-13.77
MG;31;23205;Dores do Indaiá;13778.0;12630.0;-1148.0;-8.33
MT;51;07107;São José dos Quatro Marcos;18998.0;17849.0;-1149.0;-6.05
RN;24;09902;Pendências;13432.0;12278.0;-1154.0;-8.59
SP;35;35507;Paraguaçu Paulista;42278.0;41120.0;-1158.0;-2.74
CE;23;13203;Tamboril;25974.0;24815.0;-1159.0;-4.46
RS;43;14068;Passa Sete;5143.0;3983.0;-1160.0;-22.55
MT;51;06232;Nova Olímpia;17515.0;16352.0;-1163.0;-6.64
GO;52;07808;Firminópolis;11582.0;10419.0;-1163.0;-10.04
BA;29;26806;Rio do Antônio;14312.0;13146.0;-1166.0;-8.15
RS;43;08300;Fontoura Xavier;10719.0;9550.0;-1169.0;-10.91
BA;29;02252;Arataca;11361.0;10191.0;-1170.0;-10.3
BA;29;24603;Pindobaçu;20257.0;19083.0;-1174.0;-5.8
RS;43;02808;Caçapava do Sul;33690.0;32515.0;-1175.0;-3.49
RS;43;22533;Vale do Sol;11077.0;9897.0;-1180.0;-10.65
SP;35;31902;Morro Agudo;29116.0;27933.0;-1183.0;-4.06
BA;29;20809;Marcionílio Souza;10451.0;9267.0;-1184.0;-11.33
SP;35;36604;Paulo de Faria;8589.0;7400.0;-1189.0;-13.84
MG;31;64001;São Pedro dos Ferros;8356.0;7166.0;-1190.0;-14.24
MT;51;04104;Guarantã do Norte;32216.0;31024.0;-1192.0;-3.7
TO;17;02307;Arapoema;6742.0;5550.0;-1192.0;-17.68
PE;26;06507;Iati;18360.0;17165.0;-1195.0;-6.51
BA;29;29503;São Sebastião do Passé;42153.0;40958.0;-1195.0;-2.83
RS;43;06007;Crissiumal;14084.0;12886.0;-1198.0;-8.51
BA;29;31301;Tapiramutá;17016.0;15818.0;-1198.0;-7.04
SP;35;08702;Caconde;18301.0;17101.0;-1200.0;-6.56
AL;27;03106;Igaci;25197.0;23995.0;-1202.0;-4.77
MG;31;30309;Iguatama;8029.0;6826.0;-1203.0;-14.98
PE;26;02100;Bom Conselho;45503.0;44294.0;-1209.0;-2.66
MA;21;10856;São Francisco do Brejão;10261.0;9051.0;-1210.0;-11.79
ES;32;00201;Alegre;30392.0;29177.0;-1215.0;-4.0
GO;52;13004;Maurilândia;11521.0;10304.0;-1217.0;-10.56
RS;43;17004;Santana da Boa Vista;8242.0;7024.0;-1218.0;-14.78
ES;32;02108;Ecoporanga;23212.0;21992.0;-1220.0;-5.26
RN;24;08300;Nova Cruz;35490.0;34269.0;-1221.0;-3.44
RN;24;01107;Areia Branca;25315.0;24093.0;-1222.0;-4.83
MG;31;11507;Campos Altos;14206.0;12979.0;-1227.0;-8.64
MG;31;29707;Ibiraci;12176.0;10948.0;-1228.0;-10.09
AL;27;01902;Chã Preta;7138.0;5910.0;-1228.0;-17.2
AL;27;07206;Poço das Trincheiras;13748.0;12518.0;-1230.0;-8.95
PA;15;08159;Uruará;44789.0;43558.0;-1231.0;-2.75
RN;24;12302;São José do Campestre;12356.0;11121.0;-1235.0;-10.0
PE;26;03801;Capoeiras;19581.0;18338.0;-1243.0;-6.35
MG;31;25903;Ferros;10837.0;9590.0;-1247.0;-11.51
RN;24;02204;Canguaretama;30916.0;29668.0;-1248.0;-4.04
BA;29;17003;Itiúba;35121.0;33872.0;-1249.0;-3.56
RJ;33;02858;Mesquita;168376.0;167127.0;-1249.0;-0.74
SP;35;17703;Guará;19858.0;18606.0;-1252.0;-6.3
PB;25;01609;Barra de Santa Rosa;14157.0;12904.0;-1253.0;-8.85
PE;26;07950;Jaqueira;11501.0;10247.0;-1254.0;-10.9
MA;21;01301;Bacuri;17548.0;16290.0;-1258.0;-7.17
MG;31;39201;Malacacheta;18776.0;17516.0;-1260.0;-6.71
PE;26;04908;Cumaru;17183.0;15920.0;-1263.0;-7.35
RO;11;00072;Corumbiara;8783.0;7519.0;-1264.0;-14.39
RS;43;04200;Candelária;30171.0;28906.0;-1265.0;-4.19
PE;26;12554;Santa Filomena;13371.0;12106.0;-1265.0;-9.46
MG;31;02100;Alto Rio Doce;12159.0;10891.0;-1268.0;-10.43
CE;23;13757;Umirim;18741.0;17470.0;-1271.0;-6.78
PR;41;10201;Inácio Martins;10943.0;9670.0;-1273.0;-11.63
SE;28;07501;Tomar do Geru;13287.0;12012.0;-1275.0;-9.6
MG;31;42106;Miradouro;10251.0;8968.0;-1283.0;-12.52
SP;35;35101;Palmares Paulista;10934.0;9650.0;-1284.0;-11.74
RO;11;01435;Nova União;7493.0;6200.0;-1293.0;-17.26
MG;31;27073;Fruta de Leite;5940.0;4647.0;-1293.0;-21.77
AL;27;06802;Piaçabuçu;17203.0;15908.0;-1295.0;-7.53
PB;25;06905;Itabaiana;24481.0;23182.0;-1299.0;-5.31
BA;29;25907;Quijingue;26575.0;25272.0;-1303.0;-4.9
CE;23;03303;Cariús;18320.0;17015.0;-1305.0;-7.12
BA;29;16302;Itapebi;10482.0;9174.0;-1308.0;-12.48
PA;15;01907;Bujaru;25695.0;24383.0;-1312.0;-5.11
MG;31;11101;Campina Verde;19324.0;18011.0;-1313.0;-6.79
SP;35;43709;Rincão;10414.0;9098.0;-1316.0;-12.64
PA;15;05064;Novo Repartimento;62050.0;60732.0;-1318.0;-2.12
RS;43;02709;Butiá;20406.0;19084.0;-1322.0;-6.48
RS;43;11007;Jaguarão;27931.0;26603.0;-1328.0;-4.75
RS;43;06502;Dom Feliciano;14380.0;13051.0;-1329.0;-9.24
PB;25;09909;Natuba;10277.0;8945.0;-1332.0;-12.96
PA;15;07458;São Geraldo do Araguaia;25587.0;24255.0;-1332.0;-5.21
RS;43;21477;Tiradentes do Sul;6461.0;5129.0;-1332.0;-20.62
MG;31;00500;Açucena;10276.0;8943.0;-1333.0;-12.97
SP;35;26209;Juquitiba;28737.0;27404.0;-1333.0;-4.64
MG;31;32305;Itaipé;11798.0;10463.0;-1335.0;-11.32
PA;15;02756;Concórdia do Pará;28216.0;26881.0;-1335.0;-4.73
RO;11;00379;Alto Alegre dos Parecis;12816.0;11479.0;-1337.0;-10.43
BA;29;15403;Itaju do Colônia;7376.0;6037.0;-1339.0;-18.15
RN;24;03103;Currais Novos;42652.0;41313.0;-1339.0;-3.14
BA;29;20106;Mairi;19015.0;17674.0;-1341.0;-7.05
PE;26;10103;Palmeirina;8373.0;7031.0;-1342.0;-16.03
CE;23;02701;Campos Sales;26478.0;25135.0;-1343.0;-5.07
RS;43;21204;Taquara;54590.0;53242.0;-1348.0;-2.47
RS;43;11205;Júlio de Castilhos;19579.0;18226.0;-1353.0;-6.91
PB;25;15906;Serraria;6238.0;4885.0;-1353.0;-21.69
BA;29;22854;Nova Redenção;8898.0;7538.0;-1360.0;-15.28
BA;29;16807;Itarantim;18412.0;17052.0;-1360.0;-7.39
MA;21;11706;São Vicente Ferrer;20863.0;19498.0;-1365.0;-6.54
PR;41;23907;Santa Mariana;12435.0;11066.0;-1369.0;-11.01
MA;21;02150;Brejo de Areia;10590.0;9218.0;-1372.0;-12.96
PR;41;06456;Coronel Domingos Soares;7022.0;5649.0;-1373.0;-19.55
TO;17;07009;Dianópolis;19112.0;17739.0;-1373.0;-7.18
MA;21;11003;São João Batista;19920.0;18544.0;-1376.0;-6.91
CE;23;10407;Paramoti;11763.0;10384.0;-1379.0;-11.72
PR;41;23857;Santa Maria do Oeste;11316.0;9934.0;-1382.0;-12.21
BA;29;13705;Inhambupe;35176.0;33790.0;-1386.0;-3.94
CE;23;04301;Farias Brito;19617.0;18217.0;-1400.0;-7.14
PE;26;09402;Moreno;56696.0;55292.0;-1404.0;-2.48
PR;41;04402;Cândido de Abreu;16655.0;15244.0;-1411.0;-8.47
MG;31;54903;Rio Casca;14201.0;12789.0;-1412.0;-9.94
TO;17;18758;Rio Sono;6254.0;4841.0;-1413.0;-22.59
MA;21;11672;São Roberto;5957.0;4544.0;-1413.0;-23.72
RO;11;00114;Jaru;52005.0;50591.0;-1414.0;-2.72
MG;31;18403;Conselheiro Pena;22242.0;20824.0;-1418.0;-6.38
AL;27;03007;Ibateguara;15149.0;13731.0;-1418.0;-9.36
AL;27;09400;Viçosa;25514.0;24092.0;-1422.0;-5.57
RS;43;02451;Boqueirão do Leão;7673.0;6247.0;-1426.0;-18.58
ES;32;03403;Mimoso do Sul;25902.0;24475.0;-1427.0;-5.51
MG;31;62401;São João da Ponte;25358.0;23930.0;-1428.0;-5.63
PR;41;16109;Moreira Sales;12606.0;11175.0;-1431.0;-11.35
MT;51;03056;Cláudia;11028.0;9593.0;-1435.0;-13.01
MG;31;26703;Francisco Sá;24912.0;23476.0;-1436.0;-5.76
SE;28;05109;Pedrinhas;8833.0;7396.0;-1437.0;-16.27
CE;23;11207;Potengi;10273.0;8833.0;-1440.0;-14.02
AL;27;05507;Murici;26627.0;25187.0;-1440.0;-5.41
MG;31;60306;Santo Antônio do Jacinto;11775.0;10327.0;-1448.0;-12.3
PR;41;07504;Engenheiro Beltrão;13906.0;12454.0;-1452.0;-10.44
MG;31;13701;Carlos Chagas;20069.0;18615.0;-1454.0;-7.25
SP;35;01707;Américo Brasiliense;34478.0;33019.0;-1459.0;-4.23
SP;35;34302;Orlândia;39781.0;38319.0;-1462.0;-3.68
MG;31;56809;Sabinópolis;15704.0;14240.0;-1464.0;-9.32
PA;15;03705;Itupiranga;51220.0;49754.0;-1466.0;-2.86
RO;11;00296;Santa Luzia D'Oeste;8886.0;7419.0;-1467.0;-16.51
MG;31;66709;Serra dos Aimorés;8412.0;6944.0;-1468.0;-17.45
PE;26;12307;Saloá;15309.0;13836.0;-1473.0;-9.62
PR;41;25803;São Pedro do Ivaí;10167.0;8690.0;-1477.0;-14.53
BA;29;27200;Ruy Barbosa;29768.0;28282.0;-1486.0;-4.99
BA;29;10008;Dário Meira;12309.0;10820.0;-1489.0;-12.1
RS;43;20677;Sinimbu;10068.0;8578.0;-1490.0;-14.8
GO;52;16304;Paranaiguara;9100.0;7607.0;-1493.0;-16.41
PB;25;01005;Araruna;18683.0;17189.0;-1494.0;-8.0
MT;51;08600;Vila Rica;21382.0;19888.0;-1494.0;-6.99
MG;31;11606;Campos Gerais;27600.0;26105.0;-1495.0;-5.42
MT;51;03452;Denise;8513.0;7014.0;-1499.0;-17.61
BA;29;00405;Água Fria;15997.0;14497.0;-1500.0;-9.38
MA;21;12100;Timbiras;27997.0;26484.0;-1513.0;-5.4
MG;31;46305;Padre Paraíso;18849.0;17334.0;-1515.0;-8.04
CE;23;08302;Milagres;27418.0;25900.0;-1518.0;-5.54
MG;31;35605;Jequitaí;8005.0;6484.0;-1521.0;-19.0
CE;23;12601;São Luís do Curu;12347.0;10822.0;-1525.0;-12.35
AL;27;08501;São Luís do Quitunde;32412.0;30873.0;-1539.0;-4.75
BA;29;00108;Abaíra;8841.0;7301.0;-1540.0;-17.42
CE;23;05605;Independência;25573.0;24024.0;-1549.0;-6.06
MG;31;29608;Ibiaí;7839.0;6286.0;-1553.0;-19.81
PR;41;26678;Tamarana;12262.0;10707.0;-1555.0;-12.68
RN;24;10108;Poço Branco;13949.0;12390.0;-1559.0;-11.18
RN;24;02006;Caicó;62709.0;61146.0;-1563.0;-2.49
BA;29;11659;Guajeru;9614.0;8050.0;-1564.0;-16.27
RS;43;14506;Pinheiro Machado;12780.0;11214.0;-1566.0;-12.25
SP;35;14809;Eldorado;14641.0;13069.0;-1572.0;-10.74
MS;50;02100;Bela Vista;23192.0;21613.0;-1579.0;-6.81
RN;24;07203;Macau;28954.0;27369.0;-1585.0;-5.47
RO;11;00601;Cacaulândia;5736.0;4150.0;-1586.0;-27.65
PE;26;08701;Lagoa dos Gatos;15665.0;14076.0;-1589.0;-10.14
SP;35;35309;Palmital;21186.0;19594.0;-1592.0;-7.51
RO;11;01757;Vale do Anari;9384.0;7788.0;-1596.0;-17.01
MG;31;30903;Inhapim;24294.0;22692.0;-1602.0;-6.59
RS;43;05900;Coronel Bicaco;7748.0;6144.0;-1604.0;-20.7
MG;31;58201;Santa Maria do Suaçuí;14395.0;12788.0;-1607.0;-11.16
GO;52;19803;São Domingos;11325.0;9711.0;-1614.0;-14.25
SP;35;38501;Piquete;14107.0;12490.0;-1617.0;-11.46
BA;29;12301;Ibicuí;15552.0;13934.0;-1618.0;-10.4
PA;15;08050;Trairão;16875.0;15242.0;-1633.0;-9.68
SP;35;39509;Pitangueiras;35307.0;33674.0;-1633.0;-4.63
RS;43;18101;São Francisco de Assis;19254.0;17618.0;-1636.0;-8.5
AL;27;07305;Porto Calvo;25708.0;24071.0;-1637.0;-6.37
MG;31;17009;Comercinho;8298.0;6660.0;-1638.0;-19.74
CE;23;06306;Itapajé;48070.0;46426.0;-1644.0;-3.42
AL;27;03502;Jacuípe;6997.0;5352.0;-1645.0;-23.51
SP;35;47502;Santa Rita do Passa Quatro;26478.0;24833.0;-1645.0;-6.21
BA;29;03706;Boa Nova;15341.0;13690.0;-1651.0;-10.76
AL;27;05606;Novo Lino;11673.0;10020.0;-1653.0;-14.16
PE;26;08503;Lagoa de Itaenga;20659.0;19003.0;-1656.0;-8.02
BA;29;23902;Pau Brasil;11028.0;9370.0;-1658.0;-15.03
SP;35;50803;São Sebastião da Grama;12099.0;10441.0;-1658.0;-13.7
AL;27;02306;Coruripe;52072.0;50414.0;-1658.0;-3.18
BA;29;00355;Adustina;15861.0;14201.0;-1660.0;-10.47
SP;35;15350;Euclides da Cunha Paulista;9585.0;7924.0;-1661.0;-17.33
PE;26;00807;Altinho;22337.0;20674.0;-1663.0;-7.45
MG;31;42908;Monte Azul;21994.0;20328.0;-1666.0;-7.57
MA;21;05401;Itapecuru Mirim;62110.0;60440.0;-1670.0;-2.69
PE;26;00708;Aliança;37415.0;35741.0;-1674.0;-4.47
BA;29;22904;Nova Soure;25911.0;24236.0;-1675.0;-6.46
RS;43;16451;Salto do Jacuí;11880.0;10203.0;-1677.0;-14.12
BA;29;10503;Entre Rios;39776.0;38098.0;-1678.0;-4.22
MA;21;09239;Presidente Médici;6374.0;4696.0;-1678.0;-26.33
MA;21;05708;Lago da Pedra;46083.0;44403.0;-1680.0;-3.65
BA;29;03409;Belmonte;21804.0;20121.0;-1683.0;-7.72
AL;27;03205;Igreja Nova;23074.0;21372.0;-1702.0;-7.38
CE;23;09508;Orós;21389.0;19675.0;-1714.0;-8.01
MG;31;03405;Araçuaí;36013.0;34297.0;-1716.0;-4.76
PR;41;06407;Cornélio Procópio;46928.0;45206.0;-1722.0;-3.67
MA;21;08207;Pedreiras;38777.0;37050.0;-1727.0;-4.45
BA;29;15007;Itaeté;15200.0;13472.0;-1728.0;-11.37
SP;35;53708;Taquaritinga;53988.0;52260.0;-1728.0;-3.2
ES;32;03130;João Neiva;15809.0;14079.0;-1730.0;-10.94
RO;11;01807;Vale do Paraíso;8210.0;6479.0;-1731.0;-21.08
GO;52;01306;Anicuns;20242.0;18503.0;-1739.0;-8.59
SP;35;20103;Igarapava;27952.0;26212.0;-1740.0;-6.22
MT;51;01704;Barra do Bugres;31146.0;29403.0;-1743.0;-5.6
CE;23;10506;Pedra Branca;41933.0;40187.0;-1746.0;-4.16
CE;23;10100;Palmácia;11994.0;10242.0;-1752.0;-14.61
BA;29;03805;Boa Vista do Tupim;18630.0;16873.0;-1757.0;-9.43
BA;29;31806;Tremedal;18055.0;16296.0;-1759.0;-9.74
MG;31;32701;Itambacuri;22809.0;21042.0;-1767.0;-7.75
BA;29;04308;Brejões;14711.0;12943.0;-1768.0;-12.02
BA;29;32804;Utinga;18049.0;16277.0;-1772.0;-9.82
PR;41;00509;Altônia;20516.0;18742.0;-1774.0;-8.65
BA;29;13804;Ipecaetá;15487.0;13709.0;-1778.0;-11.48
AL;27;01605;Canapi;17338.0;15559.0;-1779.0;-10.26
BA;29;16906;Itiruçu;12785.0;10999.0;-1786.0;-13.97
MA;21;04909;Guimarães;12081.0;10290.0;-1791.0;-14.82
MG;31;42700;Montalvânia;15862.0;14060.0;-1802.0;-11.36
SP;35;41307;Presidente Epitácio;41318.0;39505.0;-1813.0;-4.39
MG;31;71600;Virgem da Lapa;13619.0;11804.0;-1815.0;-13.33
PE;26;05608;Flores;22169.0;20347.0;-1822.0;-8.22
MA;21;11409;São Luís Gonzaga do Maranhão;19645.0;17818.0;-1827.0;-9.3
MA;21;07704;Paraibano;20103.0;18274.0;-1829.0;-9.1
PR;41;17800;Palmital;14865.0;13033.0;-1832.0;-12.32
SE;28;05703;Propriá;28451.0;26618.0;-1833.0;-6.44
RS;43;02006;Barros Cassal;11133.0;9296.0;-1837.0;-16.5
GO;52;09903;Iaciara;12427.0;10584.0;-1843.0;-14.83
MG;31;33303;Itaobim;21001.0;19151.0;-1850.0;-8.81
AL;27;02553;Estrela de Alagoas;17287.0;15429.0;-1858.0;-10.75
PR;41;02505;Barbosa Ferraz;12656.0;10795.0;-1861.0;-14.7
BA;29;04100;Boquira;21184.0;19322.0;-1862.0;-8.79
MA;21;02358;Buritirana;14784.0;12918.0;-1866.0;-12.62
AL;27;08303;São José da Laje;22686.0;20813.0;-1873.0;-8.26
BA;29;27804;Santa Cruz da Vitória;6557.0;4681.0;-1876.0;-28.61
AM;13;00805;Borba;34961.0;33080.0;-1881.0;-5.38
MG;31;21803;Dionísio;8739.0;6847.0;-1892.0;-21.65
BA;29;29800;Saúde;12373.0;10478.0;-1895.0;-15.32
AL;27;04203;Limoeiro de Anadia;26636.0;24740.0;-1896.0;-7.12
BA;29;08309;Conceição do Almeida;17698.0;15794.0;-1904.0;-10.76
RS;43;06601;Dom Pedrito;38898.0;36981.0;-1917.0;-4.93
RJ;33;00308;Barra do Piraí;94808.0;92883.0;-1925.0;-2.03
MA;21;02507;Cajari;18338.0;16412.0;-1926.0;-10.5
RS;43;21105;Tapes;16629.0;14695.0;-1934.0;-11.63
CE;23;11900;Saboeiro;15792.0;13854.0;-1938.0;-12.27
AM;13;01100;Careiro;32734.0;30792.0;-1942.0;-5.93
RS;43;18309;São Gabriel;60432.0;58487.0;-1945.0;-3.22
AL;27;06703;Penedo;60596.0;58650.0;-1946.0;-3.21
TO;17;07405;Esperantina;9476.0;7530.0;-1946.0;-20.54
PE;26;01607;Belém do São Francisco;20253.0;18301.0;-1952.0;-9.64
MG;31;10004;Caeté;40750.0;38776.0;-1974.0;-4.84
RS;43;18002;São Borja;61671.0;59676.0;-1995.0;-3.23
AM;13;02801;Maraã;17528.0;15529.0;-1999.0;-11.4
MG;31;52402;Poté;15667.0;13666.0;-2001.0;-12.77
CE;23;02404;Boa Viagem;52421.0;50411.0;-2010.0;-3.83
BA;29;21500;Monte Santo;49793.0;47780.0;-2013.0;-4.04
PR;41;04451;Cantagalo;12952.0;10933.0;-2019.0;-15.59
BA;29;02609;Baixa Grande;20240.0;18220.0;-2020.0;-9.98
MA;21;07803;Parnarama;33281.0;31250.0;-2031.0;-6.1
PE;26;10400;Parnamirim;20646.0;18612.0;-2034.0;-9.85
PA;15;07151;São Domingos do Araguaia;23130.0;21092.0;-2038.0;-8.81
SP;35;29906;Miracatu;20592.0;18553.0;-2039.0;-9.9
CE;23;12502;São João do Jaguaribe;7900.0;5855.0;-2045.0;-25.89
BA;29;31707;Terra Nova;12851.0;10798.0;-2053.0;-15.98
MT;51;00508;Alto Paraguai;10066.0;8009.0;-2057.0;-20.44
PR;41;06803;Cruz Machado;18040.0;15978.0;-2062.0;-11.43
MG;31;70800;Várzea da Palma;35809.0;33744.0;-2065.0;-5.77
BA;29;16005;Itanhém;19884.0;17813.0;-2071.0;-10.42
MT;51;07701;Rosário Oeste;17527.0;15453.0;-2074.0;-11.83
RJ;33;00100;Angra dos Reis;169511.0;167434.0;-2077.0;-1.23
SP;35;13405;Cruzeiro;77039.0;74961.0;-2078.0;-2.7
SE;28;04409;Neópolis;18506.0;16426.0;-2080.0;-11.24
MT;51;05002;Jauru;10448.0;8367.0;-2081.0;-19.92
SP;35;15186;Espírito Santo do Pinhal;41907.0;39816.0;-2091.0;-4.99
SP;35;26100;Juquiá;19246.0;17154.0;-2092.0;-10.87
MG;31;56502;Rubelita;7772.0;5679.0;-2093.0;-26.93
BA;29;21203;Miguel Calmon;26761.0;24661.0;-2100.0;-7.85
TO;17;13205;Miracema do Tocantins;20684.0;18566.0;-2118.0;-10.24
CE;23;00408;Aiuaba;16203.0;14076.0;-2127.0;-13.13
CE;23;02008;Barro;21520.0;19381.0;-2139.0;-9.94
PE;26;11903;Rio Formoso;22151.0;20009.0;-2142.0;-9.67
SP;35;41901;Queluz;11309.0;9159.0;-2150.0;-19.01
MA;21;03604;Coroatá;61725.0;59566.0;-2159.0;-3.5
PR;41;05706;Clevelândia;17240.0;15070.0;-2170.0;-12.59
BA;29;27002;Rio Real;37539.0;35362.0;-2177.0;-5.8
BA;29;25204;Pojuca;34335.0;32136.0;-2199.0;-6.4
BA;29;15502;Itajuípe;20981.0;18781.0;-2200.0;-10.49
MT;51;07305;São José do Rio Claro;17124.0;14911.0;-2213.0;-12.92
PB;25;16409;Tacima;10229.0;8010.0;-2219.0;-21.69
BA;29;24207;Pedro Alexandre;16186.0;13954.0;-2232.0;-13.79
SP;35;39806;Poá;106013.0;103765.0;-2248.0;-2.12
RO;11;01708;Urupá;12974.0;10725.0;-2249.0;-17.33
SP;35;44251;Rosana;19691.0;17440.0;-2251.0;-11.43
AL;27;03759;Jequiá da Praia;11724.0;9470.0;-2254.0;-19.23
BA;29;28604;Santo Amaro;58270.0;56012.0;-2258.0;-3.88
RO;11;00106;Guajará-Mirim;41656.0;39387.0;-2269.0;-5.45
ES;32;04054;Pedro Canário;23794.0;21522.0;-2272.0;-9.55
MA;21;04677;Governador Nunes Freire;25401.0;23128.0;-2273.0;-8.95
RS;43;22202;Tupanciretã;22281.0;20005.0;-2276.0;-10.21
RS;43;09308;Guaíba;95204.0;92924.0;-2280.0;-2.39
PE;26;09105;Machados;13627.0;11333.0;-2294.0;-16.83
PE;26;04809;Cortês;12501.0;10198.0;-2303.0;-18.42
BA;29;22706;Nova Canaã;16036.0;13715.0;-2321.0;-14.47
BA;29;26400;Riacho de Santana;33033.0;30711.0;-2322.0;-7.03
AL;27;01704;Capela;17367.0;15032.0;-2335.0;-13.45
RS;43;14605;Piratini;19841.0;17504.0;-2337.0;-11.78
PE;26;08107;João Alfredo;30069.0;27725.0;-2344.0;-7.8
PB;25;00304;Alagoa Grande;28410.0;26062.0;-2348.0;-8.26
BA;29;05156;Caetanos;13615.0;11266.0;-2349.0;-17.25
MA;21;05427;Itinga do Maranhão;24863.0;22513.0;-2350.0;-9.45
BA;29;02401;Aurelino Leal;13552.0;11179.0;-2373.0;-17.51
RS;43;10603;Itaqui;38159.0;35768.0;-2391.0;-6.27
BA;29;02104;Araci;50689.0;48294.0;-2395.0;-4.72
BA;29;25956;Rafael Jambeiro;22062.0;19662.0;-2400.0;-10.88
PA;15;04307;Maracanã;28376.0;25971.0;-2405.0;-8.48
MG;31;09501;Cabo Verde;13823.0;11410.0;-2413.0;-17.46
AL;27;09202;Traipu;25992.0;23565.0;-2427.0;-9.34
MS;50;06903;Porto Murtinho;15290.0;12859.0;-2431.0;-15.9
SP;35;02507;Aparecida;35007.0;32569.0;-2438.0;-6.96
BA;29;32903;Valença;88100.0;85655.0;-2445.0;-2.78
BA;29;16401;Itapetinga;68343.0;65897.0;-2446.0;-3.58
CE;23;03808;Cedro;24792.0;22344.0;-2448.0;-9.87
MA;21;02077;Bom Lugar;14666.0;12212.0;-2454.0;-16.73
PE;26;08206;Joaquim Nabuco;15732.0;13269.0;-2463.0;-15.66
MG;31;06507;Berilo;12300.0;9826.0;-2474.0;-20.11
PE;26;16506;Xexéu;14093.0;11611.0;-2482.0;-17.61
RO;11;01005;Governador Jorge Teixeira;10512.0;8001.0;-2511.0;-23.89
SP;35;47700;Santo Anastácio;20475.0;17963.0;-2512.0;-12.27
AL;27;08600;São Miguel dos Campos;54502.0;51990.0;-2512.0;-4.61
RS;43;02907;Cacequi;13676.0;11157.0;-2519.0;-18.42
SP;35;51009;São Vicente;332445.0;329911.0;-2534.0;-0.76
RO;11;01609;Theobroma;10649.0;8113.0;-2536.0;-23.81
MA;21;04057;Estreito;35835.0;33294.0;-2541.0;-7.09
RO;11;01401;Monte Negro;14091.0;11548.0;-2543.0;-18.05
TO;17;03008;Babaçulândia;10424.0;7880.0;-2544.0;-24.41
PR;41;01903;Assaí;16354.0;13797.0;-2557.0;-15.64
PR;41;20002;Porecatu;14189.0;11624.0;-2565.0;-18.08
RO;11;00502;Novo Horizonte do Oeste;10240.0;7667.0;-2573.0;-25.13
RS;43;19604;São Sepé;23798.0;21219.0;-2579.0;-10.84
CE;23;12205;Santa Quitéria;42763.0;40183.0;-2580.0;-6.03
RS;43;14407;Pelotas;328275.0;325685.0;-2590.0;-0.79
BA;29;12103;Ibicaraí;24272.0;21665.0;-2607.0;-10.74
PR;41;08502;General Carneiro;13669.0;11062.0;-2607.0;-19.07
MG;31;37007;Ladainha;16994.0;14383.0;-2611.0;-15.36
BA;29;04902;Cachoeira;31865.0;29250.0;-2615.0;-8.21
SP;35;40200;Pontal;40244.0;37607.0;-2637.0;-6.55
RO;11;01302;Mirante da Serra;11878.0;9235.0;-2643.0;-22.25
ES;32;04005;Pancas;21548.0;18893.0;-2655.0;-12.32
MA;21;08405;Peri Mirim;13787.0;11108.0;-2679.0;-19.43
PE;26;14204;Sirinhaém;40296.0;37596.0;-2700.0;-6.7
AL;27;02801;Flexeiras;12325.0;9618.0;-2707.0;-21.96
SP;35;41505;Presidente Venceslau;37910.0;35201.0;-2709.0;-7.15
CE;23;05407;Icó;65357.0;62642.0;-2715.0;-4.15
AL;27;03304;Inhapi;17886.0;15167.0;-2719.0;-15.2
BA;29;11808;Guaratinga;21808.0;19049.0;-2759.0;-12.65
PA;15;00958;Aurora do Pará;26546.0;23774.0;-2772.0;-10.44
MA;21;00873;Araguanã;13973.0;11181.0;-2792.0;-19.98
MG;31;13008;Caraí;22343.0;19548.0;-2795.0;-12.51
BA;29;11501;Gongogi;8360.0;5555.0;-2805.0;-33.55
MA;21;08306;Penalva;35320.0;32511.0;-2809.0;-7.95
MA;21;12308;Tuntum;39111.0;36251.0;-2860.0;-7.31
BA;29;01601;Antas;17072.0;14206.0;-2866.0;-16.79
PE;26;09204;Maraial;12230.0;9359.0;-2871.0;-23.48
MA;21;08900;Poção de Pedras;20034.0;17161.0;-2873.0;-14.34
AL;27;05002;Mata Grande;24719.0;21844.0;-2875.0;-11.63
BA;29;07509;Catu;51028.0;48148.0;-2880.0;-5.64
MG;31;26505;Francisco Badaró;10248.0;7366.0;-2882.0;-28.12
RO;11;00155;Ouro Preto do Oeste;37928.0;35044.0;-2884.0;-7.6
RO;11;00015;Alta Floresta D'Oeste;24392.0;21494.0;-2898.0;-11.88
SE;28;03609;Laranjeiras;26902.0;23975.0;-2927.0;-10.88
RO;11;00064;Colorado do Oeste;18591.0;15663.0;-2928.0;-15.75
MG;31;00609;Água Boa;15521.0;12589.0;-2932.0;-18.89
MA;21;06904;Monção;30685.0;27751.0;-2934.0;-9.56
MA;21;03174;Centro Novo do Maranhão;19203.0;16267.0;-2936.0;-15.29
RS;43;15701;Rio Pardo;37591.0;34654.0;-2937.0;-7.81
RO;11;00254;Presidente Médici;22319.0;19327.0;-2992.0;-13.41
BA;29;10404;Encruzilhada;22108.0;19107.0;-3001.0;-13.57
MT;51;04203;Guiratinga;13970.0;10966.0;-3004.0;-21.5
MG;31;09402;Buritizeiro;26922.0;23910.0;-3012.0;-11.19
AL;27;09301;União dos Palmares;62326.0;59280.0;-3046.0;-4.89
PE;26;10202;Panelas;26037.0;22991.0;-3046.0;-11.7
BA;29;04803;Caatiba;9252.0;6205.0;-3047.0;-32.93
MA;21;00204;Alcântara;21521.0;18467.0;-3054.0;-14.19
RS;43;16402;Rosário do Sul;39700.0;36630.0;-3070.0;-7.73
BA;29;14000;Ipirá;59970.0;56876.0;-3094.0;-5.16
AL;27;09152;Teotônio Vilela;41152.0;38053.0;-3099.0;-7.53
BA;29;32200;Ubaitaba;20711.0;17596.0;-3115.0;-15.04
SP;35;18701;Guarujá;290752.0;287634.0;-3118.0;-1.07
BA;29;29008;São Félix;14230.0;11026.0;-3204.0;-22.52
MA;21;11722;Satubinha;11990.0;8784.0;-3206.0;-26.74
BA;29;17102;Itororó;19914.0;16617.0;-3297.0;-16.56
PE;26;12406;Sanharó;21955.0;18624.0;-3331.0;-15.17
AL;27;00201;Anadia;17318.0;13966.0;-3352.0;-19.36
MA;21;11029;São João do Carú;15668.0;12251.0;-3417.0;-21.81
BA;29;32457;Umburanas;17089.0;13642.0;-3447.0;-20.17
MA;21;00907;Araioses;42505.0;39052.0;-3453.0;-8.12
BA;29;30709;Simões Filho;118047.0;114559.0;-3488.0;-2.95
MG;31;15300;Cataguases;69757.0;66261.0;-3496.0;-5.01
SP;35;23206;Itararé;47934.0;44438.0;-3496.0;-7.29
BA;29;05800;Camamu;33972.0;30469.0;-3503.0;-10.31
BA;29;04704;Buerarema;18377.0;14804.0;-3573.0;-19.44
RS;43;04507;Canguçu;53259.0;49680.0;-3579.0;-6.72
CE;23;03006;Caridade;19956.0;16377.0;-3579.0;-17.93
PE;26;12109;Salgadinho;9312.0;5727.0;-3585.0;-38.5
PA;15;02954;Eldorado do Carajás;31786.0;28192.0;-3594.0;-11.31
PE;26;05202;Escada;63489.0;59891.0;-3598.0;-5.67
BA;29;24702;Piripá;12757.0;9152.0;-3605.0;-28.26
BA;29;08002;Coaraci;20964.0;17333.0;-3631.0;-17.32
MG;31;01508;Além Paraíba;34349.0;30717.0;-3632.0;-10.57
AM;13;03106;Nova Olinda do Norte;30696.0;27062.0;-3634.0;-11.84
PE;26;00906;Amaraji;21890.0;18205.0;-3685.0;-16.83
BA;29;19801;Macaúbas;45569.0;41859.0;-3710.0;-8.14
RJ;33;06107;Valença;71822.0;68088.0;-3734.0;-5.2
RO;11;00346;Alvorada D'Oeste;16853.0;13117.0;-3736.0;-22.17
MG;31;45307;Novo Cruzeiro;30725.0;26975.0;-3750.0;-12.21
RS;43;03004;Cachoeira do Sul;83827.0;80070.0;-3757.0;-4.48
ES;32;01209;Cachoeiro de Itapemirim;189546.0;185786.0;-3760.0;-1.98
MA;21;03307;Codó;118038.0;114275.0;-3763.0;-3.19
BA;29;13903;Ipiaú;44485.0;40706.0;-3779.0;-8.49
MA;21;06300;Magalhães de Almeida;17587.0;13807.0;-3780.0;-21.49
BA;29;13606;Ilhéus;182438.0;178649.0;-3789.0;-2.08
PE;26;13008;São Bento do Una;53242.0;49449.0;-3793.0;-7.12
RO;11;00700;Campo Novo de Rondônia;12665.0;8844.0;-3821.0;-30.17
MG;31;60702;Santos Dumont;46284.0;42406.0;-3878.0;-8.38
RO;11;01203;Ministro Andreazza;10352.0;6466.0;-3886.0;-37.54
BA;29;15601;Itamaraju;63513.0;59605.0;-3908.0;-6.15
RS;43;06106;Cruz Alta;62821.0;58913.0;-3908.0;-6.22
MT;51;03379;Cotriguaçu;14983.0;11011.0;-3972.0;-26.51
AM;13;03601;Santa Isabel do Rio Negro;18146.0;14164.0;-3982.0;-21.94
GO;52;13087;Minaçu;31150.0;27075.0;-4075.0;-13.08
AL;27;01308;Cajueiro;20106.0;16024.0;-4082.0;-20.3
RO;11;00148;Nova Brasilândia D'Oeste;19874.0;15679.0;-4195.0;-21.11
AL;27;02108;Colônia Leopoldina;20019.0;15816.0;-4203.0;-21.0
AM;13;01159;Careiro da Várzea;23930.0;19637.0;-4293.0;-17.94
BA;29;23100;Olindina;26942.0;22633.0;-4309.0;-15.99
PA;15;06195;Rurópolis;40087.0;35769.0;-4318.0;-10.77
PE;26;16308;Vicência;30732.0;26359.0;-4373.0;-14.23
RO;11;00452;Buritis;32383.0;27992.0;-4391.0;-13.56
BA;29;13507;Iguaí;25928.0;21491.0;-4437.0;-17.11
BA;29;23050;Novo Triunfo;15105.0;10660.0;-4445.0;-29.43
RS;43;07708;Esteio;80755.0;76137.0;-4618.0;-5.72
CE;23;08500;Mombaça;42375.0;37735.0;-4640.0;-10.95
BA;29;24801;Piritiba;22237.0;17566.0;-4671.0;-21.01
AL;27;01001;Boca da Mata;25916.0;21187.0;-4729.0;-18.25
BA;29;17300;Ituberá;26691.0;21902.0;-4789.0;-17.94
MA;21;07357;Nova Olinda do Maranhão;19134.0;14314.0;-4820.0;-25.19
AP;16;00279;Laranjal do Jari;39942.0;35114.0;-4828.0;-12.09
MG;31;16100;Chapada do Norte;15189.0;10337.0;-4852.0;-31.94
PE;26;10004;Palmares;59526.0;54584.0;-4942.0;-8.3
BA;29;17607;Jaguaquara;50907.0;45964.0;-4943.0;-9.71
BA;29;32507;Una;23089.0;18131.0;-4958.0;-21.47
MA;21;03406;Coelho Neto;46750.0;41658.0;-5092.0;-10.89
RS;43;00406;Alegrete;77653.0;72409.0;-5244.0;-6.75
PA;15;05650;Placas;23934.0;18668.0;-5266.0;-22.0
RS;43;15602;Rio Grande;197228.0;191900.0;-5328.0;-2.7
MA;21;00477;Alto Alegre do Pindaré;31052.0;25710.0;-5342.0;-17.2
AM;13;01209;Coari;75965.0;70616.0;-5349.0;-7.04
PA;15;08126;Ulianópolis;43341.0;37972.0;-5369.0;-12.39
AL;27;03809;Joaquim Gomes;22575.0;17150.0;-5425.0;-24.03
AM;13;03403;Parintins;102033.0;96372.0;-5661.0;-5.55
PE;26;04205;Catende;37820.0;32156.0;-5664.0;-14.98
AM;13;02553;Manaquiri;22801.0;17107.0;-5694.0;-24.97
MG;31;44300;Nanuque;40834.0;35038.0;-5796.0;-14.19
RJ;33;03302;Niterói;487562.0;481749.0;-5813.0;-1.19
PA;15;08100;Tucuruí;97128.0;91306.0;-5822.0;-5.99
RJ;33;03609;Paracambi;47281.0;41375.0;-5906.0;-12.49
MA;21;02002;Bom Jardim;39049.0;33100.0;-5949.0;-15.23
MA;21;00956;Arame;31471.0;25517.0;-5954.0;-18.92
MA;21;12704;Vargem Grande;49412.0;43261.0;-6151.0;-12.45
SP;35;13504;Cubatão;118720.0;112476.0;-6244.0;-5.26
PE;26;11507;Quipapá;24186.0;17928.0;-6258.0;-25.87
CE;23;00309;Acopiara;51271.0;44962.0;-6309.0;-12.31
MG;31;41801;Minas Novas;30794.0;24405.0;-6389.0;-20.75
MG;31;27701;Governador Valadares;263689.0;257171.0;-6518.0;-2.47
PE;26;00401;Água Preta;33095.0;26461.0;-6634.0;-20.05
PA;15;01782;Breu Branco;52493.0;45712.0;-6781.0;-12.92
BA;29;20601;Maragogipe;42661.0;35859.0;-6802.0;-15.94
PA;15;07953;Tailândia;79297.0;72493.0;-6804.0;-8.58
AL;27;00409;Atalaia;44326.0;37512.0;-6814.0;-15.37
PA;15;01956;Cachoeira do Piriá;26484.0;19630.0;-6854.0;-25.88
AM;13;00409;Barcelos;25718.0;18834.0;-6884.0;-26.77
PA;15;00347;Água Azul do Norte;25057.0;18080.0;-6977.0;-27.84
RJ;33;00407;Barra Mansa;176947.0;169894.0;-7053.0;-3.99
BA;29;22102;Mundo Novo;24368.0;17305.0;-7063.0;-28.98
GO;52;14606;Niquelândia;42361.0;34964.0;-7397.0;-17.46
MS;50;03207;Corumbá;103675.0;96268.0;-7407.0;-7.14
PA;15;03093;Goianésia do Pará;33864.0;26362.0;-7502.0;-22.15
PE;26;15300;Timbaúba;53825.0;46147.0;-7678.0;-14.26
MA;21;14007;Zé Doca;48490.0;40801.0;-7689.0;-15.86
BA;29;32309;Ubatã;24272.0;16094.0;-8178.0;-33.69
RS;43;22400;Uruguaiana;125435.0;117210.0;-8225.0;-6.56
RS;43;00604;Alvorada;195673.0;187315.0;-8358.0;-4.27
CE;23;03600;Catarina;18705.0;10243.0;-8462.0;-45.24
BA;29;05602;Camacan;31173.0;22579.0;-8594.0;-27.57
CE;23;07700;Maranguape;114005.0;105093.0;-8912.0;-7.82
BA;29;06501;Candeias;81634.0;72382.0;-9252.0;-11.33
PB;25;01807;Bayeux;92350.0;82742.0;-9608.0;-10.4
PE;26;05905;Gameleira;27912.0;18214.0;-9698.0;-34.74
MA;21;02325;Buriticupu;65237.0;55499.0;-9738.0;-14.93
RJ;33;03203;Nilópolis;157425.0;146774.0;-10651.0;-6.77
PE;26;11804;Ribeirão;44497.0;33507.0;-10990.0;-24.7
RS;43;13409;Novo Hamburgo;238940.0;227646.0;-11294.0;-4.73
MA;21;10005;Santa Luzia;69184.0;57635.0;-11549.0;-16.69
MG;31;31307;Ipatinga;239468.0;227731.0;-11737.0;-4.9
PA;15;03804;Jacundá;51360.0;37707.0;-13653.0;-26.58
RS;43;23002;Viamão;239384.0;224112.0;-15272.0;-6.38
RJ;33;03906;Petrópolis;295774.0;278881.0;-16893.0;-5.71
PA;15;03457;Ipixuna do Pará;47881.0;30329.0;-17552.0;-36.66
RJ;33;05109;São João de Meriti;458673.0;440962.0;-17711.0;-3.86
BA;29;14802;Itabuna;204478.0;186708.0;-17770.0;-8.69
AL;27;01407;Campo Alegre;51121.0;32106.0;-19015.0;-37.2
PA;15;06708;Santana do Araguaia;56153.0;32413.0;-23740.0;-42.28
PA;15;07300;São Félix do Xingu;91340.0;65418.0;-25922.0;-28.38
PE;26;09600;Olinda;377779.0;349976.0;-27803.0;-7.36
CE;23;04400;Fortaleza;2459712.0;2428708.0;-31004.0;-1.26
RJ;33;01702;Duque de Caxias;855088.0;808161.0;-46927.0;-5.49
PE;26;11606;Recife;1537704.0;1488920.0;-48784.0;-3.17
RN;24;08102;Natal;803739.0;751300.0;-52439.0;-6.52
MG;31;06200;Belo Horizonte;2375609.0;2315560.0;-60049.0;-2.53
RS;43;14902;Porto Alegre;1409351.0;1332845.0;-76506.0;-5.43
PA;15;01402;Belém;1393399.0;1303403.0;-89996.0;-6.46
RJ;33;04904;São Gonçalo;999728.0;896744.0;-102984.0;-10.3
RJ;33;04557;Rio de Janeiro;6320446.0;6211223.0;-109223.0;-1.73
BA;29;27408;Salvador;2675656.0;2417678.0;-257978.0;-9.64
;;;;;;;
Nota: Para o cálculo das taxas de crescimento geométrico da população do período 2010/2022, assim como para o cálculo da sua variação absoluta, foram utilizadas as populações municipais (ou estaduais) residentes em 2010, reconstituídas de acordo com a base territorial de 2022. Essa compatibilização se faz necessária para os casos em que houve alteração de limite territorial entre municípios (ou estados) após 2010, para que a taxa de crescimento populacional seja calculada sem o efeito da alteração territorial.;;;;;;;
;;;;;;;
Fonte: IBGE. Diretoria de Pesquisas - DPE -  Coordenação Técnica do Censo Demográfico - CTD;;;;;;;
